SET FOREIGN_KEY_CHECKS=0;

INSERT INTO services_city (id, name) VALUES ('01', 'Thành phố Hà Nội');
INSERT INTO services_district (id, name, city_id) VALUES ('001', 'Quận Ba Đình', '01');
INSERT INTO services_ward (id, name, district_id) VALUES ('00001', 'Phường Phúc Xá', '001');
INSERT INTO services_ward (id, name, district_id) VALUES ('00004', 'Phường Trúc Bạch', '001');
INSERT INTO services_ward (id, name, district_id) VALUES ('00006', 'Phường Vĩnh Phúc', '001');
INSERT INTO services_ward (id, name, district_id) VALUES ('00007', 'Phường Cống Vị', '001');
INSERT INTO services_ward (id, name, district_id) VALUES ('00008', 'Phường Liễu Giai', '001');
INSERT INTO services_ward (id, name, district_id) VALUES ('00013', 'Phường Quán Thánh', '001');
INSERT INTO services_ward (id, name, district_id) VALUES ('00016', 'Phường Ngọc Hà', '001');
INSERT INTO services_ward (id, name, district_id) VALUES ('00019', 'Phường Điện Biên', '001');
INSERT INTO services_ward (id, name, district_id) VALUES ('00022', 'Phường Đội Cấn', '001');
INSERT INTO services_ward (id, name, district_id) VALUES ('00025', 'Phường Ngọc Khánh', '001');
INSERT INTO services_ward (id, name, district_id) VALUES ('00028', 'Phường Kim Mã', '001');
INSERT INTO services_ward (id, name, district_id) VALUES ('00031', 'Phường Giảng Võ', '001');
INSERT INTO services_ward (id, name, district_id) VALUES ('00034', 'Phường Thành Công', '001');
INSERT INTO services_district (id, name, city_id) VALUES ('002', 'Quận Hoàn Kiếm', '01');
INSERT INTO services_ward (id, name, district_id) VALUES ('00037', 'Phường Phúc Tân', '002');
INSERT INTO services_ward (id, name, district_id) VALUES ('00040', 'Phường Đồng Xuân', '002');
INSERT INTO services_ward (id, name, district_id) VALUES ('00043', 'Phường Hàng Mã', '002');
INSERT INTO services_ward (id, name, district_id) VALUES ('00046', 'Phường Hàng Buồm', '002');
INSERT INTO services_ward (id, name, district_id) VALUES ('00049', 'Phường Hàng Đào', '002');
INSERT INTO services_ward (id, name, district_id) VALUES ('00052', 'Phường Hàng Bồ', '002');
INSERT INTO services_ward (id, name, district_id) VALUES ('00055', 'Phường Cửa Đông', '002');
INSERT INTO services_ward (id, name, district_id) VALUES ('00058', 'Phường Lý Thái Tổ', '002');
INSERT INTO services_ward (id, name, district_id) VALUES ('00061', 'Phường Hàng Bạc', '002');
INSERT INTO services_ward (id, name, district_id) VALUES ('00064', 'Phường Hàng Gai', '002');
INSERT INTO services_ward (id, name, district_id) VALUES ('00067', 'Phường Chương Dương', '002');
INSERT INTO services_ward (id, name, district_id) VALUES ('00070', 'Phường Hàng Trống', '002');
INSERT INTO services_ward (id, name, district_id) VALUES ('00073', 'Phường Cửa Nam', '002');
INSERT INTO services_ward (id, name, district_id) VALUES ('00076', 'Phường Hàng Bông', '002');
INSERT INTO services_ward (id, name, district_id) VALUES ('00079', 'Phường Tràng Tiền', '002');
INSERT INTO services_ward (id, name, district_id) VALUES ('00082', 'Phường Trần Hưng Đạo', '002');
INSERT INTO services_ward (id, name, district_id) VALUES ('00085', 'Phường Phan Chu Trinh', '002');
INSERT INTO services_ward (id, name, district_id) VALUES ('00088', 'Phường Hàng Bài', '002');
INSERT INTO services_district (id, name, city_id) VALUES ('003', 'Quận Tây Hồ', '01');
INSERT INTO services_ward (id, name, district_id) VALUES ('00091', 'Phường Phú Thượng', '003');
INSERT INTO services_ward (id, name, district_id) VALUES ('00094', 'Phường Nhật Tân', '003');
INSERT INTO services_ward (id, name, district_id) VALUES ('00097', 'Phường Tứ Liên', '003');
INSERT INTO services_ward (id, name, district_id) VALUES ('00100', 'Phường Quảng An', '003');
INSERT INTO services_ward (id, name, district_id) VALUES ('00103', 'Phường Xuân La', '003');
INSERT INTO services_ward (id, name, district_id) VALUES ('00106', 'Phường Yên Phụ', '003');
INSERT INTO services_ward (id, name, district_id) VALUES ('00109', 'Phường Bưởi', '003');
INSERT INTO services_ward (id, name, district_id) VALUES ('00112', 'Phường Thụy Khuê', '003');
INSERT INTO services_district (id, name, city_id) VALUES ('004', 'Quận Long Biên', '01');
INSERT INTO services_ward (id, name, district_id) VALUES ('00115', 'Phường Thượng Thanh', '004');
INSERT INTO services_ward (id, name, district_id) VALUES ('00118', 'Phường Ngọc Thụy', '004');
INSERT INTO services_ward (id, name, district_id) VALUES ('00121', 'Phường Giang Biên', '004');
INSERT INTO services_ward (id, name, district_id) VALUES ('00124', 'Phường Đức Giang', '004');
INSERT INTO services_ward (id, name, district_id) VALUES ('00127', 'Phường Việt Hưng', '004');
INSERT INTO services_ward (id, name, district_id) VALUES ('00130', 'Phường Gia Thụy', '004');
INSERT INTO services_ward (id, name, district_id) VALUES ('00133', 'Phường Ngọc Lâm', '004');
INSERT INTO services_ward (id, name, district_id) VALUES ('00136', 'Phường Phúc Lợi', '004');
INSERT INTO services_ward (id, name, district_id) VALUES ('00139', 'Phường Bồ Đề', '004');
INSERT INTO services_ward (id, name, district_id) VALUES ('00145', 'Phường Long Biên', '004');
INSERT INTO services_ward (id, name, district_id) VALUES ('00148', 'Phường Thạch Bàn', '004');
INSERT INTO services_ward (id, name, district_id) VALUES ('00151', 'Phường Phúc Đồng', '004');
INSERT INTO services_ward (id, name, district_id) VALUES ('00154', 'Phường Cự Khối', '004');
INSERT INTO services_district (id, name, city_id) VALUES ('005', 'Quận Cầu Giấy', '01');
INSERT INTO services_ward (id, name, district_id) VALUES ('00157', 'Phường Nghĩa Đô', '005');
INSERT INTO services_ward (id, name, district_id) VALUES ('00160', 'Phường Nghĩa Tân', '005');
INSERT INTO services_ward (id, name, district_id) VALUES ('00163', 'Phường Mai Dịch', '005');
INSERT INTO services_ward (id, name, district_id) VALUES ('00166', 'Phường Dịch Vọng', '005');
INSERT INTO services_ward (id, name, district_id) VALUES ('00167', 'Phường Dịch Vọng Hậu', '005');
INSERT INTO services_ward (id, name, district_id) VALUES ('00169', 'Phường Quan Hoa', '005');
INSERT INTO services_ward (id, name, district_id) VALUES ('00172', 'Phường Yên Hoà', '005');
INSERT INTO services_ward (id, name, district_id) VALUES ('00175', 'Phường Trung Hoà', '005');
INSERT INTO services_district (id, name, city_id) VALUES ('006', 'Quận Đống Đa', '01');
INSERT INTO services_ward (id, name, district_id) VALUES ('00178', 'Phường Cát Linh', '006');
INSERT INTO services_ward (id, name, district_id) VALUES ('00181', 'Phường Văn Miếu - Quốc Tử Giám', '006');
INSERT INTO services_ward (id, name, district_id) VALUES ('00187', 'Phường Láng Thượng', '006');
INSERT INTO services_ward (id, name, district_id) VALUES ('00190', 'Phường Ô Chợ Dừa', '006');
INSERT INTO services_ward (id, name, district_id) VALUES ('00193', 'Phường Văn Chương', '006');
INSERT INTO services_ward (id, name, district_id) VALUES ('00196', 'Phường Hàng Bột', '006');
INSERT INTO services_ward (id, name, district_id) VALUES ('00199', 'Phường Láng Hạ', '006');
INSERT INTO services_ward (id, name, district_id) VALUES ('00202', 'Phường Khâm Thiên', '006');
INSERT INTO services_ward (id, name, district_id) VALUES ('00205', 'Phường Thổ Quan', '006');
INSERT INTO services_ward (id, name, district_id) VALUES ('00208', 'Phường Nam Đồng', '006');
INSERT INTO services_ward (id, name, district_id) VALUES ('00214', 'Phường Quang Trung', '006');
INSERT INTO services_ward (id, name, district_id) VALUES ('00217', 'Phường Trung Liệt', '006');
INSERT INTO services_ward (id, name, district_id) VALUES ('00226', 'Phường Phương Liên - Trung Tự', '006');
INSERT INTO services_ward (id, name, district_id) VALUES ('00229', 'Phường Kim Liên', '006');
INSERT INTO services_ward (id, name, district_id) VALUES ('00232', 'Phường Phương Mai', '006');
INSERT INTO services_ward (id, name, district_id) VALUES ('00235', 'Phường Thịnh Quang', '006');
INSERT INTO services_ward (id, name, district_id) VALUES ('00238', 'Phường Khương Thượng', '006');
INSERT INTO services_district (id, name, city_id) VALUES ('007', 'Quận Hai Bà Trưng', '01');
INSERT INTO services_ward (id, name, district_id) VALUES ('00241', 'Phường Nguyễn Du', '007');
INSERT INTO services_ward (id, name, district_id) VALUES ('00244', 'Phường Bạch Đằng', '007');
INSERT INTO services_ward (id, name, district_id) VALUES ('00247', 'Phường Phạm Đình Hổ', '007');
INSERT INTO services_ward (id, name, district_id) VALUES ('00256', 'Phường Lê Đại Hành', '007');
INSERT INTO services_ward (id, name, district_id) VALUES ('00259', 'Phường Đồng Nhân', '007');
INSERT INTO services_ward (id, name, district_id) VALUES ('00262', 'Phường Phố Huế', '007');
INSERT INTO services_ward (id, name, district_id) VALUES ('00268', 'Phường Thanh Lương', '007');
INSERT INTO services_ward (id, name, district_id) VALUES ('00271', 'Phường Thanh Nhàn', '007');
INSERT INTO services_ward (id, name, district_id) VALUES ('00277', 'Phường Bách Khoa', '007');
INSERT INTO services_ward (id, name, district_id) VALUES ('00280', 'Phường Đồng Tâm', '007');
INSERT INTO services_ward (id, name, district_id) VALUES ('00283', 'Phường Vĩnh Tuy', '007');
INSERT INTO services_ward (id, name, district_id) VALUES ('00289', 'Phường Quỳnh Mai', '007');
INSERT INTO services_ward (id, name, district_id) VALUES ('00292', 'Phường Bạch Mai', '007');
INSERT INTO services_ward (id, name, district_id) VALUES ('00295', 'Phường Minh Khai', '007');
INSERT INTO services_ward (id, name, district_id) VALUES ('00298', 'Phường Trương Định', '007');
INSERT INTO services_district (id, name, city_id) VALUES ('008', 'Quận Hoàng Mai', '01');
INSERT INTO services_ward (id, name, district_id) VALUES ('00301', 'Phường Thanh Trì', '008');
INSERT INTO services_ward (id, name, district_id) VALUES ('00304', 'Phường Vĩnh Hưng', '008');
INSERT INTO services_ward (id, name, district_id) VALUES ('00307', 'Phường Định Công', '008');
INSERT INTO services_ward (id, name, district_id) VALUES ('00310', 'Phường Mai Động', '008');
INSERT INTO services_ward (id, name, district_id) VALUES ('00313', 'Phường Tương Mai', '008');
INSERT INTO services_ward (id, name, district_id) VALUES ('00316', 'Phường Đại Kim', '008');
INSERT INTO services_ward (id, name, district_id) VALUES ('00319', 'Phường Tân Mai', '008');
INSERT INTO services_ward (id, name, district_id) VALUES ('00322', 'Phường Hoàng Văn Thụ', '008');
INSERT INTO services_ward (id, name, district_id) VALUES ('00325', 'Phường Giáp Bát', '008');
INSERT INTO services_ward (id, name, district_id) VALUES ('00328', 'Phường Lĩnh Nam', '008');
INSERT INTO services_ward (id, name, district_id) VALUES ('00331', 'Phường Thịnh Liệt', '008');
INSERT INTO services_ward (id, name, district_id) VALUES ('00334', 'Phường Trần Phú', '008');
INSERT INTO services_ward (id, name, district_id) VALUES ('00337', 'Phường Hoàng Liệt', '008');
INSERT INTO services_ward (id, name, district_id) VALUES ('00340', 'Phường Yên Sở', '008');
INSERT INTO services_district (id, name, city_id) VALUES ('009', 'Quận Thanh Xuân', '01');
INSERT INTO services_ward (id, name, district_id) VALUES ('00343', 'Phường Nhân Chính', '009');
INSERT INTO services_ward (id, name, district_id) VALUES ('00346', 'Phường Thượng Đình', '009');
INSERT INTO services_ward (id, name, district_id) VALUES ('00349', 'Phường Khương Trung', '009');
INSERT INTO services_ward (id, name, district_id) VALUES ('00352', 'Phường Khương Mai', '009');
INSERT INTO services_ward (id, name, district_id) VALUES ('00355', 'Phường Thanh Xuân Trung', '009');
INSERT INTO services_ward (id, name, district_id) VALUES ('00358', 'Phường Phương Liệt', '009');
INSERT INTO services_ward (id, name, district_id) VALUES ('00364', 'Phường Khương Đình', '009');
INSERT INTO services_ward (id, name, district_id) VALUES ('00367', 'Phường Thanh Xuân Bắc', '009');
INSERT INTO services_ward (id, name, district_id) VALUES ('00373', 'Phường Hạ Đình', '009');
INSERT INTO services_district (id, name, city_id) VALUES ('016', 'Huyện Sóc Sơn', '01');
INSERT INTO services_ward (id, name, district_id) VALUES ('00376', 'Thị trấn Sóc Sơn', '016');
INSERT INTO services_ward (id, name, district_id) VALUES ('00379', 'Xã Bắc Sơn', '016');
INSERT INTO services_ward (id, name, district_id) VALUES ('00382', 'Xã Minh Trí', '016');
INSERT INTO services_ward (id, name, district_id) VALUES ('00385', 'Xã Hồng Kỳ', '016');
INSERT INTO services_ward (id, name, district_id) VALUES ('00388', 'Xã Nam Sơn', '016');
INSERT INTO services_ward (id, name, district_id) VALUES ('00391', 'Xã Trung Giã', '016');
INSERT INTO services_ward (id, name, district_id) VALUES ('00394', 'Xã Tân Hưng', '016');
INSERT INTO services_ward (id, name, district_id) VALUES ('00397', 'Xã Minh Phú', '016');
INSERT INTO services_ward (id, name, district_id) VALUES ('00400', 'Xã Phù Linh', '016');
INSERT INTO services_ward (id, name, district_id) VALUES ('00403', 'Xã Bắc Phú', '016');
INSERT INTO services_ward (id, name, district_id) VALUES ('00406', 'Xã Tân Minh', '016');
INSERT INTO services_ward (id, name, district_id) VALUES ('00409', 'Xã Quang Tiến', '016');
INSERT INTO services_ward (id, name, district_id) VALUES ('00412', 'Xã Hiền Ninh', '016');
INSERT INTO services_ward (id, name, district_id) VALUES ('00415', 'Xã Tân Dân', '016');
INSERT INTO services_ward (id, name, district_id) VALUES ('00418', 'Xã Tiên Dược', '016');
INSERT INTO services_ward (id, name, district_id) VALUES ('00421', 'Xã Việt Long', '016');
INSERT INTO services_ward (id, name, district_id) VALUES ('00424', 'Xã Xuân Giang', '016');
INSERT INTO services_ward (id, name, district_id) VALUES ('00427', 'Xã Mai Đình', '016');
INSERT INTO services_ward (id, name, district_id) VALUES ('00430', 'Xã Đức Hoà', '016');
INSERT INTO services_ward (id, name, district_id) VALUES ('00433', 'Xã Thanh Xuân', '016');
INSERT INTO services_ward (id, name, district_id) VALUES ('00436', 'Xã Đông Xuân', '016');
INSERT INTO services_ward (id, name, district_id) VALUES ('00439', 'Xã Kim Lũ', '016');
INSERT INTO services_ward (id, name, district_id) VALUES ('00442', 'Xã Phú Cường', '016');
INSERT INTO services_ward (id, name, district_id) VALUES ('00445', 'Xã Phú Minh', '016');
INSERT INTO services_ward (id, name, district_id) VALUES ('00448', 'Xã Phù Lỗ', '016');
INSERT INTO services_ward (id, name, district_id) VALUES ('00451', 'Xã Xuân Thu', '016');
INSERT INTO services_district (id, name, city_id) VALUES ('017', 'Huyện Đông Anh', '01');
INSERT INTO services_ward (id, name, district_id) VALUES ('00454', 'Thị trấn Đông Anh', '017');
INSERT INTO services_ward (id, name, district_id) VALUES ('00457', 'Xã Xuân Nộn', '017');
INSERT INTO services_ward (id, name, district_id) VALUES ('00460', 'Xã Thuỵ Lâm', '017');
INSERT INTO services_ward (id, name, district_id) VALUES ('00463', 'Xã Bắc Hồng', '017');
INSERT INTO services_ward (id, name, district_id) VALUES ('00466', 'Xã Nguyên Khê', '017');
INSERT INTO services_ward (id, name, district_id) VALUES ('00469', 'Xã Nam Hồng', '017');
INSERT INTO services_ward (id, name, district_id) VALUES ('00472', 'Xã Tiên Dương', '017');
INSERT INTO services_ward (id, name, district_id) VALUES ('00475', 'Xã Vân Hà', '017');
INSERT INTO services_ward (id, name, district_id) VALUES ('00478', 'Xã Uy Nỗ', '017');
INSERT INTO services_ward (id, name, district_id) VALUES ('00481', 'Xã Vân Nội', '017');
INSERT INTO services_ward (id, name, district_id) VALUES ('00484', 'Xã Liên Hà', '017');
INSERT INTO services_ward (id, name, district_id) VALUES ('00487', 'Xã Việt Hùng', '017');
INSERT INTO services_ward (id, name, district_id) VALUES ('00490', 'Xã Kim Nỗ', '017');
INSERT INTO services_ward (id, name, district_id) VALUES ('00493', 'Xã Kim Chung', '017');
INSERT INTO services_ward (id, name, district_id) VALUES ('00496', 'Xã Dục Tú', '017');
INSERT INTO services_ward (id, name, district_id) VALUES ('00499', 'Xã Đại Mạch', '017');
INSERT INTO services_ward (id, name, district_id) VALUES ('00502', 'Xã Vĩnh Ngọc', '017');
INSERT INTO services_ward (id, name, district_id) VALUES ('00505', 'Xã Cổ Loa', '017');
INSERT INTO services_ward (id, name, district_id) VALUES ('00508', 'Xã Hải Bối', '017');
INSERT INTO services_ward (id, name, district_id) VALUES ('00511', 'Xã Xuân Canh', '017');
INSERT INTO services_ward (id, name, district_id) VALUES ('00514', 'Xã Võng La', '017');
INSERT INTO services_ward (id, name, district_id) VALUES ('00517', 'Xã Tàm Xá', '017');
INSERT INTO services_ward (id, name, district_id) VALUES ('00520', 'Xã Mai Lâm', '017');
INSERT INTO services_ward (id, name, district_id) VALUES ('00523', 'Xã Đông Hội', '017');
INSERT INTO services_district (id, name, city_id) VALUES ('018', 'Huyện Gia Lâm', '01');
INSERT INTO services_ward (id, name, district_id) VALUES ('00526', 'Thị trấn Yên Viên', '018');
INSERT INTO services_ward (id, name, district_id) VALUES ('00529', 'Xã Yên Thường', '018');
INSERT INTO services_ward (id, name, district_id) VALUES ('00532', 'Xã Yên Viên', '018');
INSERT INTO services_ward (id, name, district_id) VALUES ('00535', 'Xã Ninh Hiệp', '018');
INSERT INTO services_ward (id, name, district_id) VALUES ('00541', 'Xã Thiên Đức', '018');
INSERT INTO services_ward (id, name, district_id) VALUES ('00544', 'Xã Phù Đổng', '018');
INSERT INTO services_ward (id, name, district_id) VALUES ('00550', 'Xã Lệ Chi', '018');
INSERT INTO services_ward (id, name, district_id) VALUES ('00553', 'Xã Cổ Bi', '018');
INSERT INTO services_ward (id, name, district_id) VALUES ('00556', 'Xã Đặng Xá', '018');
INSERT INTO services_ward (id, name, district_id) VALUES ('00562', 'Xã Phú Sơn', '018');
INSERT INTO services_ward (id, name, district_id) VALUES ('00565', 'Thị trấn Trâu Quỳ', '018');
INSERT INTO services_ward (id, name, district_id) VALUES ('00568', 'Xã Dương Quang', '018');
INSERT INTO services_ward (id, name, district_id) VALUES ('00571', 'Xã Dương Xá', '018');
INSERT INTO services_ward (id, name, district_id) VALUES ('00577', 'Xã Đa Tốn', '018');
INSERT INTO services_ward (id, name, district_id) VALUES ('00580', 'Xã Kiêu Kỵ', '018');
INSERT INTO services_ward (id, name, district_id) VALUES ('00583', 'Xã Bát Tràng', '018');
INSERT INTO services_ward (id, name, district_id) VALUES ('00589', 'Xã Kim Đức', '018');
INSERT INTO services_district (id, name, city_id) VALUES ('019', 'Quận Nam Từ Liêm', '01');
INSERT INTO services_ward (id, name, district_id) VALUES ('00592', 'Phường Cầu Diễn', '019');
INSERT INTO services_ward (id, name, district_id) VALUES ('00622', 'Phường Xuân Phương', '019');
INSERT INTO services_ward (id, name, district_id) VALUES ('00623', 'Phường Phương Canh', '019');
INSERT INTO services_ward (id, name, district_id) VALUES ('00625', 'Phường Mỹ Đình 1', '019');
INSERT INTO services_ward (id, name, district_id) VALUES ('00626', 'Phường Mỹ Đình 2', '019');
INSERT INTO services_ward (id, name, district_id) VALUES ('00628', 'Phường Tây Mỗ', '019');
INSERT INTO services_ward (id, name, district_id) VALUES ('00631', 'Phường Mễ Trì', '019');
INSERT INTO services_ward (id, name, district_id) VALUES ('00632', 'Phường Phú Đô', '019');
INSERT INTO services_ward (id, name, district_id) VALUES ('00634', 'Phường Đại Mỗ', '019');
INSERT INTO services_ward (id, name, district_id) VALUES ('00637', 'Phường Trung Văn', '019');
INSERT INTO services_district (id, name, city_id) VALUES ('020', 'Huyện Thanh Trì', '01');
INSERT INTO services_ward (id, name, district_id) VALUES ('00640', 'Thị trấn Văn Điển', '020');
INSERT INTO services_ward (id, name, district_id) VALUES ('00643', 'Xã Tân Triều', '020');
INSERT INTO services_ward (id, name, district_id) VALUES ('00646', 'Xã Thanh Liệt', '020');
INSERT INTO services_ward (id, name, district_id) VALUES ('00649', 'Xã Tả Thanh Oai', '020');
INSERT INTO services_ward (id, name, district_id) VALUES ('00652', 'Xã Hữu Hoà', '020');
INSERT INTO services_ward (id, name, district_id) VALUES ('00655', 'Xã Tam Hiệp', '020');
INSERT INTO services_ward (id, name, district_id) VALUES ('00658', 'Xã Tứ Hiệp', '020');
INSERT INTO services_ward (id, name, district_id) VALUES ('00661', 'Xã Yên Mỹ', '020');
INSERT INTO services_ward (id, name, district_id) VALUES ('00664', 'Xã Vĩnh Quỳnh', '020');
INSERT INTO services_ward (id, name, district_id) VALUES ('00667', 'Xã Ngũ Hiệp', '020');
INSERT INTO services_ward (id, name, district_id) VALUES ('00670', 'Xã Duyên Hà', '020');
INSERT INTO services_ward (id, name, district_id) VALUES ('00673', 'Xã Ngọc Hồi', '020');
INSERT INTO services_ward (id, name, district_id) VALUES ('00676', 'Xã Vạn Phúc', '020');
INSERT INTO services_ward (id, name, district_id) VALUES ('00679', 'Xã Đại áng', '020');
INSERT INTO services_ward (id, name, district_id) VALUES ('00682', 'Xã Liên Ninh', '020');
INSERT INTO services_ward (id, name, district_id) VALUES ('00685', 'Xã Đông Mỹ', '020');
INSERT INTO services_district (id, name, city_id) VALUES ('021', 'Quận Bắc Từ Liêm', '01');
INSERT INTO services_ward (id, name, district_id) VALUES ('00595', 'Phường Thượng Cát', '021');
INSERT INTO services_ward (id, name, district_id) VALUES ('00598', 'Phường Liên Mạc', '021');
INSERT INTO services_ward (id, name, district_id) VALUES ('00601', 'Phường Đông Ngạc', '021');
INSERT INTO services_ward (id, name, district_id) VALUES ('00602', 'Phường Đức Thắng', '021');
INSERT INTO services_ward (id, name, district_id) VALUES ('00604', 'Phường Thụy Phương', '021');
INSERT INTO services_ward (id, name, district_id) VALUES ('00607', 'Phường Tây Tựu', '021');
INSERT INTO services_ward (id, name, district_id) VALUES ('00610', 'Phường Xuân Đỉnh', '021');
INSERT INTO services_ward (id, name, district_id) VALUES ('00611', 'Phường Xuân Tảo', '021');
INSERT INTO services_ward (id, name, district_id) VALUES ('00613', 'Phường Minh Khai', '021');
INSERT INTO services_ward (id, name, district_id) VALUES ('00616', 'Phường Cổ Nhuế 1', '021');
INSERT INTO services_ward (id, name, district_id) VALUES ('00617', 'Phường Cổ Nhuế 2', '021');
INSERT INTO services_ward (id, name, district_id) VALUES ('00619', 'Phường Phú Diễn', '021');
INSERT INTO services_ward (id, name, district_id) VALUES ('00620', 'Phường Phúc Diễn', '021');
INSERT INTO services_district (id, name, city_id) VALUES ('250', 'Huyện Mê Linh', '01');
INSERT INTO services_ward (id, name, district_id) VALUES ('08973', 'Thị trấn Chi Đông', '250');
INSERT INTO services_ward (id, name, district_id) VALUES ('08974', 'Xã Đại Thịnh', '250');
INSERT INTO services_ward (id, name, district_id) VALUES ('08977', 'Xã Kim Hoa', '250');
INSERT INTO services_ward (id, name, district_id) VALUES ('08980', 'Xã Thạch Đà', '250');
INSERT INTO services_ward (id, name, district_id) VALUES ('08983', 'Xã Tiến Thắng', '250');
INSERT INTO services_ward (id, name, district_id) VALUES ('08986', 'Xã Tự Lập', '250');
INSERT INTO services_ward (id, name, district_id) VALUES ('08989', 'Thị trấn Quang Minh', '250');
INSERT INTO services_ward (id, name, district_id) VALUES ('08992', 'Xã Thanh Lâm', '250');
INSERT INTO services_ward (id, name, district_id) VALUES ('08995', 'Xã Tam Đồng', '250');
INSERT INTO services_ward (id, name, district_id) VALUES ('08998', 'Xã Liên Mạc', '250');
INSERT INTO services_ward (id, name, district_id) VALUES ('09004', 'Xã Chu Phan', '250');
INSERT INTO services_ward (id, name, district_id) VALUES ('09007', 'Xã Tiến Thịnh', '250');
INSERT INTO services_ward (id, name, district_id) VALUES ('09010', 'Xã Mê Linh', '250');
INSERT INTO services_ward (id, name, district_id) VALUES ('09013', 'Xã Văn Khê', '250');
INSERT INTO services_ward (id, name, district_id) VALUES ('09016', 'Xã Hoàng Kim', '250');
INSERT INTO services_ward (id, name, district_id) VALUES ('09019', 'Xã Tiền Phong', '250');
INSERT INTO services_ward (id, name, district_id) VALUES ('09022', 'Xã Tráng Việt', '250');
INSERT INTO services_district (id, name, city_id) VALUES ('268', 'Quận Hà Đông', '01');
INSERT INTO services_ward (id, name, district_id) VALUES ('09538', 'Phường Quang Trung', '268');
INSERT INTO services_ward (id, name, district_id) VALUES ('09541', 'Phường Mộ Lao', '268');
INSERT INTO services_ward (id, name, district_id) VALUES ('09542', 'Phường Văn Quán', '268');
INSERT INTO services_ward (id, name, district_id) VALUES ('09544', 'Phường Vạn Phúc', '268');
INSERT INTO services_ward (id, name, district_id) VALUES ('09551', 'Phường La Khê', '268');
INSERT INTO services_ward (id, name, district_id) VALUES ('09552', 'Phường Phú La', '268');
INSERT INTO services_ward (id, name, district_id) VALUES ('09553', 'Phường Phúc La', '268');
INSERT INTO services_ward (id, name, district_id) VALUES ('09556', 'Phường Hà Cầu', '268');
INSERT INTO services_ward (id, name, district_id) VALUES ('09562', 'Phường Yên Nghĩa', '268');
INSERT INTO services_ward (id, name, district_id) VALUES ('09565', 'Phường Kiến Hưng', '268');
INSERT INTO services_ward (id, name, district_id) VALUES ('09568', 'Phường Phú Lãm', '268');
INSERT INTO services_ward (id, name, district_id) VALUES ('09571', 'Phường Phú Lương', '268');
INSERT INTO services_ward (id, name, district_id) VALUES ('09886', 'Phường Dương Nội', '268');
INSERT INTO services_ward (id, name, district_id) VALUES ('10117', 'Phường Đồng Mai', '268');
INSERT INTO services_ward (id, name, district_id) VALUES ('10123', 'Phường Biên Giang', '268');
INSERT INTO services_district (id, name, city_id) VALUES ('269', 'Thị xã Sơn Tây', '01');
INSERT INTO services_ward (id, name, district_id) VALUES ('09574', 'Phường Ngô Quyền', '269');
INSERT INTO services_ward (id, name, district_id) VALUES ('09577', 'Phường Phú Thịnh', '269');
INSERT INTO services_ward (id, name, district_id) VALUES ('09586', 'Phường Sơn Lộc', '269');
INSERT INTO services_ward (id, name, district_id) VALUES ('09589', 'Phường Xuân Khanh', '269');
INSERT INTO services_ward (id, name, district_id) VALUES ('09592', 'Xã Đường Lâm', '269');
INSERT INTO services_ward (id, name, district_id) VALUES ('09595', 'Phường Viên Sơn', '269');
INSERT INTO services_ward (id, name, district_id) VALUES ('09598', 'Xã Xuân Sơn', '269');
INSERT INTO services_ward (id, name, district_id) VALUES ('09601', 'Phường Trung Hưng', '269');
INSERT INTO services_ward (id, name, district_id) VALUES ('09604', 'Xã Thanh Mỹ', '269');
INSERT INTO services_ward (id, name, district_id) VALUES ('09607', 'Phường Trung Sơn Trầm', '269');
INSERT INTO services_ward (id, name, district_id) VALUES ('09610', 'Xã Kim Sơn', '269');
INSERT INTO services_ward (id, name, district_id) VALUES ('09613', 'Xã Sơn Đông', '269');
INSERT INTO services_ward (id, name, district_id) VALUES ('09616', 'Xã Cổ Đông', '269');
INSERT INTO services_district (id, name, city_id) VALUES ('271', 'Huyện Ba Vì', '01');
INSERT INTO services_ward (id, name, district_id) VALUES ('09619', 'Thị trấn Tây Đằng', '271');
INSERT INTO services_ward (id, name, district_id) VALUES ('09625', 'Xã Phú Cường', '271');
INSERT INTO services_ward (id, name, district_id) VALUES ('09628', 'Xã Cổ Đô', '271');
INSERT INTO services_ward (id, name, district_id) VALUES ('09634', 'Xã Vạn Thắng', '271');
INSERT INTO services_ward (id, name, district_id) VALUES ('09640', 'Xã Phong Vân', '271');
INSERT INTO services_ward (id, name, district_id) VALUES ('09643', 'Xã Phú Đông', '271');
INSERT INTO services_ward (id, name, district_id) VALUES ('09646', 'Xã Phú Hồng', '271');
INSERT INTO services_ward (id, name, district_id) VALUES ('09649', 'Xã Phú Châu', '271');
INSERT INTO services_ward (id, name, district_id) VALUES ('09652', 'Xã Thái Hòa', '271');
INSERT INTO services_ward (id, name, district_id) VALUES ('09655', 'Xã Đồng Thái', '271');
INSERT INTO services_ward (id, name, district_id) VALUES ('09658', 'Xã Phú Sơn', '271');
INSERT INTO services_ward (id, name, district_id) VALUES ('09661', 'Xã Minh Châu', '271');
INSERT INTO services_ward (id, name, district_id) VALUES ('09664', 'Xã Vật Lại', '271');
INSERT INTO services_ward (id, name, district_id) VALUES ('09667', 'Xã Chu Minh', '271');
INSERT INTO services_ward (id, name, district_id) VALUES ('09670', 'Xã Tòng Bạt', '271');
INSERT INTO services_ward (id, name, district_id) VALUES ('09673', 'Xã Cẩm Lĩnh', '271');
INSERT INTO services_ward (id, name, district_id) VALUES ('09676', 'Xã Sơn Đà', '271');
INSERT INTO services_ward (id, name, district_id) VALUES ('09679', 'Xã Đông Quang', '271');
INSERT INTO services_ward (id, name, district_id) VALUES ('09682', 'Xã Tiên Phong', '271');
INSERT INTO services_ward (id, name, district_id) VALUES ('09685', 'Xã Thụy An', '271');
INSERT INTO services_ward (id, name, district_id) VALUES ('09688', 'Xã Cam Thượng', '271');
INSERT INTO services_ward (id, name, district_id) VALUES ('09691', 'Xã Thuần Mỹ', '271');
INSERT INTO services_ward (id, name, district_id) VALUES ('09694', 'Xã Tản Lĩnh', '271');
INSERT INTO services_ward (id, name, district_id) VALUES ('09697', 'Xã Ba Trại', '271');
INSERT INTO services_ward (id, name, district_id) VALUES ('09700', 'Xã Minh Quang', '271');
INSERT INTO services_ward (id, name, district_id) VALUES ('09703', 'Xã Ba Vì', '271');
INSERT INTO services_ward (id, name, district_id) VALUES ('09706', 'Xã Vân Hòa', '271');
INSERT INTO services_ward (id, name, district_id) VALUES ('09709', 'Xã Yên Bài', '271');
INSERT INTO services_ward (id, name, district_id) VALUES ('09712', 'Xã Khánh Thượng', '271');
INSERT INTO services_district (id, name, city_id) VALUES ('272', 'Huyện Phúc Thọ', '01');
INSERT INTO services_ward (id, name, district_id) VALUES ('09715', 'Thị trấn Phúc Thọ', '272');
INSERT INTO services_ward (id, name, district_id) VALUES ('09721', 'Xã Vân Phúc', '272');
INSERT INTO services_ward (id, name, district_id) VALUES ('09724', 'Xã Nam Hà', '272');
INSERT INTO services_ward (id, name, district_id) VALUES ('09727', 'Xã Xuân Đình', '272');
INSERT INTO services_ward (id, name, district_id) VALUES ('09733', 'Xã Sen Phương', '272');
INSERT INTO services_ward (id, name, district_id) VALUES ('09739', 'Xã Võng Xuyên', '272');
INSERT INTO services_ward (id, name, district_id) VALUES ('09742', 'Xã Tích Lộc', '272');
INSERT INTO services_ward (id, name, district_id) VALUES ('09745', 'Xã Long Thượng', '272');
INSERT INTO services_ward (id, name, district_id) VALUES ('09751', 'Xã Hát Môn', '272');
INSERT INTO services_ward (id, name, district_id) VALUES ('09757', 'Xã Thanh Đa', '272');
INSERT INTO services_ward (id, name, district_id) VALUES ('09760', 'Xã Trạch Mỹ Lộc', '272');
INSERT INTO services_ward (id, name, district_id) VALUES ('09763', 'Xã Phúc Hòa', '272');
INSERT INTO services_ward (id, name, district_id) VALUES ('09766', 'Xã Ngọc Tảo', '272');
INSERT INTO services_ward (id, name, district_id) VALUES ('09769', 'Xã Phụng Thượng', '272');
INSERT INTO services_ward (id, name, district_id) VALUES ('09772', 'Xã Tam Thuấn', '272');
INSERT INTO services_ward (id, name, district_id) VALUES ('09775', 'Xã Tam Hiệp', '272');
INSERT INTO services_ward (id, name, district_id) VALUES ('09778', 'Xã Hiệp Thuận', '272');
INSERT INTO services_ward (id, name, district_id) VALUES ('09781', 'Xã Liên Hiệp', '272');
INSERT INTO services_district (id, name, city_id) VALUES ('273', 'Huyện Đan Phượng', '01');
INSERT INTO services_ward (id, name, district_id) VALUES ('09784', 'Thị trấn Phùng', '273');
INSERT INTO services_ward (id, name, district_id) VALUES ('09787', 'Xã Trung Châu', '273');
INSERT INTO services_ward (id, name, district_id) VALUES ('09790', 'Xã Thọ An', '273');
INSERT INTO services_ward (id, name, district_id) VALUES ('09793', 'Xã Thọ Xuân', '273');
INSERT INTO services_ward (id, name, district_id) VALUES ('09796', 'Xã Hồng Hà', '273');
INSERT INTO services_ward (id, name, district_id) VALUES ('09799', 'Xã Liên Hồng', '273');
INSERT INTO services_ward (id, name, district_id) VALUES ('09802', 'Xã Liên Hà', '273');
INSERT INTO services_ward (id, name, district_id) VALUES ('09805', 'Xã Hạ Mỗ', '273');
INSERT INTO services_ward (id, name, district_id) VALUES ('09808', 'Xã Liên Trung', '273');
INSERT INTO services_ward (id, name, district_id) VALUES ('09811', 'Xã Phương Đình', '273');
INSERT INTO services_ward (id, name, district_id) VALUES ('09814', 'Xã Thượng Mỗ', '273');
INSERT INTO services_ward (id, name, district_id) VALUES ('09817', 'Xã Tân Hội', '273');
INSERT INTO services_ward (id, name, district_id) VALUES ('09820', 'Xã Tân Lập', '273');
INSERT INTO services_ward (id, name, district_id) VALUES ('09823', 'Xã Đan Phượng', '273');
INSERT INTO services_ward (id, name, district_id) VALUES ('09826', 'Xã Đồng Tháp', '273');
INSERT INTO services_ward (id, name, district_id) VALUES ('09829', 'Xã Song Phượng', '273');
INSERT INTO services_district (id, name, city_id) VALUES ('274', 'Huyện Hoài Đức', '01');
INSERT INTO services_ward (id, name, district_id) VALUES ('09832', 'Thị trấn Trạm Trôi', '274');
INSERT INTO services_ward (id, name, district_id) VALUES ('09835', 'Xã Đức Thượng', '274');
INSERT INTO services_ward (id, name, district_id) VALUES ('09838', 'Xã Minh Khai', '274');
INSERT INTO services_ward (id, name, district_id) VALUES ('09841', 'Xã Dương Liễu', '274');
INSERT INTO services_ward (id, name, district_id) VALUES ('09844', 'Xã Di Trạch', '274');
INSERT INTO services_ward (id, name, district_id) VALUES ('09847', 'Xã Đức Giang', '274');
INSERT INTO services_ward (id, name, district_id) VALUES ('09850', 'Xã Cát Quế', '274');
INSERT INTO services_ward (id, name, district_id) VALUES ('09853', 'Xã Kim Chung', '274');
INSERT INTO services_ward (id, name, district_id) VALUES ('09856', 'Xã Yên Sở', '274');
INSERT INTO services_ward (id, name, district_id) VALUES ('09859', 'Xã Sơn Đồng', '274');
INSERT INTO services_ward (id, name, district_id) VALUES ('09862', 'Xã Vân Canh', '274');
INSERT INTO services_ward (id, name, district_id) VALUES ('09865', 'Xã Đắc Sở', '274');
INSERT INTO services_ward (id, name, district_id) VALUES ('09868', 'Xã Lại Yên', '274');
INSERT INTO services_ward (id, name, district_id) VALUES ('09871', 'Xã Tiền Yên', '274');
INSERT INTO services_ward (id, name, district_id) VALUES ('09874', 'Xã Song Phương', '274');
INSERT INTO services_ward (id, name, district_id) VALUES ('09877', 'Xã An Khánh', '274');
INSERT INTO services_ward (id, name, district_id) VALUES ('09880', 'Xã An Thượng', '274');
INSERT INTO services_ward (id, name, district_id) VALUES ('09883', 'Xã Vân Côn', '274');
INSERT INTO services_ward (id, name, district_id) VALUES ('09889', 'Xã La Phù', '274');
INSERT INTO services_ward (id, name, district_id) VALUES ('09892', 'Xã Đông La', '274');
INSERT INTO services_district (id, name, city_id) VALUES ('275', 'Huyện Quốc Oai', '01');
INSERT INTO services_ward (id, name, district_id) VALUES ('04939', 'Xã Đông Xuân', '275');
INSERT INTO services_ward (id, name, district_id) VALUES ('09895', 'Thị trấn Quốc Oai', '275');
INSERT INTO services_ward (id, name, district_id) VALUES ('09898', 'Xã Sài Sơn', '275');
INSERT INTO services_ward (id, name, district_id) VALUES ('09904', 'Xã Phượng Sơn', '275');
INSERT INTO services_ward (id, name, district_id) VALUES ('09907', 'Xã Ngọc Liệp', '275');
INSERT INTO services_ward (id, name, district_id) VALUES ('09910', 'Xã Ngọc Mỹ', '275');
INSERT INTO services_ward (id, name, district_id) VALUES ('09916', 'Xã Thạch Thán', '275');
INSERT INTO services_ward (id, name, district_id) VALUES ('09919', 'Xã Đồng Quang', '275');
INSERT INTO services_ward (id, name, district_id) VALUES ('09922', 'Xã Phú Cát', '275');
INSERT INTO services_ward (id, name, district_id) VALUES ('09925', 'Xã Tuyết Nghĩa', '275');
INSERT INTO services_ward (id, name, district_id) VALUES ('09928', 'Xã Liệp Nghĩa', '275');
INSERT INTO services_ward (id, name, district_id) VALUES ('09931', 'Xã Cộng Hòa', '275');
INSERT INTO services_ward (id, name, district_id) VALUES ('09934', 'Xã Hưng Đạo', '275');
INSERT INTO services_ward (id, name, district_id) VALUES ('09940', 'Xã Phú Mãn', '275');
INSERT INTO services_ward (id, name, district_id) VALUES ('09943', 'Xã Cấn Hữu', '275');
INSERT INTO services_ward (id, name, district_id) VALUES ('09949', 'Xã Hòa Thạch', '275');
INSERT INTO services_ward (id, name, district_id) VALUES ('09952', 'Xã Đông Yên', '275');
INSERT INTO services_district (id, name, city_id) VALUES ('276', 'Huyện Thạch Thất', '01');
INSERT INTO services_ward (id, name, district_id) VALUES ('04927', 'Xã Yên Trung', '276');
INSERT INTO services_ward (id, name, district_id) VALUES ('04930', 'Xã Yên Bình', '276');
INSERT INTO services_ward (id, name, district_id) VALUES ('04936', 'Xã Tiến Xuân', '276');
INSERT INTO services_ward (id, name, district_id) VALUES ('09955', 'Thị trấn Liên Quan', '276');
INSERT INTO services_ward (id, name, district_id) VALUES ('09958', 'Xã Đại Đồng', '276');
INSERT INTO services_ward (id, name, district_id) VALUES ('09961', 'Xã Cẩm Yên', '276');
INSERT INTO services_ward (id, name, district_id) VALUES ('09964', 'Xã Lại Thượng', '276');
INSERT INTO services_ward (id, name, district_id) VALUES ('09967', 'Xã Phú Kim', '276');
INSERT INTO services_ward (id, name, district_id) VALUES ('09970', 'Xã Hương Ngải', '276');
INSERT INTO services_ward (id, name, district_id) VALUES ('09973', 'Xã Lam Sơn', '276');
INSERT INTO services_ward (id, name, district_id) VALUES ('09976', 'Xã Kim Quan', '276');
INSERT INTO services_ward (id, name, district_id) VALUES ('09982', 'Xã Bình Yên', '276');
INSERT INTO services_ward (id, name, district_id) VALUES ('09988', 'Xã Thạch Hoà', '276');
INSERT INTO services_ward (id, name, district_id) VALUES ('09991', 'Xã Cần Kiệm', '276');
INSERT INTO services_ward (id, name, district_id) VALUES ('09997', 'Xã Phùng Xá', '276');
INSERT INTO services_ward (id, name, district_id) VALUES ('10000', 'Xã Tân Xã', '276');
INSERT INTO services_ward (id, name, district_id) VALUES ('10003', 'Xã Thạch Xá', '276');
INSERT INTO services_ward (id, name, district_id) VALUES ('10006', 'Xã Quang Trung', '276');
INSERT INTO services_ward (id, name, district_id) VALUES ('10009', 'Xã Hạ Bằng', '276');
INSERT INTO services_ward (id, name, district_id) VALUES ('10012', 'Xã Đồng Trúc', '276');
INSERT INTO services_district (id, name, city_id) VALUES ('277', 'Huyện Chương Mỹ', '01');
INSERT INTO services_ward (id, name, district_id) VALUES ('10015', 'Thị trấn Chúc Sơn', '277');
INSERT INTO services_ward (id, name, district_id) VALUES ('10018', 'Thị trấn Xuân Mai', '277');
INSERT INTO services_ward (id, name, district_id) VALUES ('10021', 'Xã Phụng Châu', '277');
INSERT INTO services_ward (id, name, district_id) VALUES ('10024', 'Xã Tiên Phương', '277');
INSERT INTO services_ward (id, name, district_id) VALUES ('10027', 'Xã Đông Sơn', '277');
INSERT INTO services_ward (id, name, district_id) VALUES ('10030', 'Xã Đông Phương Yên', '277');
INSERT INTO services_ward (id, name, district_id) VALUES ('10033', 'Xã Phú Nghĩa', '277');
INSERT INTO services_ward (id, name, district_id) VALUES ('10039', 'Xã Trường Yên', '277');
INSERT INTO services_ward (id, name, district_id) VALUES ('10042', 'Xã Ngọc Hòa', '277');
INSERT INTO services_ward (id, name, district_id) VALUES ('10045', 'Xã Thủy Xuân Tiên', '277');
INSERT INTO services_ward (id, name, district_id) VALUES ('10048', 'Xã Thanh Bình', '277');
INSERT INTO services_ward (id, name, district_id) VALUES ('10051', 'Xã Trung Hòa', '277');
INSERT INTO services_ward (id, name, district_id) VALUES ('10054', 'Xã Đại Yên', '277');
INSERT INTO services_ward (id, name, district_id) VALUES ('10057', 'Xã Thụy Hương', '277');
INSERT INTO services_ward (id, name, district_id) VALUES ('10060', 'Xã Tốt Động', '277');
INSERT INTO services_ward (id, name, district_id) VALUES ('10063', 'Xã Lam Điền', '277');
INSERT INTO services_ward (id, name, district_id) VALUES ('10066', 'Xã Tân Tiến', '277');
INSERT INTO services_ward (id, name, district_id) VALUES ('10069', 'Xã Nam Phương Tiến', '277');
INSERT INTO services_ward (id, name, district_id) VALUES ('10072', 'Xã Hợp Đồng', '277');
INSERT INTO services_ward (id, name, district_id) VALUES ('10075', 'Xã Hoàng Văn Thụ', '277');
INSERT INTO services_ward (id, name, district_id) VALUES ('10078', 'Xã Hoàng Diệu', '277');
INSERT INTO services_ward (id, name, district_id) VALUES ('10081', 'Xã Hữu Văn', '277');
INSERT INTO services_ward (id, name, district_id) VALUES ('10084', 'Xã Quảng Bị', '277');
INSERT INTO services_ward (id, name, district_id) VALUES ('10087', 'Xã Mỹ Lương', '277');
INSERT INTO services_ward (id, name, district_id) VALUES ('10090', 'Xã Thượng Vực', '277');
INSERT INTO services_ward (id, name, district_id) VALUES ('10096', 'Xã Hồng Phú', '277');
INSERT INTO services_ward (id, name, district_id) VALUES ('10099', 'Xã Trần Phú', '277');
INSERT INTO services_ward (id, name, district_id) VALUES ('10102', 'Xã Văn Võ', '277');
INSERT INTO services_ward (id, name, district_id) VALUES ('10105', 'Xã Đồng Lạc', '277');
INSERT INTO services_ward (id, name, district_id) VALUES ('10108', 'Xã Hòa Phú', '277');
INSERT INTO services_district (id, name, city_id) VALUES ('278', 'Huyện Thanh Oai', '01');
INSERT INTO services_ward (id, name, district_id) VALUES ('10114', 'Thị trấn Kim Bài', '278');
INSERT INTO services_ward (id, name, district_id) VALUES ('10120', 'Xã Cự Khê', '278');
INSERT INTO services_ward (id, name, district_id) VALUES ('10126', 'Xã Bích Hòa', '278');
INSERT INTO services_ward (id, name, district_id) VALUES ('10129', 'Xã Mỹ Hưng', '278');
INSERT INTO services_ward (id, name, district_id) VALUES ('10132', 'Xã Cao Viên', '278');
INSERT INTO services_ward (id, name, district_id) VALUES ('10135', 'Xã Bình Minh', '278');
INSERT INTO services_ward (id, name, district_id) VALUES ('10138', 'Xã Tam Hưng', '278');
INSERT INTO services_ward (id, name, district_id) VALUES ('10141', 'Xã Thanh Cao', '278');
INSERT INTO services_ward (id, name, district_id) VALUES ('10144', 'Xã Thanh Thùy', '278');
INSERT INTO services_ward (id, name, district_id) VALUES ('10147', 'Xã Thanh Mai', '278');
INSERT INTO services_ward (id, name, district_id) VALUES ('10150', 'Xã Thanh Văn', '278');
INSERT INTO services_ward (id, name, district_id) VALUES ('10153', 'Xã Đỗ Động', '278');
INSERT INTO services_ward (id, name, district_id) VALUES ('10156', 'Xã Kim An', '278');
INSERT INTO services_ward (id, name, district_id) VALUES ('10159', 'Xã Kim Thư', '278');
INSERT INTO services_ward (id, name, district_id) VALUES ('10162', 'Xã Phương Trung', '278');
INSERT INTO services_ward (id, name, district_id) VALUES ('10165', 'Xã Tân Ước', '278');
INSERT INTO services_ward (id, name, district_id) VALUES ('10168', 'Xã Dân Hòa', '278');
INSERT INTO services_ward (id, name, district_id) VALUES ('10171', 'Xã Liên Châu', '278');
INSERT INTO services_ward (id, name, district_id) VALUES ('10174', 'Xã Cao Xuân Dương', '278');
INSERT INTO services_ward (id, name, district_id) VALUES ('10180', 'Xã Hồng Dương', '278');
INSERT INTO services_district (id, name, city_id) VALUES ('279', 'Huyện Thường Tín', '01');
INSERT INTO services_ward (id, name, district_id) VALUES ('10183', 'Thị trấn Thường Tín', '279');
INSERT INTO services_ward (id, name, district_id) VALUES ('10186', 'Xã Ninh Sở', '279');
INSERT INTO services_ward (id, name, district_id) VALUES ('10189', 'Xã Nhị Khê', '279');
INSERT INTO services_ward (id, name, district_id) VALUES ('10192', 'Xã Duyên Thái', '279');
INSERT INTO services_ward (id, name, district_id) VALUES ('10195', 'Xã Khánh Hà', '279');
INSERT INTO services_ward (id, name, district_id) VALUES ('10198', 'Xã Hòa Bình', '279');
INSERT INTO services_ward (id, name, district_id) VALUES ('10201', 'Xã Văn Bình', '279');
INSERT INTO services_ward (id, name, district_id) VALUES ('10204', 'Xã Hiền Giang', '279');
INSERT INTO services_ward (id, name, district_id) VALUES ('10207', 'Xã Hồng Vân', '279');
INSERT INTO services_ward (id, name, district_id) VALUES ('10210', 'Xã Vân Tảo', '279');
INSERT INTO services_ward (id, name, district_id) VALUES ('10213', 'Xã Liên Phương', '279');
INSERT INTO services_ward (id, name, district_id) VALUES ('10216', 'Xã Văn Phú', '279');
INSERT INTO services_ward (id, name, district_id) VALUES ('10219', 'Xã Tự Nhiên', '279');
INSERT INTO services_ward (id, name, district_id) VALUES ('10222', 'Xã Tiền Phong', '279');
INSERT INTO services_ward (id, name, district_id) VALUES ('10225', 'Xã Hà Hồi', '279');
INSERT INTO services_ward (id, name, district_id) VALUES ('10231', 'Xã Nguyễn Trãi', '279');
INSERT INTO services_ward (id, name, district_id) VALUES ('10234', 'Xã Quất Động', '279');
INSERT INTO services_ward (id, name, district_id) VALUES ('10237', 'Xã Chương Dương', '279');
INSERT INTO services_ward (id, name, district_id) VALUES ('10240', 'Xã Tân Minh', '279');
INSERT INTO services_ward (id, name, district_id) VALUES ('10243', 'Xã Lê Lợi', '279');
INSERT INTO services_ward (id, name, district_id) VALUES ('10246', 'Xã Thắng Lợi', '279');
INSERT INTO services_ward (id, name, district_id) VALUES ('10249', 'Xã Dũng Tiến', '279');
INSERT INTO services_ward (id, name, district_id) VALUES ('10255', 'Xã Nghiêm Xuyên', '279');
INSERT INTO services_ward (id, name, district_id) VALUES ('10258', 'Xã Tô Hiệu', '279');
INSERT INTO services_ward (id, name, district_id) VALUES ('10261', 'Xã Văn Tự', '279');
INSERT INTO services_ward (id, name, district_id) VALUES ('10264', 'Xã Vạn Nhất', '279');
INSERT INTO services_ward (id, name, district_id) VALUES ('10267', 'Xã Minh Cường', '279');
INSERT INTO services_district (id, name, city_id) VALUES ('280', 'Huyện Phú Xuyên', '01');
INSERT INTO services_ward (id, name, district_id) VALUES ('10270', 'Thị trấn Phú Minh', '280');
INSERT INTO services_ward (id, name, district_id) VALUES ('10273', 'Thị trấn Phú Xuyên', '280');
INSERT INTO services_ward (id, name, district_id) VALUES ('10276', 'Xã Hồng Minh', '280');
INSERT INTO services_ward (id, name, district_id) VALUES ('10279', 'Xã Phượng Dực', '280');
INSERT INTO services_ward (id, name, district_id) VALUES ('10282', 'Xã Nam Tiến', '280');
INSERT INTO services_ward (id, name, district_id) VALUES ('10291', 'Xã Văn Hoàng', '280');
INSERT INTO services_ward (id, name, district_id) VALUES ('10294', 'Xã Phú Túc', '280');
INSERT INTO services_ward (id, name, district_id) VALUES ('10300', 'Xã Hồng Thái', '280');
INSERT INTO services_ward (id, name, district_id) VALUES ('10303', 'Xã Hoàng Long', '280');
INSERT INTO services_ward (id, name, district_id) VALUES ('10312', 'Xã Nam Phong', '280');
INSERT INTO services_ward (id, name, district_id) VALUES ('10315', 'Xã Tân Dân', '280');
INSERT INTO services_ward (id, name, district_id) VALUES ('10318', 'Xã Quang Hà', '280');
INSERT INTO services_ward (id, name, district_id) VALUES ('10321', 'Xã Chuyên Mỹ', '280');
INSERT INTO services_ward (id, name, district_id) VALUES ('10324', 'Xã Khai Thái', '280');
INSERT INTO services_ward (id, name, district_id) VALUES ('10327', 'Xã Phúc Tiến', '280');
INSERT INTO services_ward (id, name, district_id) VALUES ('10330', 'Xã Vân Từ', '280');
INSERT INTO services_ward (id, name, district_id) VALUES ('10333', 'Xã Tri Thủy', '280');
INSERT INTO services_ward (id, name, district_id) VALUES ('10336', 'Xã Đại Xuyên', '280');
INSERT INTO services_ward (id, name, district_id) VALUES ('10339', 'Xã Phú Yên', '280');
INSERT INTO services_ward (id, name, district_id) VALUES ('10342', 'Xã Bạch Hạ', '280');
INSERT INTO services_ward (id, name, district_id) VALUES ('10345', 'Xã Quang Lãng', '280');
INSERT INTO services_ward (id, name, district_id) VALUES ('10348', 'Xã Châu Can', '280');
INSERT INTO services_ward (id, name, district_id) VALUES ('10351', 'Xã Minh Tân', '280');
INSERT INTO services_district (id, name, city_id) VALUES ('281', 'Huyện Ứng Hòa', '01');
INSERT INTO services_ward (id, name, district_id) VALUES ('10354', 'Thị trấn Vân Đình', '281');
INSERT INTO services_ward (id, name, district_id) VALUES ('10363', 'Xã Hoa Viên', '281');
INSERT INTO services_ward (id, name, district_id) VALUES ('10366', 'Xã Quảng Phú Cầu', '281');
INSERT INTO services_ward (id, name, district_id) VALUES ('10369', 'Xã Trường Thịnh', '281');
INSERT INTO services_ward (id, name, district_id) VALUES ('10375', 'Xã Liên Bạt', '281');
INSERT INTO services_ward (id, name, district_id) VALUES ('10378', 'Xã Cao Sơn Tiến', '281');
INSERT INTO services_ward (id, name, district_id) VALUES ('10384', 'Xã Phương Tú', '281');
INSERT INTO services_ward (id, name, district_id) VALUES ('10387', 'Xã Trung Tú', '281');
INSERT INTO services_ward (id, name, district_id) VALUES ('10390', 'Xã Đồng Tân', '281');
INSERT INTO services_ward (id, name, district_id) VALUES ('10393', 'Xã Tảo Dương Văn', '281');
INSERT INTO services_ward (id, name, district_id) VALUES ('10396', 'Xã Thái Hòa', '281');
INSERT INTO services_ward (id, name, district_id) VALUES ('10399', 'Xã Minh Đức', '281');
INSERT INTO services_ward (id, name, district_id) VALUES ('10402', 'Xã Trầm Lộng', '281');
INSERT INTO services_ward (id, name, district_id) VALUES ('10411', 'Xã Kim Đường', '281');
INSERT INTO services_ward (id, name, district_id) VALUES ('10417', 'Xã Hòa Phú', '281');
INSERT INTO services_ward (id, name, district_id) VALUES ('10423', 'Xã Đại Hùng', '281');
INSERT INTO services_ward (id, name, district_id) VALUES ('10426', 'Xã Đông Lỗ', '281');
INSERT INTO services_ward (id, name, district_id) VALUES ('10429', 'Xã Phù Lưu', '281');
INSERT INTO services_ward (id, name, district_id) VALUES ('10432', 'Xã Đại Cường', '281');
INSERT INTO services_ward (id, name, district_id) VALUES ('10435', 'Xã Bình Lưu Quang', '281');
INSERT INTO services_district (id, name, city_id) VALUES ('282', 'Huyện Mỹ Đức', '01');
INSERT INTO services_ward (id, name, district_id) VALUES ('10441', 'Thị trấn Đại Nghĩa', '282');
INSERT INTO services_ward (id, name, district_id) VALUES ('10444', 'Xã Đồng Tâm', '282');
INSERT INTO services_ward (id, name, district_id) VALUES ('10447', 'Xã Thượng Lâm', '282');
INSERT INTO services_ward (id, name, district_id) VALUES ('10450', 'Xã Tuy Lai', '282');
INSERT INTO services_ward (id, name, district_id) VALUES ('10453', 'Xã Phúc Lâm', '282');
INSERT INTO services_ward (id, name, district_id) VALUES ('10459', 'Xã Mỹ Xuyên', '282');
INSERT INTO services_ward (id, name, district_id) VALUES ('10462', 'Xã An Mỹ', '282');
INSERT INTO services_ward (id, name, district_id) VALUES ('10465', 'Xã Hồng Sơn', '282');
INSERT INTO services_ward (id, name, district_id) VALUES ('10468', 'Xã Lê Thanh', '282');
INSERT INTO services_ward (id, name, district_id) VALUES ('10471', 'Xã Xuy Xá', '282');
INSERT INTO services_ward (id, name, district_id) VALUES ('10474', 'Xã Phùng Xá', '282');
INSERT INTO services_ward (id, name, district_id) VALUES ('10477', 'Xã Phù Lưu Tế', '282');
INSERT INTO services_ward (id, name, district_id) VALUES ('10480', 'Xã Đại Hưng', '282');
INSERT INTO services_ward (id, name, district_id) VALUES ('10483', 'Xã Vạn Tín', '282');
INSERT INTO services_ward (id, name, district_id) VALUES ('10489', 'Xã Hương Sơn', '282');
INSERT INTO services_ward (id, name, district_id) VALUES ('10492', 'Xã Hùng Tiến', '282');
INSERT INTO services_ward (id, name, district_id) VALUES ('10495', 'Xã An Tiến', '282');
INSERT INTO services_ward (id, name, district_id) VALUES ('10498', 'Xã Hợp Tiến', '282');
INSERT INTO services_ward (id, name, district_id) VALUES ('10501', 'Xã Hợp Thanh', '282');
INSERT INTO services_ward (id, name, district_id) VALUES ('10504', 'Xã An Phú', '282');
INSERT INTO services_city (id, name) VALUES ('02', 'Tỉnh Hà Giang');
INSERT INTO services_district (id, name, city_id) VALUES ('024', 'Thành phố Hà Giang', '02');
INSERT INTO services_ward (id, name, district_id) VALUES ('00688', 'Phường Quang Trung', '024');
INSERT INTO services_ward (id, name, district_id) VALUES ('00691', 'Phường Trần Phú', '024');
INSERT INTO services_ward (id, name, district_id) VALUES ('00692', 'Phường Ngọc Hà', '024');
INSERT INTO services_ward (id, name, district_id) VALUES ('00694', 'Phường Nguyễn Trãi', '024');
INSERT INTO services_ward (id, name, district_id) VALUES ('00697', 'Phường Minh Khai', '024');
INSERT INTO services_ward (id, name, district_id) VALUES ('00700', 'Xã Ngọc Đường', '024');
INSERT INTO services_ward (id, name, district_id) VALUES ('00946', 'Xã Phương Độ', '024');
INSERT INTO services_ward (id, name, district_id) VALUES ('00949', 'Xã Phương Thiện', '024');
INSERT INTO services_district (id, name, city_id) VALUES ('026', 'Huyện Đồng Văn', '02');
INSERT INTO services_ward (id, name, district_id) VALUES ('00712', 'Thị trấn Phó Bảng', '026');
INSERT INTO services_ward (id, name, district_id) VALUES ('00715', 'Xã Lũng Cú', '026');
INSERT INTO services_ward (id, name, district_id) VALUES ('00718', 'Xã Má Lé', '026');
INSERT INTO services_ward (id, name, district_id) VALUES ('00721', 'Thị trấn Đồng Văn', '026');
INSERT INTO services_ward (id, name, district_id) VALUES ('00724', 'Xã Lũng Táo', '026');
INSERT INTO services_ward (id, name, district_id) VALUES ('00727', 'Xã Phố Là', '026');
INSERT INTO services_ward (id, name, district_id) VALUES ('00730', 'Xã Thài Phìn Tủng', '026');
INSERT INTO services_ward (id, name, district_id) VALUES ('00733', 'Xã Sủng Là', '026');
INSERT INTO services_ward (id, name, district_id) VALUES ('00736', 'Xã Xà Phìn', '026');
INSERT INTO services_ward (id, name, district_id) VALUES ('00739', 'Xã Tả Phìn', '026');
INSERT INTO services_ward (id, name, district_id) VALUES ('00742', 'Xã Tả Lủng', '026');
INSERT INTO services_ward (id, name, district_id) VALUES ('00745', 'Xã Phố Cáo', '026');
INSERT INTO services_ward (id, name, district_id) VALUES ('00748', 'Xã Sính Lủng', '026');
INSERT INTO services_ward (id, name, district_id) VALUES ('00751', 'Xã Sảng Tủng', '026');
INSERT INTO services_ward (id, name, district_id) VALUES ('00754', 'Xã Lũng Thầu', '026');
INSERT INTO services_ward (id, name, district_id) VALUES ('00757', 'Xã Hố Quáng Phìn', '026');
INSERT INTO services_ward (id, name, district_id) VALUES ('00760', 'Xã Vần Chải', '026');
INSERT INTO services_ward (id, name, district_id) VALUES ('00763', 'Xã Lũng Phìn', '026');
INSERT INTO services_ward (id, name, district_id) VALUES ('00766', 'Xã Sủng Trái', '026');
INSERT INTO services_district (id, name, city_id) VALUES ('027', 'Huyện Mèo Vạc', '02');
INSERT INTO services_ward (id, name, district_id) VALUES ('00769', 'Thị trấn Mèo Vạc', '027');
INSERT INTO services_ward (id, name, district_id) VALUES ('00772', 'Xã Thượng Phùng', '027');
INSERT INTO services_ward (id, name, district_id) VALUES ('00775', 'Xã Pải Lủng', '027');
INSERT INTO services_ward (id, name, district_id) VALUES ('00778', 'Xã Xín Cái', '027');
INSERT INTO services_ward (id, name, district_id) VALUES ('00781', 'Xã Pả Vi', '027');
INSERT INTO services_ward (id, name, district_id) VALUES ('00784', 'Xã Giàng Chu Phìn', '027');
INSERT INTO services_ward (id, name, district_id) VALUES ('00787', 'Xã Sủng Trà', '027');
INSERT INTO services_ward (id, name, district_id) VALUES ('00790', 'Xã Sủng Máng', '027');
INSERT INTO services_ward (id, name, district_id) VALUES ('00793', 'Xã Sơn Vĩ', '027');
INSERT INTO services_ward (id, name, district_id) VALUES ('00796', 'Xã Tả Lủng', '027');
INSERT INTO services_ward (id, name, district_id) VALUES ('00799', 'Xã Cán Chu Phìn', '027');
INSERT INTO services_ward (id, name, district_id) VALUES ('00802', 'Xã Lũng Pù', '027');
INSERT INTO services_ward (id, name, district_id) VALUES ('00805', 'Xã Lũng Chinh', '027');
INSERT INTO services_ward (id, name, district_id) VALUES ('00808', 'Xã Tát Ngà', '027');
INSERT INTO services_ward (id, name, district_id) VALUES ('00811', 'Xã Nậm Ban', '027');
INSERT INTO services_ward (id, name, district_id) VALUES ('00814', 'Xã Khâu Vai', '027');
INSERT INTO services_ward (id, name, district_id) VALUES ('00815', 'Xã Niêm Tòng', '027');
INSERT INTO services_ward (id, name, district_id) VALUES ('00817', 'Xã Niêm Sơn', '027');
INSERT INTO services_district (id, name, city_id) VALUES ('028', 'Huyện Yên Minh', '02');
INSERT INTO services_ward (id, name, district_id) VALUES ('00820', 'Thị trấn Yên Minh', '028');
INSERT INTO services_ward (id, name, district_id) VALUES ('00823', 'Xã Thắng Mố', '028');
INSERT INTO services_ward (id, name, district_id) VALUES ('00826', 'Xã Phú Lũng', '028');
INSERT INTO services_ward (id, name, district_id) VALUES ('00829', 'Xã Sủng Tráng', '028');
INSERT INTO services_ward (id, name, district_id) VALUES ('00832', 'Xã Bạch Đích', '028');
INSERT INTO services_ward (id, name, district_id) VALUES ('00835', 'Xã Na Khê', '028');
INSERT INTO services_ward (id, name, district_id) VALUES ('00838', 'Xã Sủng Thài', '028');
INSERT INTO services_ward (id, name, district_id) VALUES ('00841', 'Xã Hữu Vinh', '028');
INSERT INTO services_ward (id, name, district_id) VALUES ('00844', 'Xã Lao Và Chải', '028');
INSERT INTO services_ward (id, name, district_id) VALUES ('00847', 'Xã Mậu Duệ', '028');
INSERT INTO services_ward (id, name, district_id) VALUES ('00850', 'Xã Đông Minh', '028');
INSERT INTO services_ward (id, name, district_id) VALUES ('00853', 'Xã Mậu Long', '028');
INSERT INTO services_ward (id, name, district_id) VALUES ('00856', 'Xã Ngam La', '028');
INSERT INTO services_ward (id, name, district_id) VALUES ('00859', 'Xã Ngọc Long', '028');
INSERT INTO services_ward (id, name, district_id) VALUES ('00862', 'Xã Đường Thượng', '028');
INSERT INTO services_ward (id, name, district_id) VALUES ('00865', 'Xã Lũng Hồ', '028');
INSERT INTO services_ward (id, name, district_id) VALUES ('00868', 'Xã Du Tiến', '028');
INSERT INTO services_ward (id, name, district_id) VALUES ('00871', 'Xã Du Già', '028');
INSERT INTO services_district (id, name, city_id) VALUES ('029', 'Huyện Quản Bạ', '02');
INSERT INTO services_ward (id, name, district_id) VALUES ('00883', 'Xã Cán Tỷ', '029');
INSERT INTO services_ward (id, name, district_id) VALUES ('00874', 'Thị trấn Tam Sơn', '029');
INSERT INTO services_ward (id, name, district_id) VALUES ('00877', 'Xã Bát Đại Sơn', '029');
INSERT INTO services_ward (id, name, district_id) VALUES ('00880', 'Xã Nghĩa Thuận', '029');
INSERT INTO services_ward (id, name, district_id) VALUES ('00886', 'Xã Cao Mã Pờ', '029');
INSERT INTO services_ward (id, name, district_id) VALUES ('00889', 'Xã Thanh Vân', '029');
INSERT INTO services_ward (id, name, district_id) VALUES ('00892', 'Xã Tùng Vài', '029');
INSERT INTO services_ward (id, name, district_id) VALUES ('00895', 'Xã Đông Hà', '029');
INSERT INTO services_ward (id, name, district_id) VALUES ('00898', 'Xã Quản Bạ', '029');
INSERT INTO services_ward (id, name, district_id) VALUES ('00901', 'Xã Lùng Tám', '029');
INSERT INTO services_ward (id, name, district_id) VALUES ('00904', 'Xã Quyết Tiến', '029');
INSERT INTO services_ward (id, name, district_id) VALUES ('00907', 'Xã Tả Ván', '029');
INSERT INTO services_ward (id, name, district_id) VALUES ('00910', 'Xã Thái An', '029');
INSERT INTO services_district (id, name, city_id) VALUES ('030', 'Huyện Vị Xuyên', '02');
INSERT INTO services_ward (id, name, district_id) VALUES ('00703', 'Xã Kim Thạch', '030');
INSERT INTO services_ward (id, name, district_id) VALUES ('00706', 'Xã Phú Linh', '030');
INSERT INTO services_ward (id, name, district_id) VALUES ('00709', 'Xã Kim Linh', '030');
INSERT INTO services_ward (id, name, district_id) VALUES ('00913', 'Thị trấn Vị Xuyên', '030');
INSERT INTO services_ward (id, name, district_id) VALUES ('00916', 'Thị trấn Nông Trường Việt Lâm', '030');
INSERT INTO services_ward (id, name, district_id) VALUES ('00919', 'Xã Minh Tân', '030');
INSERT INTO services_ward (id, name, district_id) VALUES ('00922', 'Xã Thuận Hoà', '030');
INSERT INTO services_ward (id, name, district_id) VALUES ('00925', 'Xã Tùng Bá', '030');
INSERT INTO services_ward (id, name, district_id) VALUES ('00928', 'Xã Thanh Thủy', '030');
INSERT INTO services_ward (id, name, district_id) VALUES ('00931', 'Xã Thanh Đức', '030');
INSERT INTO services_ward (id, name, district_id) VALUES ('00934', 'Xã Phong Quang', '030');
INSERT INTO services_ward (id, name, district_id) VALUES ('00937', 'Xã Xín Chải', '030');
INSERT INTO services_ward (id, name, district_id) VALUES ('00940', 'Xã Phương Tiến', '030');
INSERT INTO services_ward (id, name, district_id) VALUES ('00943', 'Xã Lao Chải', '030');
INSERT INTO services_ward (id, name, district_id) VALUES ('00952', 'Xã Cao Bồ', '030');
INSERT INTO services_ward (id, name, district_id) VALUES ('00955', 'Xã Đạo Đức', '030');
INSERT INTO services_ward (id, name, district_id) VALUES ('00958', 'Xã Thượng Sơn', '030');
INSERT INTO services_ward (id, name, district_id) VALUES ('00961', 'Xã Linh Hồ', '030');
INSERT INTO services_ward (id, name, district_id) VALUES ('00964', 'Xã Quảng Ngần', '030');
INSERT INTO services_ward (id, name, district_id) VALUES ('00967', 'Xã Việt Lâm', '030');
INSERT INTO services_ward (id, name, district_id) VALUES ('00970', 'Xã Ngọc Linh', '030');
INSERT INTO services_ward (id, name, district_id) VALUES ('00973', 'Xã Ngọc Minh', '030');
INSERT INTO services_ward (id, name, district_id) VALUES ('00976', 'Xã Bạch Ngọc', '030');
INSERT INTO services_ward (id, name, district_id) VALUES ('00979', 'Xã Trung Thành', '030');
INSERT INTO services_district (id, name, city_id) VALUES ('031', 'Huyện Bắc Mê', '02');
INSERT INTO services_ward (id, name, district_id) VALUES ('00982', 'Xã Minh Sơn', '031');
INSERT INTO services_ward (id, name, district_id) VALUES ('00985', 'Xã Giáp Trung', '031');
INSERT INTO services_ward (id, name, district_id) VALUES ('00988', 'Xã Yên Định', '031');
INSERT INTO services_ward (id, name, district_id) VALUES ('00991', 'Thị trấn Yên Phú', '031');
INSERT INTO services_ward (id, name, district_id) VALUES ('00994', 'Xã Minh Ngọc', '031');
INSERT INTO services_ward (id, name, district_id) VALUES ('00997', 'Xã Yên Phong', '031');
INSERT INTO services_ward (id, name, district_id) VALUES ('01000', 'Xã Lạc Nông', '031');
INSERT INTO services_ward (id, name, district_id) VALUES ('01003', 'Xã Phú Nam', '031');
INSERT INTO services_ward (id, name, district_id) VALUES ('01006', 'Xã Yên Cường', '031');
INSERT INTO services_ward (id, name, district_id) VALUES ('01009', 'Xã Thượng Tân', '031');
INSERT INTO services_ward (id, name, district_id) VALUES ('01012', 'Xã Đường Âm', '031');
INSERT INTO services_ward (id, name, district_id) VALUES ('01015', 'Xã Đường Hồng', '031');
INSERT INTO services_ward (id, name, district_id) VALUES ('01018', 'Xã Phiêng Luông', '031');
INSERT INTO services_district (id, name, city_id) VALUES ('032', 'Huyện Hoàng Su Phì', '02');
INSERT INTO services_ward (id, name, district_id) VALUES ('01021', 'Thị trấn Vinh Quang', '032');
INSERT INTO services_ward (id, name, district_id) VALUES ('01024', 'Xã Bản Máy', '032');
INSERT INTO services_ward (id, name, district_id) VALUES ('01027', 'Xã Thàng Tín', '032');
INSERT INTO services_ward (id, name, district_id) VALUES ('01030', 'Xã Thèn Chu Phìn', '032');
INSERT INTO services_ward (id, name, district_id) VALUES ('01033', 'Xã Pố Lồ', '032');
INSERT INTO services_ward (id, name, district_id) VALUES ('01036', 'Xã Bản Phùng', '032');
INSERT INTO services_ward (id, name, district_id) VALUES ('01039', 'Xã Túng Sán', '032');
INSERT INTO services_ward (id, name, district_id) VALUES ('01042', 'Xã Chiến Phố', '032');
INSERT INTO services_ward (id, name, district_id) VALUES ('01045', 'Xã Đản Ván', '032');
INSERT INTO services_ward (id, name, district_id) VALUES ('01048', 'Xã Tụ Nhân', '032');
INSERT INTO services_ward (id, name, district_id) VALUES ('01051', 'Xã Tân Tiến', '032');
INSERT INTO services_ward (id, name, district_id) VALUES ('01054', 'Xã Nàng Đôn', '032');
INSERT INTO services_ward (id, name, district_id) VALUES ('01057', 'Xã Pờ Ly Ngài', '032');
INSERT INTO services_ward (id, name, district_id) VALUES ('01060', 'Xã Sán Xả Hồ', '032');
INSERT INTO services_ward (id, name, district_id) VALUES ('01063', 'Xã Bản Luốc', '032');
INSERT INTO services_ward (id, name, district_id) VALUES ('01066', 'Xã Ngàm Đăng Vài', '032');
INSERT INTO services_ward (id, name, district_id) VALUES ('01069', 'Xã Bản Nhùng', '032');
INSERT INTO services_ward (id, name, district_id) VALUES ('01072', 'Xã Tả Sử Choóng', '032');
INSERT INTO services_ward (id, name, district_id) VALUES ('01075', 'Xã Nậm Dịch', '032');
INSERT INTO services_ward (id, name, district_id) VALUES ('01081', 'Xã Hồ Thầu', '032');
INSERT INTO services_ward (id, name, district_id) VALUES ('01084', 'Xã Nam Sơn', '032');
INSERT INTO services_ward (id, name, district_id) VALUES ('01087', 'Xã Nậm Tỵ', '032');
INSERT INTO services_ward (id, name, district_id) VALUES ('01090', 'Xã Thông Nguyên', '032');
INSERT INTO services_ward (id, name, district_id) VALUES ('01093', 'Xã Nậm Khòa', '032');
INSERT INTO services_district (id, name, city_id) VALUES ('033', 'Huyện Xín Mần', '02');
INSERT INTO services_ward (id, name, district_id) VALUES ('01096', 'Thị trấn Cốc Pài', '033');
INSERT INTO services_ward (id, name, district_id) VALUES ('01099', 'Xã Nàn Xỉn', '033');
INSERT INTO services_ward (id, name, district_id) VALUES ('01102', 'Xã Bản Díu', '033');
INSERT INTO services_ward (id, name, district_id) VALUES ('01105', 'Xã Chí Cà', '033');
INSERT INTO services_ward (id, name, district_id) VALUES ('01108', 'Xã Xín Mần', '033');
INSERT INTO services_ward (id, name, district_id) VALUES ('01114', 'Xã Thèn Phàng', '033');
INSERT INTO services_ward (id, name, district_id) VALUES ('01117', 'Xã Trung Thịnh', '033');
INSERT INTO services_ward (id, name, district_id) VALUES ('01120', 'Xã Pà Vầy Sủ', '033');
INSERT INTO services_ward (id, name, district_id) VALUES ('01123', 'Xã Cốc Rế', '033');
INSERT INTO services_ward (id, name, district_id) VALUES ('01126', 'Xã Thu Tà', '033');
INSERT INTO services_ward (id, name, district_id) VALUES ('01129', 'Xã Nàn Ma', '033');
INSERT INTO services_ward (id, name, district_id) VALUES ('01132', 'Xã Tả Nhìu', '033');
INSERT INTO services_ward (id, name, district_id) VALUES ('01135', 'Xã Bản Ngò', '033');
INSERT INTO services_ward (id, name, district_id) VALUES ('01138', 'Xã Chế Là', '033');
INSERT INTO services_ward (id, name, district_id) VALUES ('01141', 'Xã Nấm Dẩn', '033');
INSERT INTO services_ward (id, name, district_id) VALUES ('01144', 'Xã Quảng Nguyên', '033');
INSERT INTO services_ward (id, name, district_id) VALUES ('01147', 'Xã Nà Chì', '033');
INSERT INTO services_ward (id, name, district_id) VALUES ('01150', 'Xã Khuôn Lùng', '033');
INSERT INTO services_district (id, name, city_id) VALUES ('034', 'Huyện Bắc Quang', '02');
INSERT INTO services_ward (id, name, district_id) VALUES ('01153', 'Thị trấn Việt Quang', '034');
INSERT INTO services_ward (id, name, district_id) VALUES ('01156', 'Thị trấn Vĩnh Tuy', '034');
INSERT INTO services_ward (id, name, district_id) VALUES ('01159', 'Xã Tân Lập', '034');
INSERT INTO services_ward (id, name, district_id) VALUES ('01162', 'Xã Tân Thành', '034');
INSERT INTO services_ward (id, name, district_id) VALUES ('01165', 'Xã Đồng Tiến', '034');
INSERT INTO services_ward (id, name, district_id) VALUES ('01168', 'Xã Đồng Tâm', '034');
INSERT INTO services_ward (id, name, district_id) VALUES ('01171', 'Xã Tân Quang', '034');
INSERT INTO services_ward (id, name, district_id) VALUES ('01174', 'Xã Thượng Bình', '034');
INSERT INTO services_ward (id, name, district_id) VALUES ('01177', 'Xã Hữu Sản', '034');
INSERT INTO services_ward (id, name, district_id) VALUES ('01180', 'Xã Kim Ngọc', '034');
INSERT INTO services_ward (id, name, district_id) VALUES ('01183', 'Xã Việt Vinh', '034');
INSERT INTO services_ward (id, name, district_id) VALUES ('01186', 'Xã Bằng Hành', '034');
INSERT INTO services_ward (id, name, district_id) VALUES ('01189', 'Xã Quang Minh', '034');
INSERT INTO services_ward (id, name, district_id) VALUES ('01192', 'Xã Liên Hiệp', '034');
INSERT INTO services_ward (id, name, district_id) VALUES ('01195', 'Xã Vô Điếm', '034');
INSERT INTO services_ward (id, name, district_id) VALUES ('01198', 'Xã Việt Hồng', '034');
INSERT INTO services_ward (id, name, district_id) VALUES ('01201', 'Xã Hùng An', '034');
INSERT INTO services_ward (id, name, district_id) VALUES ('01204', 'Xã Đức Xuân', '034');
INSERT INTO services_ward (id, name, district_id) VALUES ('01207', 'Xã Tiên Kiều', '034');
INSERT INTO services_ward (id, name, district_id) VALUES ('01210', 'Xã Vĩnh Hảo', '034');
INSERT INTO services_ward (id, name, district_id) VALUES ('01213', 'Xã Vĩnh Phúc', '034');
INSERT INTO services_ward (id, name, district_id) VALUES ('01216', 'Xã Đồng Yên', '034');
INSERT INTO services_ward (id, name, district_id) VALUES ('01219', 'Xã Đông Thành', '034');
INSERT INTO services_district (id, name, city_id) VALUES ('035', 'Huyện Quang Bình', '02');
INSERT INTO services_ward (id, name, district_id) VALUES ('01222', 'Xã Xuân Minh', '035');
INSERT INTO services_ward (id, name, district_id) VALUES ('01225', 'Xã Tiên Nguyên', '035');
INSERT INTO services_ward (id, name, district_id) VALUES ('01228', 'Xã Tân Nam', '035');
INSERT INTO services_ward (id, name, district_id) VALUES ('01231', 'Xã Bản Rịa', '035');
INSERT INTO services_ward (id, name, district_id) VALUES ('01234', 'Xã Yên Thành', '035');
INSERT INTO services_ward (id, name, district_id) VALUES ('01237', 'Thị trấn Yên Bình', '035');
INSERT INTO services_ward (id, name, district_id) VALUES ('01240', 'Xã Tân Trịnh', '035');
INSERT INTO services_ward (id, name, district_id) VALUES ('01243', 'Xã Tân Bắc', '035');
INSERT INTO services_ward (id, name, district_id) VALUES ('01246', 'Xã Bằng Lang', '035');
INSERT INTO services_ward (id, name, district_id) VALUES ('01249', 'Xã Yên Hà', '035');
INSERT INTO services_ward (id, name, district_id) VALUES ('01252', 'Xã Hương Sơn', '035');
INSERT INTO services_ward (id, name, district_id) VALUES ('01255', 'Xã Xuân Giang', '035');
INSERT INTO services_ward (id, name, district_id) VALUES ('01258', 'Xã Nà Khương', '035');
INSERT INTO services_ward (id, name, district_id) VALUES ('01261', 'Xã Tiên Yên', '035');
INSERT INTO services_ward (id, name, district_id) VALUES ('01264', 'Xã Vĩ Thượng', '035');
INSERT INTO services_city (id, name) VALUES ('04', 'Tỉnh Cao Bằng');
INSERT INTO services_district (id, name, city_id) VALUES ('040', 'Thành phố Cao Bằng', '04');
INSERT INTO services_ward (id, name, district_id) VALUES ('01267', 'Phường Sông Hiến', '040');
INSERT INTO services_ward (id, name, district_id) VALUES ('01270', 'Phường Sông Bằng', '040');
INSERT INTO services_ward (id, name, district_id) VALUES ('01273', 'Phường Hợp Giang', '040');
INSERT INTO services_ward (id, name, district_id) VALUES ('01276', 'Phường Tân Giang', '040');
INSERT INTO services_ward (id, name, district_id) VALUES ('01279', 'Phường Ngọc Xuân', '040');
INSERT INTO services_ward (id, name, district_id) VALUES ('01282', 'Phường Đề Thám', '040');
INSERT INTO services_ward (id, name, district_id) VALUES ('01285', 'Phường Hoà Chung', '040');
INSERT INTO services_ward (id, name, district_id) VALUES ('01288', 'Phường Duyệt Trung', '040');
INSERT INTO services_ward (id, name, district_id) VALUES ('01693', 'Xã Vĩnh Quang', '040');
INSERT INTO services_ward (id, name, district_id) VALUES ('01705', 'Xã Hưng Đạo', '040');
INSERT INTO services_ward (id, name, district_id) VALUES ('01720', 'Xã Chu Trinh', '040');
INSERT INTO services_district (id, name, city_id) VALUES ('042', 'Huyện Bảo Lâm', '04');
INSERT INTO services_ward (id, name, district_id) VALUES ('01290', 'Thị trấn Pác Miầu', '042');
INSERT INTO services_ward (id, name, district_id) VALUES ('01291', 'Xã Đức Hạnh', '042');
INSERT INTO services_ward (id, name, district_id) VALUES ('01294', 'Xã Lý Bôn', '042');
INSERT INTO services_ward (id, name, district_id) VALUES ('01296', 'Xã Nam Cao', '042');
INSERT INTO services_ward (id, name, district_id) VALUES ('01297', 'Xã Nam Quang', '042');
INSERT INTO services_ward (id, name, district_id) VALUES ('01300', 'Xã Vĩnh Quang', '042');
INSERT INTO services_ward (id, name, district_id) VALUES ('01303', 'Xã Quảng Lâm', '042');
INSERT INTO services_ward (id, name, district_id) VALUES ('01304', 'Xã Thạch Lâm', '042');
INSERT INTO services_ward (id, name, district_id) VALUES ('01309', 'Xã Vĩnh Phong', '042');
INSERT INTO services_ward (id, name, district_id) VALUES ('01312', 'Xã Mông Ân', '042');
INSERT INTO services_ward (id, name, district_id) VALUES ('01315', 'Xã Thái Học', '042');
INSERT INTO services_ward (id, name, district_id) VALUES ('01316', 'Xã Thái Sơn', '042');
INSERT INTO services_ward (id, name, district_id) VALUES ('01318', 'Xã Yên Thổ', '042');
INSERT INTO services_district (id, name, city_id) VALUES ('043', 'Huyện Bảo Lạc', '04');
INSERT INTO services_ward (id, name, district_id) VALUES ('01321', 'Thị trấn Bảo Lạc', '043');
INSERT INTO services_ward (id, name, district_id) VALUES ('01324', 'Xã Cốc Pàng', '043');
INSERT INTO services_ward (id, name, district_id) VALUES ('01327', 'Xã Thượng Hà', '043');
INSERT INTO services_ward (id, name, district_id) VALUES ('01330', 'Xã Cô Ba', '043');
INSERT INTO services_ward (id, name, district_id) VALUES ('01333', 'Xã Bảo Toàn', '043');
INSERT INTO services_ward (id, name, district_id) VALUES ('01336', 'Xã Khánh Xuân', '043');
INSERT INTO services_ward (id, name, district_id) VALUES ('01339', 'Xã Xuân Trường', '043');
INSERT INTO services_ward (id, name, district_id) VALUES ('01342', 'Xã Hồng Trị', '043');
INSERT INTO services_ward (id, name, district_id) VALUES ('01343', 'Xã Kim Cúc', '043');
INSERT INTO services_ward (id, name, district_id) VALUES ('01345', 'Xã Phan Thanh', '043');
INSERT INTO services_ward (id, name, district_id) VALUES ('01348', 'Xã Hồng An', '043');
INSERT INTO services_ward (id, name, district_id) VALUES ('01351', 'Xã Hưng Đạo', '043');
INSERT INTO services_ward (id, name, district_id) VALUES ('01352', 'Xã Hưng Thịnh', '043');
INSERT INTO services_ward (id, name, district_id) VALUES ('01354', 'Xã Huy Giáp', '043');
INSERT INTO services_ward (id, name, district_id) VALUES ('01357', 'Xã Đình Phùng', '043');
INSERT INTO services_ward (id, name, district_id) VALUES ('01359', 'Xã Sơn Lập', '043');
INSERT INTO services_ward (id, name, district_id) VALUES ('01360', 'Xã Sơn Lộ', '043');
INSERT INTO services_district (id, name, city_id) VALUES ('045', 'Huyện Hà Quảng', '04');
INSERT INTO services_ward (id, name, district_id) VALUES ('01363', 'Thị trấn Thông Nông', '045');
INSERT INTO services_ward (id, name, district_id) VALUES ('01366', 'Xã Cần Yên', '045');
INSERT INTO services_ward (id, name, district_id) VALUES ('01367', 'Xã Cần Nông', '045');
INSERT INTO services_ward (id, name, district_id) VALUES ('01372', 'Xã Lương Thông', '045');
INSERT INTO services_ward (id, name, district_id) VALUES ('01375', 'Xã Đa Thông', '045');
INSERT INTO services_ward (id, name, district_id) VALUES ('01378', 'Xã Ngọc Động', '045');
INSERT INTO services_ward (id, name, district_id) VALUES ('01381', 'Xã Yên Sơn', '045');
INSERT INTO services_ward (id, name, district_id) VALUES ('01384', 'Xã Lương Can', '045');
INSERT INTO services_ward (id, name, district_id) VALUES ('01387', 'Xã Thanh Long', '045');
INSERT INTO services_ward (id, name, district_id) VALUES ('01392', 'Thị trấn Xuân Hòa', '045');
INSERT INTO services_ward (id, name, district_id) VALUES ('01393', 'Xã Lũng Nặm', '045');
INSERT INTO services_ward (id, name, district_id) VALUES ('01399', 'Xã Trường Hà', '045');
INSERT INTO services_ward (id, name, district_id) VALUES ('01402', 'Xã Cải Viên', '045');
INSERT INTO services_ward (id, name, district_id) VALUES ('01411', 'Xã Nội Thôn', '045');
INSERT INTO services_ward (id, name, district_id) VALUES ('01414', 'Xã Tổng Cọt', '045');
INSERT INTO services_ward (id, name, district_id) VALUES ('01417', 'Xã Sóc Hà', '045');
INSERT INTO services_ward (id, name, district_id) VALUES ('01420', 'Xã Thượng Thôn', '045');
INSERT INTO services_ward (id, name, district_id) VALUES ('01429', 'Xã Hồng Sỹ', '045');
INSERT INTO services_ward (id, name, district_id) VALUES ('01432', 'Xã Quý Quân', '045');
INSERT INTO services_ward (id, name, district_id) VALUES ('01435', 'Xã Mã Ba', '045');
INSERT INTO services_ward (id, name, district_id) VALUES ('01438', 'Xã Ngọc Đào', '045');
INSERT INTO services_district (id, name, city_id) VALUES ('047', 'Huyện Trùng Khánh', '04');
INSERT INTO services_ward (id, name, district_id) VALUES ('01447', 'Thị trấn Trà Lĩnh', '047');
INSERT INTO services_ward (id, name, district_id) VALUES ('01453', 'Xã Tri Phương', '047');
INSERT INTO services_ward (id, name, district_id) VALUES ('01456', 'Xã Quang Hán', '047');
INSERT INTO services_ward (id, name, district_id) VALUES ('01462', 'Xã Xuân Nội', '047');
INSERT INTO services_ward (id, name, district_id) VALUES ('01465', 'Xã Quang Trung', '047');
INSERT INTO services_ward (id, name, district_id) VALUES ('01468', 'Xã Quang Vinh', '047');
INSERT INTO services_ward (id, name, district_id) VALUES ('01471', 'Xã Cao Chương', '047');
INSERT INTO services_ward (id, name, district_id) VALUES ('01477', 'Thị trấn Trùng Khánh', '047');
INSERT INTO services_ward (id, name, district_id) VALUES ('01480', 'Xã Ngọc Khê', '047');
INSERT INTO services_ward (id, name, district_id) VALUES ('01481', 'Xã Ngọc Côn', '047');
INSERT INTO services_ward (id, name, district_id) VALUES ('01483', 'Xã Phong Nậm', '047');
INSERT INTO services_ward (id, name, district_id) VALUES ('01489', 'Xã Đình Phong', '047');
INSERT INTO services_ward (id, name, district_id) VALUES ('01495', 'Xã Đàm Thuỷ', '047');
INSERT INTO services_ward (id, name, district_id) VALUES ('01498', 'Xã Khâm Thành', '047');
INSERT INTO services_ward (id, name, district_id) VALUES ('01501', 'Xã Chí Viễn', '047');
INSERT INTO services_ward (id, name, district_id) VALUES ('01504', 'Xã Lăng Hiếu', '047');
INSERT INTO services_ward (id, name, district_id) VALUES ('01507', 'Xã Phong Châu', '047');
INSERT INTO services_ward (id, name, district_id) VALUES ('01516', 'Xã Trung Phúc', '047');
INSERT INTO services_ward (id, name, district_id) VALUES ('01519', 'Xã Cao Thăng', '047');
INSERT INTO services_ward (id, name, district_id) VALUES ('01522', 'Xã Đức Hồng', '047');
INSERT INTO services_ward (id, name, district_id) VALUES ('01525', 'Xã Đoài Dương', '047');
INSERT INTO services_district (id, name, city_id) VALUES ('048', 'Huyện Hạ Lang', '04');
INSERT INTO services_ward (id, name, district_id) VALUES ('01534', 'Xã Minh Long', '048');
INSERT INTO services_ward (id, name, district_id) VALUES ('01537', 'Xã Lý Quốc', '048');
INSERT INTO services_ward (id, name, district_id) VALUES ('01540', 'Xã Thắng Lợi', '048');
INSERT INTO services_ward (id, name, district_id) VALUES ('01543', 'Xã Đồng Loan', '048');
INSERT INTO services_ward (id, name, district_id) VALUES ('01546', 'Xã Đức Quang', '048');
INSERT INTO services_ward (id, name, district_id) VALUES ('01549', 'Xã Kim Loan', '048');
INSERT INTO services_ward (id, name, district_id) VALUES ('01552', 'Xã Quang Long', '048');
INSERT INTO services_ward (id, name, district_id) VALUES ('01555', 'Xã An Lạc', '048');
INSERT INTO services_ward (id, name, district_id) VALUES ('01558', 'Thị trấn Thanh Nhật', '048');
INSERT INTO services_ward (id, name, district_id) VALUES ('01561', 'Xã Vinh Quý', '048');
INSERT INTO services_ward (id, name, district_id) VALUES ('01564', 'Xã Thống Nhất', '048');
INSERT INTO services_ward (id, name, district_id) VALUES ('01567', 'Xã Cô Ngân', '048');
INSERT INTO services_ward (id, name, district_id) VALUES ('01573', 'Xã Thị Hoa', '048');
INSERT INTO services_district (id, name, city_id) VALUES ('049', 'Huyện Quảng Hòa', '04');
INSERT INTO services_ward (id, name, district_id) VALUES ('01474', 'Xã Quốc Toản', '049');
INSERT INTO services_ward (id, name, district_id) VALUES ('01576', 'Thị trấn Quảng Uyên', '049');
INSERT INTO services_ward (id, name, district_id) VALUES ('01579', 'Xã Phi Hải', '049');
INSERT INTO services_ward (id, name, district_id) VALUES ('01582', 'Xã Quảng Hưng', '049');
INSERT INTO services_ward (id, name, district_id) VALUES ('01594', 'Xã Độc Lập', '049');
INSERT INTO services_ward (id, name, district_id) VALUES ('01597', 'Xã Cai Bộ', '049');
INSERT INTO services_ward (id, name, district_id) VALUES ('01603', 'Xã Phúc Sen', '049');
INSERT INTO services_ward (id, name, district_id) VALUES ('01606', 'Xã Chí Thảo', '049');
INSERT INTO services_ward (id, name, district_id) VALUES ('01609', 'Xã Tự Do', '049');
INSERT INTO services_ward (id, name, district_id) VALUES ('01615', 'Xã Hồng Quang', '049');
INSERT INTO services_ward (id, name, district_id) VALUES ('01618', 'Xã Ngọc Động', '049');
INSERT INTO services_ward (id, name, district_id) VALUES ('01624', 'Xã Hạnh Phúc', '049');
INSERT INTO services_ward (id, name, district_id) VALUES ('01627', 'Thị trấn Tà Lùng', '049');
INSERT INTO services_ward (id, name, district_id) VALUES ('01630', 'Xã Bế Văn Đàn', '049');
INSERT INTO services_ward (id, name, district_id) VALUES ('01636', 'Xã Cách Linh', '049');
INSERT INTO services_ward (id, name, district_id) VALUES ('01639', 'Xã Đại Sơn', '049');
INSERT INTO services_ward (id, name, district_id) VALUES ('01645', 'Xã Tiên Thành', '049');
INSERT INTO services_ward (id, name, district_id) VALUES ('01648', 'Thị trấn Hoà Thuận', '049');
INSERT INTO services_ward (id, name, district_id) VALUES ('01651', 'Xã Mỹ Hưng', '049');
INSERT INTO services_district (id, name, city_id) VALUES ('051', 'Huyện Hoà An', '04');
INSERT INTO services_ward (id, name, district_id) VALUES ('01654', 'Thị trấn Nước Hai', '051');
INSERT INTO services_ward (id, name, district_id) VALUES ('01657', 'Xã Dân Chủ', '051');
INSERT INTO services_ward (id, name, district_id) VALUES ('01660', 'Xã Nam Tuấn', '051');
INSERT INTO services_ward (id, name, district_id) VALUES ('01666', 'Xã Đại Tiến', '051');
INSERT INTO services_ward (id, name, district_id) VALUES ('01669', 'Xã Đức Long', '051');
INSERT INTO services_ward (id, name, district_id) VALUES ('01672', 'Xã Ngũ Lão', '051');
INSERT INTO services_ward (id, name, district_id) VALUES ('01675', 'Xã Trương Lương', '051');
INSERT INTO services_ward (id, name, district_id) VALUES ('01687', 'Xã Hồng Việt', '051');
INSERT INTO services_ward (id, name, district_id) VALUES ('01696', 'Xã Hoàng Tung', '051');
INSERT INTO services_ward (id, name, district_id) VALUES ('01699', 'Xã Nguyễn Huệ', '051');
INSERT INTO services_ward (id, name, district_id) VALUES ('01702', 'Xã Quang Trung', '051');
INSERT INTO services_ward (id, name, district_id) VALUES ('01708', 'Xã Bạch Đằng', '051');
INSERT INTO services_ward (id, name, district_id) VALUES ('01711', 'Xã Bình Dương', '051');
INSERT INTO services_ward (id, name, district_id) VALUES ('01714', 'Xã Lê Chung', '051');
INSERT INTO services_ward (id, name, district_id) VALUES ('01723', 'Xã Hồng Nam', '051');
INSERT INTO services_district (id, name, city_id) VALUES ('052', 'Huyện Nguyên Bình', '04');
INSERT INTO services_ward (id, name, district_id) VALUES ('01726', 'Thị trấn Nguyên Bình', '052');
INSERT INTO services_ward (id, name, district_id) VALUES ('01729', 'Thị trấn Tĩnh Túc', '052');
INSERT INTO services_ward (id, name, district_id) VALUES ('01732', 'Xã Yên Lạc', '052');
INSERT INTO services_ward (id, name, district_id) VALUES ('01735', 'Xã Triệu Nguyên', '052');
INSERT INTO services_ward (id, name, district_id) VALUES ('01738', 'Xã Ca Thành', '052');
INSERT INTO services_ward (id, name, district_id) VALUES ('01744', 'Xã Vũ Nông', '052');
INSERT INTO services_ward (id, name, district_id) VALUES ('01747', 'Xã Minh Tâm', '052');
INSERT INTO services_ward (id, name, district_id) VALUES ('01750', 'Xã Thể Dục', '052');
INSERT INTO services_ward (id, name, district_id) VALUES ('01756', 'Xã Mai Long', '052');
INSERT INTO services_ward (id, name, district_id) VALUES ('01762', 'Xã Vũ Minh', '052');
INSERT INTO services_ward (id, name, district_id) VALUES ('01765', 'Xã Hoa Thám', '052');
INSERT INTO services_ward (id, name, district_id) VALUES ('01768', 'Xã Phan Thanh', '052');
INSERT INTO services_ward (id, name, district_id) VALUES ('01771', 'Xã Quang Thành', '052');
INSERT INTO services_ward (id, name, district_id) VALUES ('01774', 'Xã Tam Kim', '052');
INSERT INTO services_ward (id, name, district_id) VALUES ('01777', 'Xã Thành Công', '052');
INSERT INTO services_ward (id, name, district_id) VALUES ('01780', 'Xã Thịnh Vượng', '052');
INSERT INTO services_ward (id, name, district_id) VALUES ('01783', 'Xã Hưng Đạo', '052');
INSERT INTO services_district (id, name, city_id) VALUES ('053', 'Huyện Thạch An', '04');
INSERT INTO services_ward (id, name, district_id) VALUES ('01786', 'Thị trấn Đông Khê', '053');
INSERT INTO services_ward (id, name, district_id) VALUES ('01789', 'Xã Canh Tân', '053');
INSERT INTO services_ward (id, name, district_id) VALUES ('01792', 'Xã Kim Đồng', '053');
INSERT INTO services_ward (id, name, district_id) VALUES ('01795', 'Xã Minh Khai', '053');
INSERT INTO services_ward (id, name, district_id) VALUES ('01801', 'Xã Đức Thông', '053');
INSERT INTO services_ward (id, name, district_id) VALUES ('01804', 'Xã Thái Cường', '053');
INSERT INTO services_ward (id, name, district_id) VALUES ('01807', 'Xã Vân Trình', '053');
INSERT INTO services_ward (id, name, district_id) VALUES ('01810', 'Xã Thụy Hùng', '053');
INSERT INTO services_ward (id, name, district_id) VALUES ('01813', 'Xã Quang Trọng', '053');
INSERT INTO services_ward (id, name, district_id) VALUES ('01816', 'Xã Trọng Con', '053');
INSERT INTO services_ward (id, name, district_id) VALUES ('01819', 'Xã Lê Lai', '053');
INSERT INTO services_ward (id, name, district_id) VALUES ('01822', 'Xã Đức Long', '053');
INSERT INTO services_ward (id, name, district_id) VALUES ('01828', 'Xã Lê Lợi', '053');
INSERT INTO services_ward (id, name, district_id) VALUES ('01831', 'Xã Đức Xuân', '053');
INSERT INTO services_city (id, name) VALUES ('06', 'Tỉnh Bắc Kạn');
INSERT INTO services_district (id, name, city_id) VALUES ('058', 'Thành phố Bắc Kạn', '06');
INSERT INTO services_ward (id, name, district_id) VALUES ('01834', 'Phường Nguyễn Thị Minh Khai', '058');
INSERT INTO services_ward (id, name, district_id) VALUES ('01837', 'Phường Sông Cầu', '058');
INSERT INTO services_ward (id, name, district_id) VALUES ('01840', 'Phường Đức Xuân', '058');
INSERT INTO services_ward (id, name, district_id) VALUES ('01843', 'Phường Phùng Chí Kiên', '058');
INSERT INTO services_ward (id, name, district_id) VALUES ('01846', 'Phường Huyền Tụng', '058');
INSERT INTO services_ward (id, name, district_id) VALUES ('01849', 'Xã Dương Quang', '058');
INSERT INTO services_ward (id, name, district_id) VALUES ('01852', 'Xã Nông Thượng', '058');
INSERT INTO services_ward (id, name, district_id) VALUES ('01855', 'Phường Xuất Hóa', '058');
INSERT INTO services_district (id, name, city_id) VALUES ('060', 'Huyện Pác Nặm', '06');
INSERT INTO services_ward (id, name, district_id) VALUES ('01858', 'Xã Bằng Thành', '060');
INSERT INTO services_ward (id, name, district_id) VALUES ('01861', 'Xã Nhạn Môn', '060');
INSERT INTO services_ward (id, name, district_id) VALUES ('01864', 'Xã Bộc Bố', '060');
INSERT INTO services_ward (id, name, district_id) VALUES ('01867', 'Xã Công Bằng', '060');
INSERT INTO services_ward (id, name, district_id) VALUES ('01870', 'Xã Giáo Hiệu', '060');
INSERT INTO services_ward (id, name, district_id) VALUES ('01873', 'Xã Xuân La', '060');
INSERT INTO services_ward (id, name, district_id) VALUES ('01876', 'Xã An Thắng', '060');
INSERT INTO services_ward (id, name, district_id) VALUES ('01879', 'Xã Cổ Linh', '060');
INSERT INTO services_ward (id, name, district_id) VALUES ('01882', 'Xã Nghiên Loan', '060');
INSERT INTO services_ward (id, name, district_id) VALUES ('01885', 'Xã Cao Tân', '060');
INSERT INTO services_district (id, name, city_id) VALUES ('061', 'Huyện Ba Bể', '06');
INSERT INTO services_ward (id, name, district_id) VALUES ('01888', 'Thị trấn Chợ Rã', '061');
INSERT INTO services_ward (id, name, district_id) VALUES ('01891', 'Xã Bành Trạch', '061');
INSERT INTO services_ward (id, name, district_id) VALUES ('01894', 'Xã Phúc Lộc', '061');
INSERT INTO services_ward (id, name, district_id) VALUES ('01897', 'Xã Hà Hiệu', '061');
INSERT INTO services_ward (id, name, district_id) VALUES ('01900', 'Xã Cao Thượng', '061');
INSERT INTO services_ward (id, name, district_id) VALUES ('01906', 'Xã Khang Ninh', '061');
INSERT INTO services_ward (id, name, district_id) VALUES ('01909', 'Xã Nam Mẫu', '061');
INSERT INTO services_ward (id, name, district_id) VALUES ('01912', 'Xã Thượng Giáo', '061');
INSERT INTO services_ward (id, name, district_id) VALUES ('01915', 'Xã Địa Linh', '061');
INSERT INTO services_ward (id, name, district_id) VALUES ('01918', 'Xã Yến Dương', '061');
INSERT INTO services_ward (id, name, district_id) VALUES ('01921', 'Xã Chu Hương', '061');
INSERT INTO services_ward (id, name, district_id) VALUES ('01924', 'Xã Quảng Khê', '061');
INSERT INTO services_ward (id, name, district_id) VALUES ('01927', 'Xã Mỹ Phương', '061');
INSERT INTO services_ward (id, name, district_id) VALUES ('01930', 'Xã Hoàng Trĩ', '061');
INSERT INTO services_ward (id, name, district_id) VALUES ('01933', 'Xã Đồng Phúc', '061');
INSERT INTO services_district (id, name, city_id) VALUES ('062', 'Huyện Ngân Sơn', '06');
INSERT INTO services_ward (id, name, district_id) VALUES ('01936', 'Thị trấn Nà Phặc', '062');
INSERT INTO services_ward (id, name, district_id) VALUES ('01939', 'Xã Thượng Ân', '062');
INSERT INTO services_ward (id, name, district_id) VALUES ('01942', 'Xã Bằng Vân', '062');
INSERT INTO services_ward (id, name, district_id) VALUES ('01945', 'Xã Cốc Đán', '062');
INSERT INTO services_ward (id, name, district_id) VALUES ('01948', 'Xã Trung Hoà', '062');
INSERT INTO services_ward (id, name, district_id) VALUES ('01951', 'Xã Đức Vân', '062');
INSERT INTO services_ward (id, name, district_id) VALUES ('01954', 'Thị trấn Vân Tùng', '062');
INSERT INTO services_ward (id, name, district_id) VALUES ('01957', 'Xã Thượng Quan', '062');
INSERT INTO services_ward (id, name, district_id) VALUES ('01960', 'Xã Hiệp Lực', '062');
INSERT INTO services_ward (id, name, district_id) VALUES ('01963', 'Xã Thuần Mang', '062');
INSERT INTO services_district (id, name, city_id) VALUES ('063', 'Huyện Bạch Thông', '06');
INSERT INTO services_ward (id, name, district_id) VALUES ('01969', 'Thị trấn Phủ Thông', '063');
INSERT INTO services_ward (id, name, district_id) VALUES ('01975', 'Xã Vi Hương', '063');
INSERT INTO services_ward (id, name, district_id) VALUES ('01978', 'Xã Sĩ Bình', '063');
INSERT INTO services_ward (id, name, district_id) VALUES ('01981', 'Xã Vũ Muộn', '063');
INSERT INTO services_ward (id, name, district_id) VALUES ('01984', 'Xã Đôn Phong', '063');
INSERT INTO services_ward (id, name, district_id) VALUES ('01990', 'Xã Lục Bình', '063');
INSERT INTO services_ward (id, name, district_id) VALUES ('01993', 'Xã Tân Tú', '063');
INSERT INTO services_ward (id, name, district_id) VALUES ('01999', 'Xã Nguyên Phúc', '063');
INSERT INTO services_ward (id, name, district_id) VALUES ('02002', 'Xã Cao Sơn', '063');
INSERT INTO services_ward (id, name, district_id) VALUES ('02005', 'Xã Quân Hà', '063');
INSERT INTO services_ward (id, name, district_id) VALUES ('02008', 'Xã Cẩm Giàng', '063');
INSERT INTO services_ward (id, name, district_id) VALUES ('02011', 'Xã Mỹ Thanh', '063');
INSERT INTO services_ward (id, name, district_id) VALUES ('02014', 'Xã Dương Phong', '063');
INSERT INTO services_ward (id, name, district_id) VALUES ('02017', 'Xã Quang Thuận', '063');
INSERT INTO services_district (id, name, city_id) VALUES ('064', 'Huyện Chợ Đồn', '06');
INSERT INTO services_ward (id, name, district_id) VALUES ('02020', 'Thị trấn Bằng Lũng', '064');
INSERT INTO services_ward (id, name, district_id) VALUES ('02023', 'Xã Xuân Lạc', '064');
INSERT INTO services_ward (id, name, district_id) VALUES ('02026', 'Xã Nam Cường', '064');
INSERT INTO services_ward (id, name, district_id) VALUES ('02029', 'Xã Đồng Lạc', '064');
INSERT INTO services_ward (id, name, district_id) VALUES ('02032', 'Xã Tân Lập', '064');
INSERT INTO services_ward (id, name, district_id) VALUES ('02035', 'Xã Bản Thi', '064');
INSERT INTO services_ward (id, name, district_id) VALUES ('02038', 'Xã Quảng Bạch', '064');
INSERT INTO services_ward (id, name, district_id) VALUES ('02041', 'Xã Bằng Phúc', '064');
INSERT INTO services_ward (id, name, district_id) VALUES ('02044', 'Xã Yên Thịnh', '064');
INSERT INTO services_ward (id, name, district_id) VALUES ('02047', 'Xã Yên Thượng', '064');
INSERT INTO services_ward (id, name, district_id) VALUES ('02050', 'Xã Phương Viên', '064');
INSERT INTO services_ward (id, name, district_id) VALUES ('02053', 'Xã Ngọc Phái', '064');
INSERT INTO services_ward (id, name, district_id) VALUES ('02059', 'Xã Đồng Thắng', '064');
INSERT INTO services_ward (id, name, district_id) VALUES ('02062', 'Xã Lương Bằng', '064');
INSERT INTO services_ward (id, name, district_id) VALUES ('02065', 'Xã Bằng Lãng', '064');
INSERT INTO services_ward (id, name, district_id) VALUES ('02068', 'Xã Đại Sảo', '064');
INSERT INTO services_ward (id, name, district_id) VALUES ('02071', 'Xã Nghĩa Tá', '064');
INSERT INTO services_ward (id, name, district_id) VALUES ('02077', 'Xã Yên Mỹ', '064');
INSERT INTO services_ward (id, name, district_id) VALUES ('02080', 'Xã Bình Trung', '064');
INSERT INTO services_ward (id, name, district_id) VALUES ('02083', 'Xã Yên Phong', '064');
INSERT INTO services_district (id, name, city_id) VALUES ('065', 'Huyện Chợ Mới', '06');
INSERT INTO services_ward (id, name, district_id) VALUES ('02086', 'Thị trấn Đồng Tâm', '065');
INSERT INTO services_ward (id, name, district_id) VALUES ('02089', 'Xã Tân Sơn', '065');
INSERT INTO services_ward (id, name, district_id) VALUES ('02092', 'Xã Thanh Vận', '065');
INSERT INTO services_ward (id, name, district_id) VALUES ('02095', 'Xã Mai Lạp', '065');
INSERT INTO services_ward (id, name, district_id) VALUES ('02098', 'Xã Hoà Mục', '065');
INSERT INTO services_ward (id, name, district_id) VALUES ('02101', 'Xã Thanh Mai', '065');
INSERT INTO services_ward (id, name, district_id) VALUES ('02104', 'Xã Cao Kỳ', '065');
INSERT INTO services_ward (id, name, district_id) VALUES ('02107', 'Xã Nông Hạ', '065');
INSERT INTO services_ward (id, name, district_id) VALUES ('02110', 'Xã Yên Cư', '065');
INSERT INTO services_ward (id, name, district_id) VALUES ('02113', 'Xã Thanh Thịnh', '065');
INSERT INTO services_ward (id, name, district_id) VALUES ('02116', 'Xã Yên Hân', '065');
INSERT INTO services_ward (id, name, district_id) VALUES ('02122', 'Xã Như Cố', '065');
INSERT INTO services_ward (id, name, district_id) VALUES ('02125', 'Xã Bình Văn', '065');
INSERT INTO services_ward (id, name, district_id) VALUES ('02131', 'Xã Quảng Chu', '065');
INSERT INTO services_district (id, name, city_id) VALUES ('066', 'Huyện Na Rì', '06');
INSERT INTO services_ward (id, name, district_id) VALUES ('02137', 'Xã Văn Vũ', '066');
INSERT INTO services_ward (id, name, district_id) VALUES ('02140', 'Xã Văn Lang', '066');
INSERT INTO services_ward (id, name, district_id) VALUES ('02143', 'Xã Lương Thượng', '066');
INSERT INTO services_ward (id, name, district_id) VALUES ('02146', 'Xã Kim Hỷ', '066');
INSERT INTO services_ward (id, name, district_id) VALUES ('02152', 'Xã Cường Lợi', '066');
INSERT INTO services_ward (id, name, district_id) VALUES ('02155', 'Thị trấn Yến Lạc', '066');
INSERT INTO services_ward (id, name, district_id) VALUES ('02158', 'Xã Kim Lư', '066');
INSERT INTO services_ward (id, name, district_id) VALUES ('02161', 'Xã Sơn Thành', '066');
INSERT INTO services_ward (id, name, district_id) VALUES ('02170', 'Xã Văn Minh', '066');
INSERT INTO services_ward (id, name, district_id) VALUES ('02173', 'Xã Côn Minh', '066');
INSERT INTO services_ward (id, name, district_id) VALUES ('02176', 'Xã Cư Lễ', '066');
INSERT INTO services_ward (id, name, district_id) VALUES ('02179', 'Xã Trần Phú', '066');
INSERT INTO services_ward (id, name, district_id) VALUES ('02185', 'Xã Quang Phong', '066');
INSERT INTO services_ward (id, name, district_id) VALUES ('02188', 'Xã Dương Sơn', '066');
INSERT INTO services_ward (id, name, district_id) VALUES ('02191', 'Xã Xuân Dương', '066');
INSERT INTO services_ward (id, name, district_id) VALUES ('02194', 'Xã Đổng Xá', '066');
INSERT INTO services_ward (id, name, district_id) VALUES ('02197', 'Xã Liêm Thuỷ', '066');
INSERT INTO services_city (id, name) VALUES ('08', 'Tỉnh Tuyên Quang');
INSERT INTO services_district (id, name, city_id) VALUES ('070', 'Thành phố Tuyên Quang', '08');
INSERT INTO services_ward (id, name, district_id) VALUES ('02200', 'Phường Phan Thiết', '070');
INSERT INTO services_ward (id, name, district_id) VALUES ('02203', 'Phường Minh Xuân', '070');
INSERT INTO services_ward (id, name, district_id) VALUES ('02206', 'Phường Tân Quang', '070');
INSERT INTO services_ward (id, name, district_id) VALUES ('02209', 'Xã Tràng Đà', '070');
INSERT INTO services_ward (id, name, district_id) VALUES ('02212', 'Phường Nông Tiến', '070');
INSERT INTO services_ward (id, name, district_id) VALUES ('02215', 'Phường Ỷ La', '070');
INSERT INTO services_ward (id, name, district_id) VALUES ('02216', 'Phường Tân Hà', '070');
INSERT INTO services_ward (id, name, district_id) VALUES ('02218', 'Phường Hưng Thành', '070');
INSERT INTO services_ward (id, name, district_id) VALUES ('02497', 'Xã Kim Phú', '070');
INSERT INTO services_ward (id, name, district_id) VALUES ('02503', 'Xã An Khang', '070');
INSERT INTO services_ward (id, name, district_id) VALUES ('02509', 'Phường Mỹ Lâm', '070');
INSERT INTO services_ward (id, name, district_id) VALUES ('02512', 'Phường An Tường', '070');
INSERT INTO services_ward (id, name, district_id) VALUES ('02515', 'Xã Lưỡng Vượng', '070');
INSERT INTO services_ward (id, name, district_id) VALUES ('02521', 'Xã Thái Long', '070');
INSERT INTO services_ward (id, name, district_id) VALUES ('02524', 'Phường Đội Cấn', '070');
INSERT INTO services_district (id, name, city_id) VALUES ('071', 'Huyện Lâm Bình', '08');
INSERT INTO services_ward (id, name, district_id) VALUES ('02233', 'Xã Phúc Yên', '071');
INSERT INTO services_ward (id, name, district_id) VALUES ('02242', 'Xã Xuân Lập', '071');
INSERT INTO services_ward (id, name, district_id) VALUES ('02251', 'Xã Khuôn Hà', '071');
INSERT INTO services_ward (id, name, district_id) VALUES ('02266', 'Thị trấn Lăng Can', '071');
INSERT INTO services_ward (id, name, district_id) VALUES ('02269', 'Xã Thượng Lâm', '071');
INSERT INTO services_ward (id, name, district_id) VALUES ('02290', 'Xã Bình An', '071');
INSERT INTO services_ward (id, name, district_id) VALUES ('02293', 'Xã Hồng Quang', '071');
INSERT INTO services_ward (id, name, district_id) VALUES ('02296', 'Xã Thổ Bình', '071');
INSERT INTO services_ward (id, name, district_id) VALUES ('02299', 'Xã Phúc Sơn', '071');
INSERT INTO services_ward (id, name, district_id) VALUES ('02302', 'Xã Minh Quang', '071');
INSERT INTO services_district (id, name, city_id) VALUES ('072', 'Huyện Na Hang', '08');
INSERT INTO services_ward (id, name, district_id) VALUES ('02221', 'Thị trấn Na Hang', '072');
INSERT INTO services_ward (id, name, district_id) VALUES ('02227', 'Xã Sinh Long', '072');
INSERT INTO services_ward (id, name, district_id) VALUES ('02230', 'Xã Thượng Giáp', '072');
INSERT INTO services_ward (id, name, district_id) VALUES ('02239', 'Xã Thượng Nông', '072');
INSERT INTO services_ward (id, name, district_id) VALUES ('02245', 'Xã Côn Lôn', '072');
INSERT INTO services_ward (id, name, district_id) VALUES ('02248', 'Xã Yên Hoa', '072');
INSERT INTO services_ward (id, name, district_id) VALUES ('02254', 'Xã Hồng Thái', '072');
INSERT INTO services_ward (id, name, district_id) VALUES ('02260', 'Xã Đà Vị', '072');
INSERT INTO services_ward (id, name, district_id) VALUES ('02263', 'Xã Khau Tinh', '072');
INSERT INTO services_ward (id, name, district_id) VALUES ('02275', 'Xã Sơn Phú', '072');
INSERT INTO services_ward (id, name, district_id) VALUES ('02281', 'Xã Năng Khả', '072');
INSERT INTO services_ward (id, name, district_id) VALUES ('02284', 'Xã Thanh Tương', '072');
INSERT INTO services_district (id, name, city_id) VALUES ('073', 'Huyện Chiêm Hóa', '08');
INSERT INTO services_ward (id, name, district_id) VALUES ('02317', 'Xã Yên Lập', '073');
INSERT INTO services_ward (id, name, district_id) VALUES ('02287', 'Thị trấn Vĩnh Lộc', '073');
INSERT INTO services_ward (id, name, district_id) VALUES ('02305', 'Xã Trung Hà', '073');
INSERT INTO services_ward (id, name, district_id) VALUES ('02308', 'Xã Tân Mỹ', '073');
INSERT INTO services_ward (id, name, district_id) VALUES ('02311', 'Xã Hà Lang', '073');
INSERT INTO services_ward (id, name, district_id) VALUES ('02314', 'Xã Hùng Mỹ', '073');
INSERT INTO services_ward (id, name, district_id) VALUES ('02320', 'Xã Tân An', '073');
INSERT INTO services_ward (id, name, district_id) VALUES ('02323', 'Xã Bình Phú', '073');
INSERT INTO services_ward (id, name, district_id) VALUES ('02326', 'Xã Xuân Quang', '073');
INSERT INTO services_ward (id, name, district_id) VALUES ('02329', 'Xã Ngọc Hội', '073');
INSERT INTO services_ward (id, name, district_id) VALUES ('02332', 'Xã Phú Bình', '073');
INSERT INTO services_ward (id, name, district_id) VALUES ('02335', 'Xã Hòa Phú', '073');
INSERT INTO services_ward (id, name, district_id) VALUES ('02338', 'Xã Phúc Thịnh', '073');
INSERT INTO services_ward (id, name, district_id) VALUES ('02341', 'Xã Kiên Đài', '073');
INSERT INTO services_ward (id, name, district_id) VALUES ('02344', 'Xã Tân Thịnh', '073');
INSERT INTO services_ward (id, name, district_id) VALUES ('02347', 'Xã Trung Hòa', '073');
INSERT INTO services_ward (id, name, district_id) VALUES ('02350', 'Xã Kim Bình', '073');
INSERT INTO services_ward (id, name, district_id) VALUES ('02353', 'Xã Hòa An', '073');
INSERT INTO services_ward (id, name, district_id) VALUES ('02356', 'Xã Vinh Quang', '073');
INSERT INTO services_ward (id, name, district_id) VALUES ('02359', 'Xã Tri Phú', '073');
INSERT INTO services_ward (id, name, district_id) VALUES ('02362', 'Xã Nhân Lý', '073');
INSERT INTO services_ward (id, name, district_id) VALUES ('02365', 'Xã Yên Nguyên', '073');
INSERT INTO services_ward (id, name, district_id) VALUES ('02368', 'Xã Linh Phú', '073');
INSERT INTO services_ward (id, name, district_id) VALUES ('02371', 'Xã Bình Nhân', '073');
INSERT INTO services_district (id, name, city_id) VALUES ('074', 'Huyện Hàm Yên', '08');
INSERT INTO services_ward (id, name, district_id) VALUES ('02374', 'Thị trấn Tân Yên', '074');
INSERT INTO services_ward (id, name, district_id) VALUES ('02377', 'Xã Yên Thuận', '074');
INSERT INTO services_ward (id, name, district_id) VALUES ('02380', 'Xã Bạch Xa', '074');
INSERT INTO services_ward (id, name, district_id) VALUES ('02383', 'Xã Minh Khương', '074');
INSERT INTO services_ward (id, name, district_id) VALUES ('02386', 'Xã Yên Lâm', '074');
INSERT INTO services_ward (id, name, district_id) VALUES ('02389', 'Xã Minh Dân', '074');
INSERT INTO services_ward (id, name, district_id) VALUES ('02392', 'Xã Phù Lưu', '074');
INSERT INTO services_ward (id, name, district_id) VALUES ('02395', 'Xã Minh Hương', '074');
INSERT INTO services_ward (id, name, district_id) VALUES ('02398', 'Xã Yên Phú', '074');
INSERT INTO services_ward (id, name, district_id) VALUES ('02401', 'Xã Tân Thành', '074');
INSERT INTO services_ward (id, name, district_id) VALUES ('02404', 'Xã Bình Xa', '074');
INSERT INTO services_ward (id, name, district_id) VALUES ('02407', 'Xã Thái Sơn', '074');
INSERT INTO services_ward (id, name, district_id) VALUES ('02410', 'Xã Nhân Mục', '074');
INSERT INTO services_ward (id, name, district_id) VALUES ('02413', 'Xã Thành Long', '074');
INSERT INTO services_ward (id, name, district_id) VALUES ('02416', 'Xã Bằng Cốc', '074');
INSERT INTO services_ward (id, name, district_id) VALUES ('02419', 'Xã Thái Hòa', '074');
INSERT INTO services_ward (id, name, district_id) VALUES ('02422', 'Xã Đức Ninh', '074');
INSERT INTO services_ward (id, name, district_id) VALUES ('02425', 'Xã Hùng Đức', '074');
INSERT INTO services_district (id, name, city_id) VALUES ('075', 'Huyện Yên Sơn', '08');
INSERT INTO services_ward (id, name, district_id) VALUES ('02431', 'Xã Quí Quân', '075');
INSERT INTO services_ward (id, name, district_id) VALUES ('02434', 'Xã Lực Hành', '075');
INSERT INTO services_ward (id, name, district_id) VALUES ('02437', 'Xã Kiến Thiết', '075');
INSERT INTO services_ward (id, name, district_id) VALUES ('02440', 'Xã Trung Minh', '075');
INSERT INTO services_ward (id, name, district_id) VALUES ('02443', 'Xã Chiêu Yên', '075');
INSERT INTO services_ward (id, name, district_id) VALUES ('02446', 'Xã Trung Trực', '075');
INSERT INTO services_ward (id, name, district_id) VALUES ('02449', 'Xã Xuân Vân', '075');
INSERT INTO services_ward (id, name, district_id) VALUES ('02452', 'Xã Phúc Ninh', '075');
INSERT INTO services_ward (id, name, district_id) VALUES ('02455', 'Xã Hùng Lợi', '075');
INSERT INTO services_ward (id, name, district_id) VALUES ('02458', 'Xã Trung Sơn', '075');
INSERT INTO services_ward (id, name, district_id) VALUES ('02461', 'Xã Tân Tiến', '075');
INSERT INTO services_ward (id, name, district_id) VALUES ('02464', 'Xã Tứ Quận', '075');
INSERT INTO services_ward (id, name, district_id) VALUES ('02467', 'Xã Đạo Viện', '075');
INSERT INTO services_ward (id, name, district_id) VALUES ('02470', 'Xã Tân Long', '075');
INSERT INTO services_ward (id, name, district_id) VALUES ('02473', 'Thị trấn Yên Sơn', '075');
INSERT INTO services_ward (id, name, district_id) VALUES ('02476', 'Xã Kim Quan', '075');
INSERT INTO services_ward (id, name, district_id) VALUES ('02479', 'Xã Lang Quán', '075');
INSERT INTO services_ward (id, name, district_id) VALUES ('02482', 'Xã Phú Thịnh', '075');
INSERT INTO services_ward (id, name, district_id) VALUES ('02485', 'Xã Công Đa', '075');
INSERT INTO services_ward (id, name, district_id) VALUES ('02488', 'Xã Trung Môn', '075');
INSERT INTO services_ward (id, name, district_id) VALUES ('02491', 'Xã Chân Sơn', '075');
INSERT INTO services_ward (id, name, district_id) VALUES ('02494', 'Xã Thái Bình', '075');
INSERT INTO services_ward (id, name, district_id) VALUES ('02500', 'Xã Tiến Bộ', '075');
INSERT INTO services_ward (id, name, district_id) VALUES ('02506', 'Xã Mỹ Bằng', '075');
INSERT INTO services_ward (id, name, district_id) VALUES ('02518', 'Xã Hoàng Khai', '075');
INSERT INTO services_ward (id, name, district_id) VALUES ('02527', 'Xã Nhữ Hán', '075');
INSERT INTO services_ward (id, name, district_id) VALUES ('02530', 'Xã Nhữ Khê', '075');
INSERT INTO services_ward (id, name, district_id) VALUES ('02533', 'Xã Đội Bình', '075');
INSERT INTO services_district (id, name, city_id) VALUES ('076', 'Huyện Sơn Dương', '08');
INSERT INTO services_ward (id, name, district_id) VALUES ('02536', 'Thị trấn Sơn Dương', '076');
INSERT INTO services_ward (id, name, district_id) VALUES ('02539', 'Xã Trung Yên', '076');
INSERT INTO services_ward (id, name, district_id) VALUES ('02542', 'Xã Minh Thanh', '076');
INSERT INTO services_ward (id, name, district_id) VALUES ('02545', 'Xã Tân Trào', '076');
INSERT INTO services_ward (id, name, district_id) VALUES ('02548', 'Xã Vĩnh Lợi', '076');
INSERT INTO services_ward (id, name, district_id) VALUES ('02551', 'Xã Thượng Ấm', '076');
INSERT INTO services_ward (id, name, district_id) VALUES ('02554', 'Xã Bình Yên', '076');
INSERT INTO services_ward (id, name, district_id) VALUES ('02557', 'Xã Lương Thiện', '076');
INSERT INTO services_ward (id, name, district_id) VALUES ('02560', 'Xã Tú Thịnh', '076');
INSERT INTO services_ward (id, name, district_id) VALUES ('02563', 'Xã Cấp Tiến', '076');
INSERT INTO services_ward (id, name, district_id) VALUES ('02566', 'Xã Hợp Thành', '076');
INSERT INTO services_ward (id, name, district_id) VALUES ('02569', 'Xã Phúc Ứng', '076');
INSERT INTO services_ward (id, name, district_id) VALUES ('02572', 'Xã Đông Thọ', '076');
INSERT INTO services_ward (id, name, district_id) VALUES ('02575', 'Xã Kháng Nhật', '076');
INSERT INTO services_ward (id, name, district_id) VALUES ('02578', 'Xã Hợp Hòa', '076');
INSERT INTO services_ward (id, name, district_id) VALUES ('02584', 'Xã Quyết Thắng', '076');
INSERT INTO services_ward (id, name, district_id) VALUES ('02587', 'Xã Đồng Quý', '076');
INSERT INTO services_ward (id, name, district_id) VALUES ('02590', 'Xã Tân Thanh', '076');
INSERT INTO services_ward (id, name, district_id) VALUES ('02596', 'Xã Văn Phú', '076');
INSERT INTO services_ward (id, name, district_id) VALUES ('02599', 'Xã Chi Thiết', '076');
INSERT INTO services_ward (id, name, district_id) VALUES ('02602', 'Xã Đông Lợi', '076');
INSERT INTO services_ward (id, name, district_id) VALUES ('02605', 'Xã Thiện Kế', '076');
INSERT INTO services_ward (id, name, district_id) VALUES ('02608', 'Xã Hồng Sơn', '076');
INSERT INTO services_ward (id, name, district_id) VALUES ('02611', 'Xã Phú Lương', '076');
INSERT INTO services_ward (id, name, district_id) VALUES ('02614', 'Xã Ninh Lai', '076');
INSERT INTO services_ward (id, name, district_id) VALUES ('02617', 'Xã Đại Phú', '076');
INSERT INTO services_ward (id, name, district_id) VALUES ('02620', 'Xã Sơn Nam', '076');
INSERT INTO services_ward (id, name, district_id) VALUES ('02623', 'Xã Hào Phú', '076');
INSERT INTO services_ward (id, name, district_id) VALUES ('02626', 'Xã Tam Đa', '076');
INSERT INTO services_ward (id, name, district_id) VALUES ('02632', 'Xã Trường Sinh', '076');
INSERT INTO services_city (id, name) VALUES ('10', 'Tỉnh Lào Cai');
INSERT INTO services_district (id, name, city_id) VALUES ('080', 'Thành phố Lào Cai', '10');
INSERT INTO services_ward (id, name, district_id) VALUES ('02635', 'Phường Duyên Hải', '080');
INSERT INTO services_ward (id, name, district_id) VALUES ('02641', 'Phường Lào Cai', '080');
INSERT INTO services_ward (id, name, district_id) VALUES ('02644', 'Phường Cốc Lếu', '080');
INSERT INTO services_ward (id, name, district_id) VALUES ('02647', 'Phường Kim Tân', '080');
INSERT INTO services_ward (id, name, district_id) VALUES ('02650', 'Phường Bắc Lệnh', '080');
INSERT INTO services_ward (id, name, district_id) VALUES ('02653', 'Phường Pom Hán', '080');
INSERT INTO services_ward (id, name, district_id) VALUES ('02656', 'Phường Xuân Tăng', '080');
INSERT INTO services_ward (id, name, district_id) VALUES ('02658', 'Phường Bình Minh', '080');
INSERT INTO services_ward (id, name, district_id) VALUES ('02659', 'Xã Thống Nhất', '080');
INSERT INTO services_ward (id, name, district_id) VALUES ('02662', 'Xã Đồng Tuyển', '080');
INSERT INTO services_ward (id, name, district_id) VALUES ('02665', 'Xã Vạn Hoà', '080');
INSERT INTO services_ward (id, name, district_id) VALUES ('02668', 'Phường Bắc Cường', '080');
INSERT INTO services_ward (id, name, district_id) VALUES ('02671', 'Phường Nam Cường', '080');
INSERT INTO services_ward (id, name, district_id) VALUES ('02674', 'Xã Cam Đường', '080');
INSERT INTO services_ward (id, name, district_id) VALUES ('02677', 'Xã Tả Phời', '080');
INSERT INTO services_ward (id, name, district_id) VALUES ('02680', 'Xã Hợp Thành', '080');
INSERT INTO services_ward (id, name, district_id) VALUES ('02746', 'Xã Cốc San', '080');
INSERT INTO services_district (id, name, city_id) VALUES ('082', 'Huyện Bát Xát', '10');
INSERT INTO services_ward (id, name, district_id) VALUES ('02683', 'Thị trấn Bát Xát', '082');
INSERT INTO services_ward (id, name, district_id) VALUES ('02686', 'Xã A Mú Sung', '082');
INSERT INTO services_ward (id, name, district_id) VALUES ('02689', 'Xã Nậm Chạc', '082');
INSERT INTO services_ward (id, name, district_id) VALUES ('02692', 'Xã A Lù', '082');
INSERT INTO services_ward (id, name, district_id) VALUES ('02695', 'Xã Trịnh Tường', '082');
INSERT INTO services_ward (id, name, district_id) VALUES ('02701', 'Xã Y Tý', '082');
INSERT INTO services_ward (id, name, district_id) VALUES ('02704', 'Xã Cốc Mỳ', '082');
INSERT INTO services_ward (id, name, district_id) VALUES ('02707', 'Xã Dền Sáng', '082');
INSERT INTO services_ward (id, name, district_id) VALUES ('02710', 'Xã Bản Vược', '082');
INSERT INTO services_ward (id, name, district_id) VALUES ('02713', 'Xã Sàng Ma Sáo', '082');
INSERT INTO services_ward (id, name, district_id) VALUES ('02716', 'Xã Bản Qua', '082');
INSERT INTO services_ward (id, name, district_id) VALUES ('02719', 'Xã Mường Vi', '082');
INSERT INTO services_ward (id, name, district_id) VALUES ('02722', 'Xã Dền Thàng', '082');
INSERT INTO services_ward (id, name, district_id) VALUES ('02725', 'Xã Bản Xèo', '082');
INSERT INTO services_ward (id, name, district_id) VALUES ('02728', 'Xã Mường Hum', '082');
INSERT INTO services_ward (id, name, district_id) VALUES ('02731', 'Xã Trung Lèng Hồ', '082');
INSERT INTO services_ward (id, name, district_id) VALUES ('02734', 'Xã Quang Kim', '082');
INSERT INTO services_ward (id, name, district_id) VALUES ('02737', 'Xã Pa Cheo', '082');
INSERT INTO services_ward (id, name, district_id) VALUES ('02740', 'Xã Nậm Pung', '082');
INSERT INTO services_ward (id, name, district_id) VALUES ('02743', 'Xã Phìn Ngan', '082');
INSERT INTO services_ward (id, name, district_id) VALUES ('02749', 'Xã Tòng Sành', '082');
INSERT INTO services_district (id, name, city_id) VALUES ('083', 'Huyện Mường Khương', '10');
INSERT INTO services_ward (id, name, district_id) VALUES ('02752', 'Xã Pha Long', '083');
INSERT INTO services_ward (id, name, district_id) VALUES ('02755', 'Xã Tả Ngải Chồ', '083');
INSERT INTO services_ward (id, name, district_id) VALUES ('02758', 'Xã Tung Chung Phố', '083');
INSERT INTO services_ward (id, name, district_id) VALUES ('02761', 'Thị trấn Mường Khương', '083');
INSERT INTO services_ward (id, name, district_id) VALUES ('02764', 'Xã Dìn Chin', '083');
INSERT INTO services_ward (id, name, district_id) VALUES ('02767', 'Xã Tả Gia Khâu', '083');
INSERT INTO services_ward (id, name, district_id) VALUES ('02770', 'Xã Nậm Chảy', '083');
INSERT INTO services_ward (id, name, district_id) VALUES ('02773', 'Xã Nấm Lư', '083');
INSERT INTO services_ward (id, name, district_id) VALUES ('02776', 'Xã Lùng Khấu Nhin', '083');
INSERT INTO services_ward (id, name, district_id) VALUES ('02779', 'Xã Thanh Bình', '083');
INSERT INTO services_ward (id, name, district_id) VALUES ('02782', 'Xã Cao Sơn', '083');
INSERT INTO services_ward (id, name, district_id) VALUES ('02785', 'Xã Lùng Vai', '083');
INSERT INTO services_ward (id, name, district_id) VALUES ('02788', 'Xã Bản Lầu', '083');
INSERT INTO services_ward (id, name, district_id) VALUES ('02791', 'Xã La Pan Tẩn', '083');
INSERT INTO services_ward (id, name, district_id) VALUES ('02794', 'Xã Tả Thàng', '083');
INSERT INTO services_ward (id, name, district_id) VALUES ('02797', 'Xã Bản Sen', '083');
INSERT INTO services_district (id, name, city_id) VALUES ('084', 'Huyện Si Ma Cai', '10');
INSERT INTO services_ward (id, name, district_id) VALUES ('02800', 'Xã Nàn Sán', '084');
INSERT INTO services_ward (id, name, district_id) VALUES ('02803', 'Xã Thào Chư Phìn', '084');
INSERT INTO services_ward (id, name, district_id) VALUES ('02806', 'Xã Bản Mế', '084');
INSERT INTO services_ward (id, name, district_id) VALUES ('02809', 'Thị trấn Si Ma Cai', '084');
INSERT INTO services_ward (id, name, district_id) VALUES ('02812', 'Xã Sán Chải', '084');
INSERT INTO services_ward (id, name, district_id) VALUES ('02818', 'Xã Lùng Thẩn', '084');
INSERT INTO services_ward (id, name, district_id) VALUES ('02821', 'Xã Cán Cấu', '084');
INSERT INTO services_ward (id, name, district_id) VALUES ('02824', 'Xã Sín Chéng', '084');
INSERT INTO services_ward (id, name, district_id) VALUES ('02827', 'Xã Quan Hồ Thẩn', '084');
INSERT INTO services_ward (id, name, district_id) VALUES ('02836', 'Xã Nàn Xín', '084');
INSERT INTO services_district (id, name, city_id) VALUES ('085', 'Huyện Bắc Hà', '10');
INSERT INTO services_ward (id, name, district_id) VALUES ('02839', 'Thị trấn Bắc Hà', '085');
INSERT INTO services_ward (id, name, district_id) VALUES ('02842', 'Xã Lùng Cải', '085');
INSERT INTO services_ward (id, name, district_id) VALUES ('02848', 'Xã Lùng Phình', '085');
INSERT INTO services_ward (id, name, district_id) VALUES ('02851', 'Xã Tả Van Chư', '085');
INSERT INTO services_ward (id, name, district_id) VALUES ('02854', 'Xã Tả Củ Tỷ', '085');
INSERT INTO services_ward (id, name, district_id) VALUES ('02857', 'Xã Thải Giàng Phố', '085');
INSERT INTO services_ward (id, name, district_id) VALUES ('02863', 'Xã Hoàng Thu Phố', '085');
INSERT INTO services_ward (id, name, district_id) VALUES ('02866', 'Xã Bản Phố', '085');
INSERT INTO services_ward (id, name, district_id) VALUES ('02869', 'Xã Bản Liền', '085');
INSERT INTO services_ward (id, name, district_id) VALUES ('02875', 'Xã Na Hối', '085');
INSERT INTO services_ward (id, name, district_id) VALUES ('02878', 'Xã Cốc Ly', '085');
INSERT INTO services_ward (id, name, district_id) VALUES ('02881', 'Xã Nậm Mòn', '085');
INSERT INTO services_ward (id, name, district_id) VALUES ('02884', 'Xã Nậm Đét', '085');
INSERT INTO services_ward (id, name, district_id) VALUES ('02887', 'Xã Nậm Khánh', '085');
INSERT INTO services_ward (id, name, district_id) VALUES ('02890', 'Xã Bảo Nhai', '085');
INSERT INTO services_ward (id, name, district_id) VALUES ('02893', 'Xã Nậm Lúc', '085');
INSERT INTO services_ward (id, name, district_id) VALUES ('02896', 'Xã Cốc Lầu', '085');
INSERT INTO services_ward (id, name, district_id) VALUES ('02899', 'Xã Bản Cái', '085');
INSERT INTO services_district (id, name, city_id) VALUES ('086', 'Huyện Bảo Thắng', '10');
INSERT INTO services_ward (id, name, district_id) VALUES ('02902', 'Thị trấn N.T Phong Hải', '086');
INSERT INTO services_ward (id, name, district_id) VALUES ('02905', 'Thị trấn Phố Lu', '086');
INSERT INTO services_ward (id, name, district_id) VALUES ('02908', 'Thị trấn Tằng Loỏng', '086');
INSERT INTO services_ward (id, name, district_id) VALUES ('02911', 'Xã Bản Phiệt', '086');
INSERT INTO services_ward (id, name, district_id) VALUES ('02914', 'Xã Bản Cầm', '086');
INSERT INTO services_ward (id, name, district_id) VALUES ('02917', 'Xã Thái Niên', '086');
INSERT INTO services_ward (id, name, district_id) VALUES ('02920', 'Xã Phong Niên', '086');
INSERT INTO services_ward (id, name, district_id) VALUES ('02923', 'Xã Gia Phú', '086');
INSERT INTO services_ward (id, name, district_id) VALUES ('02926', 'Xã Xuân Quang', '086');
INSERT INTO services_ward (id, name, district_id) VALUES ('02929', 'Xã Sơn Hải', '086');
INSERT INTO services_ward (id, name, district_id) VALUES ('02932', 'Xã Xuân Giao', '086');
INSERT INTO services_ward (id, name, district_id) VALUES ('02935', 'Xã Trì Quang', '086');
INSERT INTO services_ward (id, name, district_id) VALUES ('02938', 'Xã Sơn Hà', '086');
INSERT INTO services_ward (id, name, district_id) VALUES ('02944', 'Xã Phú Nhuận', '086');
INSERT INTO services_district (id, name, city_id) VALUES ('087', 'Huyện Bảo Yên', '10');
INSERT INTO services_ward (id, name, district_id) VALUES ('02947', 'Thị trấn Phố Ràng', '087');
INSERT INTO services_ward (id, name, district_id) VALUES ('02950', 'Xã Tân Tiến', '087');
INSERT INTO services_ward (id, name, district_id) VALUES ('02953', 'Xã Nghĩa Đô', '087');
INSERT INTO services_ward (id, name, district_id) VALUES ('02956', 'Xã Vĩnh Yên', '087');
INSERT INTO services_ward (id, name, district_id) VALUES ('02959', 'Xã Điện Quan', '087');
INSERT INTO services_ward (id, name, district_id) VALUES ('02962', 'Xã Xuân Hoà', '087');
INSERT INTO services_ward (id, name, district_id) VALUES ('02965', 'Xã Tân Dương', '087');
INSERT INTO services_ward (id, name, district_id) VALUES ('02968', 'Xã Thượng Hà', '087');
INSERT INTO services_ward (id, name, district_id) VALUES ('02971', 'Xã Kim Sơn', '087');
INSERT INTO services_ward (id, name, district_id) VALUES ('02974', 'Xã Cam Cọn', '087');
INSERT INTO services_ward (id, name, district_id) VALUES ('02977', 'Xã Minh Tân', '087');
INSERT INTO services_ward (id, name, district_id) VALUES ('02980', 'Xã Xuân Thượng', '087');
INSERT INTO services_ward (id, name, district_id) VALUES ('02983', 'Xã Việt Tiến', '087');
INSERT INTO services_ward (id, name, district_id) VALUES ('02986', 'Xã Yên Sơn', '087');
INSERT INTO services_ward (id, name, district_id) VALUES ('02989', 'Xã Bảo Hà', '087');
INSERT INTO services_ward (id, name, district_id) VALUES ('02992', 'Xã Lương Sơn', '087');
INSERT INTO services_ward (id, name, district_id) VALUES ('02998', 'Xã Phúc Khánh', '087');
INSERT INTO services_district (id, name, city_id) VALUES ('088', 'Thị xã Sa Pa', '10');
INSERT INTO services_ward (id, name, district_id) VALUES ('03001', 'Phường Sa Pa', '088');
INSERT INTO services_ward (id, name, district_id) VALUES ('03002', 'Phường Sa Pả', '088');
INSERT INTO services_ward (id, name, district_id) VALUES ('03003', 'Phường Ô Quý Hồ', '088');
INSERT INTO services_ward (id, name, district_id) VALUES ('03004', 'Xã Ngũ Chỉ Sơn', '088');
INSERT INTO services_ward (id, name, district_id) VALUES ('03006', 'Phường Phan Si Păng', '088');
INSERT INTO services_ward (id, name, district_id) VALUES ('03010', 'Xã Trung Chải', '088');
INSERT INTO services_ward (id, name, district_id) VALUES ('03013', 'Xã Tả Phìn', '088');
INSERT INTO services_ward (id, name, district_id) VALUES ('03016', 'Phường Hàm Rồng', '088');
INSERT INTO services_ward (id, name, district_id) VALUES ('03019', 'Xã Hoàng Liên', '088');
INSERT INTO services_ward (id, name, district_id) VALUES ('03022', 'Xã Thanh Bình', '088');
INSERT INTO services_ward (id, name, district_id) VALUES ('03028', 'Phường Cầu Mây', '088');
INSERT INTO services_ward (id, name, district_id) VALUES ('03037', 'Xã Mường Hoa', '088');
INSERT INTO services_ward (id, name, district_id) VALUES ('03040', 'Xã Tả Van', '088');
INSERT INTO services_ward (id, name, district_id) VALUES ('03043', 'Xã Mường Bo', '088');
INSERT INTO services_ward (id, name, district_id) VALUES ('03046', 'Xã Bản Hồ', '088');
INSERT INTO services_ward (id, name, district_id) VALUES ('03052', 'Xã Liên Minh', '088');
INSERT INTO services_district (id, name, city_id) VALUES ('089', 'Huyện Văn Bàn', '10');
INSERT INTO services_ward (id, name, district_id) VALUES ('03055', 'Thị trấn Khánh Yên', '089');
INSERT INTO services_ward (id, name, district_id) VALUES ('03061', 'Xã Võ Lao', '089');
INSERT INTO services_ward (id, name, district_id) VALUES ('03064', 'Xã Sơn Thuỷ', '089');
INSERT INTO services_ward (id, name, district_id) VALUES ('03067', 'Xã Nậm Mả', '089');
INSERT INTO services_ward (id, name, district_id) VALUES ('03070', 'Xã Tân Thượng', '089');
INSERT INTO services_ward (id, name, district_id) VALUES ('03073', 'Xã Nậm Rạng', '089');
INSERT INTO services_ward (id, name, district_id) VALUES ('03076', 'Xã Nậm Chầy', '089');
INSERT INTO services_ward (id, name, district_id) VALUES ('03079', 'Xã Tân An', '089');
INSERT INTO services_ward (id, name, district_id) VALUES ('03082', 'Xã Khánh Yên Thượng', '089');
INSERT INTO services_ward (id, name, district_id) VALUES ('03085', 'Xã Nậm Xé', '089');
INSERT INTO services_ward (id, name, district_id) VALUES ('03088', 'Xã Dần Thàng', '089');
INSERT INTO services_ward (id, name, district_id) VALUES ('03091', 'Xã Chiềng Ken', '089');
INSERT INTO services_ward (id, name, district_id) VALUES ('03094', 'Xã Làng Giàng', '089');
INSERT INTO services_ward (id, name, district_id) VALUES ('03097', 'Xã Hoà Mạc', '089');
INSERT INTO services_ward (id, name, district_id) VALUES ('03100', 'Xã Khánh Yên Trung', '089');
INSERT INTO services_ward (id, name, district_id) VALUES ('03103', 'Xã Khánh Yên Hạ', '089');
INSERT INTO services_ward (id, name, district_id) VALUES ('03106', 'Xã Dương Quỳ', '089');
INSERT INTO services_ward (id, name, district_id) VALUES ('03109', 'Xã Nậm Tha', '089');
INSERT INTO services_ward (id, name, district_id) VALUES ('03112', 'Xã Minh Lương', '089');
INSERT INTO services_ward (id, name, district_id) VALUES ('03115', 'Xã Thẩm Dương', '089');
INSERT INTO services_ward (id, name, district_id) VALUES ('03118', 'Xã Liêm Phú', '089');
INSERT INTO services_ward (id, name, district_id) VALUES ('03121', 'Xã Nậm Xây', '089');
INSERT INTO services_city (id, name) VALUES ('11', 'Tỉnh Điện Biên');
INSERT INTO services_district (id, name, city_id) VALUES ('094', 'Thành phố Điện Biên Phủ', '11');
INSERT INTO services_ward (id, name, district_id) VALUES ('03124', 'Phường Noong Bua', '094');
INSERT INTO services_ward (id, name, district_id) VALUES ('03127', 'Phường Him Lam', '094');
INSERT INTO services_ward (id, name, district_id) VALUES ('03130', 'Phường Thanh Bình', '094');
INSERT INTO services_ward (id, name, district_id) VALUES ('03133', 'Phường Tân Thanh', '094');
INSERT INTO services_ward (id, name, district_id) VALUES ('03136', 'Phường Mường Thanh', '094');
INSERT INTO services_ward (id, name, district_id) VALUES ('03139', 'Phường Nam Thanh', '094');
INSERT INTO services_ward (id, name, district_id) VALUES ('03142', 'Phường Thanh Trường', '094');
INSERT INTO services_ward (id, name, district_id) VALUES ('03145', 'Xã Thanh Minh', '094');
INSERT INTO services_ward (id, name, district_id) VALUES ('03316', 'Xã Nà Tấu', '094');
INSERT INTO services_ward (id, name, district_id) VALUES ('03317', 'Xã Nà Nhạn', '094');
INSERT INTO services_ward (id, name, district_id) VALUES ('03325', 'Xã Mường Phăng', '094');
INSERT INTO services_ward (id, name, district_id) VALUES ('03326', 'Xã Pá Khoang', '094');
INSERT INTO services_district (id, name, city_id) VALUES ('095', 'Thị xã Mường Lay', '11');
INSERT INTO services_ward (id, name, district_id) VALUES ('03148', 'Phường Sông Đà', '095');
INSERT INTO services_ward (id, name, district_id) VALUES ('03151', 'Phường Na Lay', '095');
INSERT INTO services_ward (id, name, district_id) VALUES ('03184', 'Xã Lay Nưa', '095');
INSERT INTO services_district (id, name, city_id) VALUES ('096', 'Huyện Mường Nhé', '11');
INSERT INTO services_ward (id, name, district_id) VALUES ('03154', 'Xã Sín Thầu', '096');
INSERT INTO services_ward (id, name, district_id) VALUES ('03155', 'Xã Sen Thượng', '096');
INSERT INTO services_ward (id, name, district_id) VALUES ('03157', 'Xã Chung Chải', '096');
INSERT INTO services_ward (id, name, district_id) VALUES ('03158', 'Xã Leng Su Sìn', '096');
INSERT INTO services_ward (id, name, district_id) VALUES ('03159', 'Xã Pá Mỳ', '096');
INSERT INTO services_ward (id, name, district_id) VALUES ('03160', 'Xã Mường Nhé', '096');
INSERT INTO services_ward (id, name, district_id) VALUES ('03161', 'Xã Nậm Vì', '096');
INSERT INTO services_ward (id, name, district_id) VALUES ('03162', 'Xã Nậm Kè', '096');
INSERT INTO services_ward (id, name, district_id) VALUES ('03163', 'Xã Mường Toong', '096');
INSERT INTO services_ward (id, name, district_id) VALUES ('03164', 'Xã Quảng Lâm', '096');
INSERT INTO services_ward (id, name, district_id) VALUES ('03177', 'Xã Huổi Lếnh', '096');
INSERT INTO services_district (id, name, city_id) VALUES ('097', 'Huyện Mường Chà', '11');
INSERT INTO services_ward (id, name, district_id) VALUES ('03172', 'Thị trấn Mường Chà', '097');
INSERT INTO services_ward (id, name, district_id) VALUES ('03178', 'Xã Xá Tổng', '097');
INSERT INTO services_ward (id, name, district_id) VALUES ('03181', 'Xã Mường Tùng', '097');
INSERT INTO services_ward (id, name, district_id) VALUES ('03190', 'Xã Hừa Ngài', '097');
INSERT INTO services_ward (id, name, district_id) VALUES ('03191', 'Xã Huổi Mí', '097');
INSERT INTO services_ward (id, name, district_id) VALUES ('03193', 'Xã Pa Ham', '097');
INSERT INTO services_ward (id, name, district_id) VALUES ('03194', 'Xã Nậm Nèn', '097');
INSERT INTO services_ward (id, name, district_id) VALUES ('03196', 'Xã Huổi Lèng', '097');
INSERT INTO services_ward (id, name, district_id) VALUES ('03197', 'Xã Sa Lông', '097');
INSERT INTO services_ward (id, name, district_id) VALUES ('03200', 'Xã Ma Thì Hồ', '097');
INSERT INTO services_ward (id, name, district_id) VALUES ('03201', 'Xã Na Sang', '097');
INSERT INTO services_ward (id, name, district_id) VALUES ('03202', 'Xã Mường Mươn', '097');
INSERT INTO services_district (id, name, city_id) VALUES ('098', 'Huyện Tủa Chùa', '11');
INSERT INTO services_ward (id, name, district_id) VALUES ('03217', 'Thị trấn Tủa Chùa', '098');
INSERT INTO services_ward (id, name, district_id) VALUES ('03220', 'Xã Huổi Só', '098');
INSERT INTO services_ward (id, name, district_id) VALUES ('03223', 'Xã Xín Chải', '098');
INSERT INTO services_ward (id, name, district_id) VALUES ('03226', 'Xã Tả Sìn Thàng', '098');
INSERT INTO services_ward (id, name, district_id) VALUES ('03229', 'Xã Lao Xả Phình', '098');
INSERT INTO services_ward (id, name, district_id) VALUES ('03232', 'Xã Tả Phìn', '098');
INSERT INTO services_ward (id, name, district_id) VALUES ('03235', 'Xã Tủa Thàng', '098');
INSERT INTO services_ward (id, name, district_id) VALUES ('03238', 'Xã Trung Thu', '098');
INSERT INTO services_ward (id, name, district_id) VALUES ('03241', 'Xã Sính Phình', '098');
INSERT INTO services_ward (id, name, district_id) VALUES ('03244', 'Xã Sáng Nhè', '098');
INSERT INTO services_ward (id, name, district_id) VALUES ('03247', 'Xã Mường Đun', '098');
INSERT INTO services_ward (id, name, district_id) VALUES ('03250', 'Xã Mường Báng', '098');
INSERT INTO services_district (id, name, city_id) VALUES ('099', 'Huyện Tuần Giáo', '11');
INSERT INTO services_ward (id, name, district_id) VALUES ('03253', 'Thị trấn Tuần Giáo', '099');
INSERT INTO services_ward (id, name, district_id) VALUES ('03259', 'Xã Phình Sáng', '099');
INSERT INTO services_ward (id, name, district_id) VALUES ('03260', 'Xã Rạng Đông', '099');
INSERT INTO services_ward (id, name, district_id) VALUES ('03262', 'Xã Mùn Chung', '099');
INSERT INTO services_ward (id, name, district_id) VALUES ('03263', 'Xã Nà Tòng', '099');
INSERT INTO services_ward (id, name, district_id) VALUES ('03265', 'Xã Ta Ma', '099');
INSERT INTO services_ward (id, name, district_id) VALUES ('03268', 'Xã Mường Mùn', '099');
INSERT INTO services_ward (id, name, district_id) VALUES ('03269', 'Xã Pú Xi', '099');
INSERT INTO services_ward (id, name, district_id) VALUES ('03271', 'Xã Pú Nhung', '099');
INSERT INTO services_ward (id, name, district_id) VALUES ('03274', 'Xã Quài Nưa', '099');
INSERT INTO services_ward (id, name, district_id) VALUES ('03277', 'Xã Mường Thín', '099');
INSERT INTO services_ward (id, name, district_id) VALUES ('03280', 'Xã Tỏa Tình', '099');
INSERT INTO services_ward (id, name, district_id) VALUES ('03283', 'Xã Nà Sáy', '099');
INSERT INTO services_ward (id, name, district_id) VALUES ('03284', 'Xã Mường Khong', '099');
INSERT INTO services_ward (id, name, district_id) VALUES ('03289', 'Xã Quài Cang', '099');
INSERT INTO services_ward (id, name, district_id) VALUES ('03295', 'Xã Quài Tở', '099');
INSERT INTO services_ward (id, name, district_id) VALUES ('03298', 'Xã Chiềng Sinh', '099');
INSERT INTO services_ward (id, name, district_id) VALUES ('03299', 'Xã Chiềng Đông', '099');
INSERT INTO services_ward (id, name, district_id) VALUES ('03304', 'Xã Tênh Phông', '099');
INSERT INTO services_district (id, name, city_id) VALUES ('100', 'Huyện Điện Biên', '11');
INSERT INTO services_ward (id, name, district_id) VALUES ('03319', 'Xã Mường Pồn', '100');
INSERT INTO services_ward (id, name, district_id) VALUES ('03322', 'Xã Thanh Nưa', '100');
INSERT INTO services_ward (id, name, district_id) VALUES ('03323', 'Xã Hua Thanh', '100');
INSERT INTO services_ward (id, name, district_id) VALUES ('03328', 'Xã Thanh Luông', '100');
INSERT INTO services_ward (id, name, district_id) VALUES ('03331', 'Xã Thanh Hưng', '100');
INSERT INTO services_ward (id, name, district_id) VALUES ('03334', 'Xã Thanh Xương', '100');
INSERT INTO services_ward (id, name, district_id) VALUES ('03337', 'Xã Thanh Chăn', '100');
INSERT INTO services_ward (id, name, district_id) VALUES ('03340', 'Xã Pa Thơm', '100');
INSERT INTO services_ward (id, name, district_id) VALUES ('03343', 'Xã Thanh An', '100');
INSERT INTO services_ward (id, name, district_id) VALUES ('03346', 'Xã Thanh Yên', '100');
INSERT INTO services_ward (id, name, district_id) VALUES ('03349', 'Xã Noong Luống', '100');
INSERT INTO services_ward (id, name, district_id) VALUES ('03352', 'Xã Noọng Hẹt', '100');
INSERT INTO services_ward (id, name, district_id) VALUES ('03355', 'Xã Sam Mứn', '100');
INSERT INTO services_ward (id, name, district_id) VALUES ('03356', 'Xã Pom Lót', '100');
INSERT INTO services_ward (id, name, district_id) VALUES ('03358', 'Xã Núa Ngam', '100');
INSERT INTO services_ward (id, name, district_id) VALUES ('03359', 'Xã Hẹ Muông', '100');
INSERT INTO services_ward (id, name, district_id) VALUES ('03361', 'Xã Na Ư', '100');
INSERT INTO services_ward (id, name, district_id) VALUES ('03364', 'Xã Mường Nhà', '100');
INSERT INTO services_ward (id, name, district_id) VALUES ('03365', 'Xã Na Tông', '100');
INSERT INTO services_ward (id, name, district_id) VALUES ('03367', 'Xã Mường Lói', '100');
INSERT INTO services_ward (id, name, district_id) VALUES ('03368', 'Xã Phu Luông', '100');
INSERT INTO services_district (id, name, city_id) VALUES ('101', 'Huyện Điện Biên Đông', '11');
INSERT INTO services_ward (id, name, district_id) VALUES ('03203', 'Thị trấn Điện Biên Đông', '101');
INSERT INTO services_ward (id, name, district_id) VALUES ('03205', 'Xã Na Son', '101');
INSERT INTO services_ward (id, name, district_id) VALUES ('03208', 'Xã Phì Nhừ', '101');
INSERT INTO services_ward (id, name, district_id) VALUES ('03211', 'Xã Chiềng Sơ', '101');
INSERT INTO services_ward (id, name, district_id) VALUES ('03214', 'Xã Mường Luân', '101');
INSERT INTO services_ward (id, name, district_id) VALUES ('03370', 'Xã Pú Nhi', '101');
INSERT INTO services_ward (id, name, district_id) VALUES ('03371', 'Xã Nong U', '101');
INSERT INTO services_ward (id, name, district_id) VALUES ('03373', 'Xã Xa Dung', '101');
INSERT INTO services_ward (id, name, district_id) VALUES ('03376', 'Xã Keo Lôm', '101');
INSERT INTO services_ward (id, name, district_id) VALUES ('03379', 'Xã Luân Giới', '101');
INSERT INTO services_ward (id, name, district_id) VALUES ('03382', 'Xã Phình Giàng', '101');
INSERT INTO services_ward (id, name, district_id) VALUES ('03383', 'Xã Pú Hồng', '101');
INSERT INTO services_ward (id, name, district_id) VALUES ('03384', 'Xã Tìa Dình', '101');
INSERT INTO services_ward (id, name, district_id) VALUES ('03385', 'Xã Háng Lìa', '101');
INSERT INTO services_district (id, name, city_id) VALUES ('102', 'Huyện Mường Ảng', '11');
INSERT INTO services_ward (id, name, district_id) VALUES ('03256', 'Thị trấn Mường Ảng', '102');
INSERT INTO services_ward (id, name, district_id) VALUES ('03286', 'Xã Mường Đăng', '102');
INSERT INTO services_ward (id, name, district_id) VALUES ('03287', 'Xã Ngối Cáy', '102');
INSERT INTO services_ward (id, name, district_id) VALUES ('03292', 'Xã Ẳng Tở', '102');
INSERT INTO services_ward (id, name, district_id) VALUES ('03301', 'Xã Búng Lao', '102');
INSERT INTO services_ward (id, name, district_id) VALUES ('03302', 'Xã Xuân Lao', '102');
INSERT INTO services_ward (id, name, district_id) VALUES ('03307', 'Xã Ẳng Nưa', '102');
INSERT INTO services_ward (id, name, district_id) VALUES ('03310', 'Xã Ẳng Cang', '102');
INSERT INTO services_ward (id, name, district_id) VALUES ('03312', 'Xã Nặm Lịch', '102');
INSERT INTO services_ward (id, name, district_id) VALUES ('03313', 'Xã Mường Lạn', '102');
INSERT INTO services_district (id, name, city_id) VALUES ('103', 'Huyện Nậm Pồ', '11');
INSERT INTO services_ward (id, name, district_id) VALUES ('03156', 'Xã Nậm Tin', '103');
INSERT INTO services_ward (id, name, district_id) VALUES ('03165', 'Xã Pa Tần', '103');
INSERT INTO services_ward (id, name, district_id) VALUES ('03166', 'Xã Chà Cang', '103');
INSERT INTO services_ward (id, name, district_id) VALUES ('03167', 'Xã Na Cô Sa', '103');
INSERT INTO services_ward (id, name, district_id) VALUES ('03168', 'Xã Nà Khoa', '103');
INSERT INTO services_ward (id, name, district_id) VALUES ('03169', 'Xã Nà Hỳ', '103');
INSERT INTO services_ward (id, name, district_id) VALUES ('03170', 'Xã Nà Bủng', '103');
INSERT INTO services_ward (id, name, district_id) VALUES ('03171', 'Xã Nậm Nhừ', '103');
INSERT INTO services_ward (id, name, district_id) VALUES ('03173', 'Xã Nậm Chua', '103');
INSERT INTO services_ward (id, name, district_id) VALUES ('03174', 'Xã Nậm Khăn', '103');
INSERT INTO services_ward (id, name, district_id) VALUES ('03175', 'Xã Chà Tở', '103');
INSERT INTO services_ward (id, name, district_id) VALUES ('03176', 'Xã Vàng Đán', '103');
INSERT INTO services_ward (id, name, district_id) VALUES ('03187', 'Xã Chà Nưa', '103');
INSERT INTO services_ward (id, name, district_id) VALUES ('03198', 'Xã Phìn Hồ', '103');
INSERT INTO services_ward (id, name, district_id) VALUES ('03199', 'Xã Si Pa Phìn', '103');
INSERT INTO services_city (id, name) VALUES ('12', 'Tỉnh Lai Châu');
INSERT INTO services_district (id, name, city_id) VALUES ('105', 'Thành phố Lai Châu', '12');
INSERT INTO services_ward (id, name, district_id) VALUES ('03386', 'Phường Quyết Thắng', '105');
INSERT INTO services_ward (id, name, district_id) VALUES ('03387', 'Phường Tân Phong', '105');
INSERT INTO services_ward (id, name, district_id) VALUES ('03388', 'Phường Quyết Tiến', '105');
INSERT INTO services_ward (id, name, district_id) VALUES ('03389', 'Phường Đoàn Kết', '105');
INSERT INTO services_ward (id, name, district_id) VALUES ('03403', 'Xã Sùng Phài', '105');
INSERT INTO services_ward (id, name, district_id) VALUES ('03408', 'Phường Đông Phong', '105');
INSERT INTO services_ward (id, name, district_id) VALUES ('03409', 'Xã San Thàng', '105');
INSERT INTO services_district (id, name, city_id) VALUES ('106', 'Huyện Tam Đường', '12');
INSERT INTO services_ward (id, name, district_id) VALUES ('03390', 'Thị trấn Tam Đường', '106');
INSERT INTO services_ward (id, name, district_id) VALUES ('03394', 'Xã Thèn Sin', '106');
INSERT INTO services_ward (id, name, district_id) VALUES ('03400', 'Xã Tả Lèng', '106');
INSERT INTO services_ward (id, name, district_id) VALUES ('03405', 'Xã Giang Ma', '106');
INSERT INTO services_ward (id, name, district_id) VALUES ('03406', 'Xã Hồ Thầu', '106');
INSERT INTO services_ward (id, name, district_id) VALUES ('03412', 'Xã Bình Lư', '106');
INSERT INTO services_ward (id, name, district_id) VALUES ('03413', 'Xã Sơn Bình', '106');
INSERT INTO services_ward (id, name, district_id) VALUES ('03415', 'Xã Nùng Nàng', '106');
INSERT INTO services_ward (id, name, district_id) VALUES ('03418', 'Xã Bản Giang', '106');
INSERT INTO services_ward (id, name, district_id) VALUES ('03421', 'Xã Bản Hon', '106');
INSERT INTO services_ward (id, name, district_id) VALUES ('03424', 'Xã Bản Bo', '106');
INSERT INTO services_ward (id, name, district_id) VALUES ('03427', 'Xã Nà Tăm', '106');
INSERT INTO services_ward (id, name, district_id) VALUES ('03430', 'Xã Khun Há', '106');
INSERT INTO services_district (id, name, city_id) VALUES ('107', 'Huyện Mường Tè', '12');
INSERT INTO services_ward (id, name, district_id) VALUES ('03433', 'Thị trấn Mường Tè', '107');
INSERT INTO services_ward (id, name, district_id) VALUES ('03436', 'Xã Thu Lũm', '107');
INSERT INTO services_ward (id, name, district_id) VALUES ('03439', 'Xã Ka Lăng', '107');
INSERT INTO services_ward (id, name, district_id) VALUES ('03440', 'Xã Tá Bạ', '107');
INSERT INTO services_ward (id, name, district_id) VALUES ('03442', 'Xã Pa ủ', '107');
INSERT INTO services_ward (id, name, district_id) VALUES ('03445', 'Xã Mường Tè', '107');
INSERT INTO services_ward (id, name, district_id) VALUES ('03448', 'Xã Pa Vệ Sử', '107');
INSERT INTO services_ward (id, name, district_id) VALUES ('03451', 'Xã Mù Cả', '107');
INSERT INTO services_ward (id, name, district_id) VALUES ('03454', 'Xã Bum Tở', '107');
INSERT INTO services_ward (id, name, district_id) VALUES ('03457', 'Xã Nậm Khao', '107');
INSERT INTO services_ward (id, name, district_id) VALUES ('03463', 'Xã Tà Tổng', '107');
INSERT INTO services_ward (id, name, district_id) VALUES ('03466', 'Xã Bum Nưa', '107');
INSERT INTO services_ward (id, name, district_id) VALUES ('03467', 'Xã Vàng San', '107');
INSERT INTO services_ward (id, name, district_id) VALUES ('03469', 'Xã Kan Hồ', '107');
INSERT INTO services_district (id, name, city_id) VALUES ('108', 'Huyện Sìn Hồ', '12');
INSERT INTO services_ward (id, name, district_id) VALUES ('03478', 'Thị trấn Sìn Hồ', '108');
INSERT INTO services_ward (id, name, district_id) VALUES ('03487', 'Xã Chăn Nưa', '108');
INSERT INTO services_ward (id, name, district_id) VALUES ('03493', 'Xã Pa Tần', '108');
INSERT INTO services_ward (id, name, district_id) VALUES ('03496', 'Xã Phìn Hồ', '108');
INSERT INTO services_ward (id, name, district_id) VALUES ('03499', 'Xã Hồng Thu', '108');
INSERT INTO services_ward (id, name, district_id) VALUES ('03505', 'Xã Phăng Sô Lin', '108');
INSERT INTO services_ward (id, name, district_id) VALUES ('03508', 'Xã Ma Quai', '108');
INSERT INTO services_ward (id, name, district_id) VALUES ('03509', 'Xã Lùng Thàng', '108');
INSERT INTO services_ward (id, name, district_id) VALUES ('03511', 'Xã Tả Phìn', '108');
INSERT INTO services_ward (id, name, district_id) VALUES ('03514', 'Xã Sà Dề Phìn', '108');
INSERT INTO services_ward (id, name, district_id) VALUES ('03517', 'Xã Nậm Tăm', '108');
INSERT INTO services_ward (id, name, district_id) VALUES ('03520', 'Xã Tả Ngảo', '108');
INSERT INTO services_ward (id, name, district_id) VALUES ('03523', 'Xã Pu Sam Cáp', '108');
INSERT INTO services_ward (id, name, district_id) VALUES ('03526', 'Xã Nậm Cha', '108');
INSERT INTO services_ward (id, name, district_id) VALUES ('03527', 'Xã Pa Khoá', '108');
INSERT INTO services_ward (id, name, district_id) VALUES ('03529', 'Xã Làng Mô', '108');
INSERT INTO services_ward (id, name, district_id) VALUES ('03532', 'Xã Noong Hẻo', '108');
INSERT INTO services_ward (id, name, district_id) VALUES ('03535', 'Xã Nậm Mạ', '108');
INSERT INTO services_ward (id, name, district_id) VALUES ('03538', 'Xã Căn Co', '108');
INSERT INTO services_ward (id, name, district_id) VALUES ('03541', 'Xã Tủa Sín Chải', '108');
INSERT INTO services_ward (id, name, district_id) VALUES ('03544', 'Xã Nậm Cuổi', '108');
INSERT INTO services_ward (id, name, district_id) VALUES ('03547', 'Xã Nậm Hăn', '108');
INSERT INTO services_district (id, name, city_id) VALUES ('109', 'Huyện Phong Thổ', '12');
INSERT INTO services_ward (id, name, district_id) VALUES ('03391', 'Xã Lả Nhì Thàng', '109');
INSERT INTO services_ward (id, name, district_id) VALUES ('03490', 'Xã Huổi Luông', '109');
INSERT INTO services_ward (id, name, district_id) VALUES ('03549', 'Thị trấn Phong Thổ', '109');
INSERT INTO services_ward (id, name, district_id) VALUES ('03550', 'Xã Sì Lở Lầu', '109');
INSERT INTO services_ward (id, name, district_id) VALUES ('03553', 'Xã Mồ Sì San', '109');
INSERT INTO services_ward (id, name, district_id) VALUES ('03559', 'Xã Pa Vây Sử', '109');
INSERT INTO services_ward (id, name, district_id) VALUES ('03562', 'Xã Vàng Ma Chải', '109');
INSERT INTO services_ward (id, name, district_id) VALUES ('03565', 'Xã Tông Qua Lìn', '109');
INSERT INTO services_ward (id, name, district_id) VALUES ('03568', 'Xã Mù Sang', '109');
INSERT INTO services_ward (id, name, district_id) VALUES ('03571', 'Xã Dào San', '109');
INSERT INTO services_ward (id, name, district_id) VALUES ('03574', 'Xã Ma Ly Pho', '109');
INSERT INTO services_ward (id, name, district_id) VALUES ('03577', 'Xã Bản Lang', '109');
INSERT INTO services_ward (id, name, district_id) VALUES ('03580', 'Xã Hoang Thèn', '109');
INSERT INTO services_ward (id, name, district_id) VALUES ('03583', 'Xã Khổng Lào', '109');
INSERT INTO services_ward (id, name, district_id) VALUES ('03586', 'Xã Nậm Xe', '109');
INSERT INTO services_ward (id, name, district_id) VALUES ('03589', 'Xã Mường So', '109');
INSERT INTO services_ward (id, name, district_id) VALUES ('03592', 'Xã Sin Suối Hồ', '109');
INSERT INTO services_district (id, name, city_id) VALUES ('110', 'Huyện Than Uyên', '12');
INSERT INTO services_ward (id, name, district_id) VALUES ('03595', 'Thị trấn Than Uyên', '110');
INSERT INTO services_ward (id, name, district_id) VALUES ('03618', 'Xã Phúc Than', '110');
INSERT INTO services_ward (id, name, district_id) VALUES ('03619', 'Xã Mường Than', '110');
INSERT INTO services_ward (id, name, district_id) VALUES ('03625', 'Xã Mường Mít', '110');
INSERT INTO services_ward (id, name, district_id) VALUES ('03628', 'Xã Pha Mu', '110');
INSERT INTO services_ward (id, name, district_id) VALUES ('03631', 'Xã Mường Cang', '110');
INSERT INTO services_ward (id, name, district_id) VALUES ('03632', 'Xã Hua Nà', '110');
INSERT INTO services_ward (id, name, district_id) VALUES ('03634', 'Xã Tà Hừa', '110');
INSERT INTO services_ward (id, name, district_id) VALUES ('03637', 'Xã Mường Kim', '110');
INSERT INTO services_ward (id, name, district_id) VALUES ('03638', 'Xã Tà Mung', '110');
INSERT INTO services_ward (id, name, district_id) VALUES ('03640', 'Xã Tà Gia', '110');
INSERT INTO services_ward (id, name, district_id) VALUES ('03643', 'Xã Khoen On', '110');
INSERT INTO services_district (id, name, city_id) VALUES ('111', 'Huyện Tân Uyên', '12');
INSERT INTO services_ward (id, name, district_id) VALUES ('03598', 'Thị trấn Tân Uyên', '111');
INSERT INTO services_ward (id, name, district_id) VALUES ('03601', 'Xã Mường Khoa', '111');
INSERT INTO services_ward (id, name, district_id) VALUES ('03602', 'Xã Phúc Khoa', '111');
INSERT INTO services_ward (id, name, district_id) VALUES ('03604', 'Xã Thân Thuộc', '111');
INSERT INTO services_ward (id, name, district_id) VALUES ('03605', 'Xã Trung Đồng', '111');
INSERT INTO services_ward (id, name, district_id) VALUES ('03607', 'Xã Hố Mít', '111');
INSERT INTO services_ward (id, name, district_id) VALUES ('03610', 'Xã Nậm Cần', '111');
INSERT INTO services_ward (id, name, district_id) VALUES ('03613', 'Xã Nậm Sỏ', '111');
INSERT INTO services_ward (id, name, district_id) VALUES ('03616', 'Xã Pắc Ta', '111');
INSERT INTO services_ward (id, name, district_id) VALUES ('03622', 'Xã Tà Mít', '111');
INSERT INTO services_district (id, name, city_id) VALUES ('112', 'Huyện Nậm Nhùn', '12');
INSERT INTO services_ward (id, name, district_id) VALUES ('03434', 'Thị trấn Nậm Nhùn', '112');
INSERT INTO services_ward (id, name, district_id) VALUES ('03460', 'Xã Hua Bun', '112');
INSERT INTO services_ward (id, name, district_id) VALUES ('03472', 'Xã Mường Mô', '112');
INSERT INTO services_ward (id, name, district_id) VALUES ('03473', 'Xã Nậm Chà', '112');
INSERT INTO services_ward (id, name, district_id) VALUES ('03474', 'Xã Nậm Manh', '112');
INSERT INTO services_ward (id, name, district_id) VALUES ('03475', 'Xã Nậm Hàng', '112');
INSERT INTO services_ward (id, name, district_id) VALUES ('03481', 'Xã Lê Lợi', '112');
INSERT INTO services_ward (id, name, district_id) VALUES ('03484', 'Xã Pú Đao', '112');
INSERT INTO services_ward (id, name, district_id) VALUES ('03488', 'Xã Nậm Pì', '112');
INSERT INTO services_ward (id, name, district_id) VALUES ('03502', 'Xã Nậm Ban', '112');
INSERT INTO services_ward (id, name, district_id) VALUES ('03503', 'Xã Trung Chải', '112');
INSERT INTO services_city (id, name) VALUES ('14', 'Tỉnh Sơn La');
INSERT INTO services_district (id, name, city_id) VALUES ('116', 'Thành phố Sơn La', '14');
INSERT INTO services_ward (id, name, district_id) VALUES ('03646', 'Phường Chiềng Lề', '116');
INSERT INTO services_ward (id, name, district_id) VALUES ('03649', 'Phường Tô Hiệu', '116');
INSERT INTO services_ward (id, name, district_id) VALUES ('03652', 'Phường Quyết Thắng', '116');
INSERT INTO services_ward (id, name, district_id) VALUES ('03655', 'Phường Quyết Tâm', '116');
INSERT INTO services_ward (id, name, district_id) VALUES ('03658', 'Xã Chiềng Cọ', '116');
INSERT INTO services_ward (id, name, district_id) VALUES ('03661', 'Xã Chiềng Đen', '116');
INSERT INTO services_ward (id, name, district_id) VALUES ('03664', 'Xã Chiềng Xôm', '116');
INSERT INTO services_ward (id, name, district_id) VALUES ('03667', 'Phường Chiềng An', '116');
INSERT INTO services_ward (id, name, district_id) VALUES ('03670', 'Phường Chiềng Cơi', '116');
INSERT INTO services_ward (id, name, district_id) VALUES ('03673', 'Xã Chiềng Ngần', '116');
INSERT INTO services_ward (id, name, district_id) VALUES ('03676', 'Xã Hua La', '116');
INSERT INTO services_ward (id, name, district_id) VALUES ('03679', 'Phường Chiềng Sinh', '116');
INSERT INTO services_district (id, name, city_id) VALUES ('118', 'Huyện Quỳnh Nhai', '14');
INSERT INTO services_ward (id, name, district_id) VALUES ('03682', 'Xã Mường Chiên', '118');
INSERT INTO services_ward (id, name, district_id) VALUES ('03685', 'Xã Cà Nàng', '118');
INSERT INTO services_ward (id, name, district_id) VALUES ('03688', 'Xã Chiềng Khay', '118');
INSERT INTO services_ward (id, name, district_id) VALUES ('03694', 'Xã Mường Giôn', '118');
INSERT INTO services_ward (id, name, district_id) VALUES ('03697', 'Xã Pá Ma Pha Khinh', '118');
INSERT INTO services_ward (id, name, district_id) VALUES ('03700', 'Xã Chiềng Ơn', '118');
INSERT INTO services_ward (id, name, district_id) VALUES ('03703', 'Thị trấn Mường Giàng', '118');
INSERT INTO services_ward (id, name, district_id) VALUES ('03706', 'Xã Chiềng Bằng', '118');
INSERT INTO services_ward (id, name, district_id) VALUES ('03709', 'Xã Mường Sại', '118');
INSERT INTO services_ward (id, name, district_id) VALUES ('03712', 'Xã Nậm ét', '118');
INSERT INTO services_ward (id, name, district_id) VALUES ('03718', 'Xã Chiềng Khoang', '118');
INSERT INTO services_district (id, name, city_id) VALUES ('119', 'Huyện Thuận Châu', '14');
INSERT INTO services_ward (id, name, district_id) VALUES ('03721', 'Thị trấn Thuận Châu', '119');
INSERT INTO services_ward (id, name, district_id) VALUES ('03724', 'Xã Phổng Lái', '119');
INSERT INTO services_ward (id, name, district_id) VALUES ('03727', 'Xã Mường é', '119');
INSERT INTO services_ward (id, name, district_id) VALUES ('03730', 'Xã Chiềng Pha', '119');
INSERT INTO services_ward (id, name, district_id) VALUES ('03733', 'Xã Chiềng La', '119');
INSERT INTO services_ward (id, name, district_id) VALUES ('03736', 'Xã Chiềng Ngàm', '119');
INSERT INTO services_ward (id, name, district_id) VALUES ('03739', 'Xã Liệp Tè', '119');
INSERT INTO services_ward (id, name, district_id) VALUES ('03742', 'Xã é Tòng', '119');
INSERT INTO services_ward (id, name, district_id) VALUES ('03745', 'Xã Phổng Lập', '119');
INSERT INTO services_ward (id, name, district_id) VALUES ('03748', 'Xã Phổng Ly', '119');
INSERT INTO services_ward (id, name, district_id) VALUES ('03754', 'Xã Noong Lay', '119');
INSERT INTO services_ward (id, name, district_id) VALUES ('03757', 'Xã Mường Khiêng', '119');
INSERT INTO services_ward (id, name, district_id) VALUES ('03760', 'Xã Mường Bám', '119');
INSERT INTO services_ward (id, name, district_id) VALUES ('03763', 'Xã Long Hẹ', '119');
INSERT INTO services_ward (id, name, district_id) VALUES ('03766', 'Xã Chiềng Bôm', '119');
INSERT INTO services_ward (id, name, district_id) VALUES ('03769', 'Xã Thôm Mòn', '119');
INSERT INTO services_ward (id, name, district_id) VALUES ('03772', 'Xã Tông Lạnh', '119');
INSERT INTO services_ward (id, name, district_id) VALUES ('03775', 'Xã Tông Cọ', '119');
INSERT INTO services_ward (id, name, district_id) VALUES ('03778', 'Xã Bó Mười', '119');
INSERT INTO services_ward (id, name, district_id) VALUES ('03781', 'Xã Co Mạ', '119');
INSERT INTO services_ward (id, name, district_id) VALUES ('03784', 'Xã Púng Tra', '119');
INSERT INTO services_ward (id, name, district_id) VALUES ('03787', 'Xã Chiềng Pấc', '119');
INSERT INTO services_ward (id, name, district_id) VALUES ('03790', 'Xã Nậm Lầu', '119');
INSERT INTO services_ward (id, name, district_id) VALUES ('03793', 'Xã Bon Phặng', '119');
INSERT INTO services_ward (id, name, district_id) VALUES ('03796', 'Xã Co Tòng', '119');
INSERT INTO services_ward (id, name, district_id) VALUES ('03799', 'Xã Muổi Nọi', '119');
INSERT INTO services_ward (id, name, district_id) VALUES ('03802', 'Xã Pá Lông', '119');
INSERT INTO services_ward (id, name, district_id) VALUES ('03805', 'Xã Bản Lầm', '119');
INSERT INTO services_district (id, name, city_id) VALUES ('120', 'Huyện Mường La', '14');
INSERT INTO services_ward (id, name, district_id) VALUES ('03808', 'Thị trấn Ít Ong', '120');
INSERT INTO services_ward (id, name, district_id) VALUES ('03811', 'Xã Nậm Giôn', '120');
INSERT INTO services_ward (id, name, district_id) VALUES ('03814', 'Xã Chiềng Lao', '120');
INSERT INTO services_ward (id, name, district_id) VALUES ('03817', 'Xã Hua Trai', '120');
INSERT INTO services_ward (id, name, district_id) VALUES ('03820', 'Xã Ngọc Chiến', '120');
INSERT INTO services_ward (id, name, district_id) VALUES ('03823', 'Xã Mường Trai', '120');
INSERT INTO services_ward (id, name, district_id) VALUES ('03826', 'Xã Nậm Păm', '120');
INSERT INTO services_ward (id, name, district_id) VALUES ('03829', 'Xã Chiềng Muôn', '120');
INSERT INTO services_ward (id, name, district_id) VALUES ('03832', 'Xã Chiềng Ân', '120');
INSERT INTO services_ward (id, name, district_id) VALUES ('03835', 'Xã Pi Toong', '120');
INSERT INTO services_ward (id, name, district_id) VALUES ('03838', 'Xã Chiềng Công', '120');
INSERT INTO services_ward (id, name, district_id) VALUES ('03841', 'Xã Tạ Bú', '120');
INSERT INTO services_ward (id, name, district_id) VALUES ('03844', 'Xã Chiềng San', '120');
INSERT INTO services_ward (id, name, district_id) VALUES ('03847', 'Xã Mường Bú', '120');
INSERT INTO services_ward (id, name, district_id) VALUES ('03850', 'Xã Chiềng Hoa', '120');
INSERT INTO services_ward (id, name, district_id) VALUES ('03853', 'Xã Mường Chùm', '120');
INSERT INTO services_district (id, name, city_id) VALUES ('121', 'Huyện Bắc Yên', '14');
INSERT INTO services_ward (id, name, district_id) VALUES ('03856', 'Thị trấn Bắc Yên', '121');
INSERT INTO services_ward (id, name, district_id) VALUES ('03859', 'Xã Phiêng Ban', '121');
INSERT INTO services_ward (id, name, district_id) VALUES ('03862', 'Xã Hang Chú', '121');
INSERT INTO services_ward (id, name, district_id) VALUES ('03865', 'Xã Xím Vàng', '121');
INSERT INTO services_ward (id, name, district_id) VALUES ('03868', 'Xã Tà Xùa', '121');
INSERT INTO services_ward (id, name, district_id) VALUES ('03869', 'Xã Háng Đồng', '121');
INSERT INTO services_ward (id, name, district_id) VALUES ('03871', 'Xã Pắc Ngà', '121');
INSERT INTO services_ward (id, name, district_id) VALUES ('03874', 'Xã Làng Chếu', '121');
INSERT INTO services_ward (id, name, district_id) VALUES ('03877', 'Xã Chim Vàn', '121');
INSERT INTO services_ward (id, name, district_id) VALUES ('03880', 'Xã Mường Khoa', '121');
INSERT INTO services_ward (id, name, district_id) VALUES ('03883', 'Xã Song Pe', '121');
INSERT INTO services_ward (id, name, district_id) VALUES ('03886', 'Xã Hồng Ngài', '121');
INSERT INTO services_ward (id, name, district_id) VALUES ('03889', 'Xã Tạ Khoa', '121');
INSERT INTO services_ward (id, name, district_id) VALUES ('03890', 'Xã Hua Nhàn', '121');
INSERT INTO services_ward (id, name, district_id) VALUES ('03892', 'Xã Phiêng Côn', '121');
INSERT INTO services_ward (id, name, district_id) VALUES ('03895', 'Xã Chiềng Sại', '121');
INSERT INTO services_district (id, name, city_id) VALUES ('122', 'Huyện Phù Yên', '14');
INSERT INTO services_ward (id, name, district_id) VALUES ('03901', 'Xã Suối Tọ', '122');
INSERT INTO services_ward (id, name, district_id) VALUES ('03904', 'Xã Mường Thải', '122');
INSERT INTO services_ward (id, name, district_id) VALUES ('03907', 'Xã Mường Cơi', '122');
INSERT INTO services_ward (id, name, district_id) VALUES ('03910', 'Thị trấn Quang Huy', '122');
INSERT INTO services_ward (id, name, district_id) VALUES ('03916', 'Xã Huy Thượng', '122');
INSERT INTO services_ward (id, name, district_id) VALUES ('03919', 'Xã Tân Lang', '122');
INSERT INTO services_ward (id, name, district_id) VALUES ('03922', 'Xã Gia Phù', '122');
INSERT INTO services_ward (id, name, district_id) VALUES ('03925', 'Xã Tường Phù', '122');
INSERT INTO services_ward (id, name, district_id) VALUES ('03928', 'Xã Huy Hạ', '122');
INSERT INTO services_ward (id, name, district_id) VALUES ('03931', 'Xã Huy Tân', '122');
INSERT INTO services_ward (id, name, district_id) VALUES ('03934', 'Xã Mường Lang', '122');
INSERT INTO services_ward (id, name, district_id) VALUES ('03937', 'Xã Suối Bau', '122');
INSERT INTO services_ward (id, name, district_id) VALUES ('03940', 'Xã Huy Tường', '122');
INSERT INTO services_ward (id, name, district_id) VALUES ('03943', 'Xã Mường Do', '122');
INSERT INTO services_ward (id, name, district_id) VALUES ('03946', 'Xã Sập Xa', '122');
INSERT INTO services_ward (id, name, district_id) VALUES ('03949', 'Xã Tường Thượng', '122');
INSERT INTO services_ward (id, name, district_id) VALUES ('03952', 'Xã Tường Tiến', '122');
INSERT INTO services_ward (id, name, district_id) VALUES ('03955', 'Xã Tường Phong', '122');
INSERT INTO services_ward (id, name, district_id) VALUES ('03958', 'Xã Tường Hạ', '122');
INSERT INTO services_ward (id, name, district_id) VALUES ('03961', 'Xã Kim Bon', '122');
INSERT INTO services_ward (id, name, district_id) VALUES ('03964', 'Xã Mường Bang', '122');
INSERT INTO services_ward (id, name, district_id) VALUES ('03967', 'Xã Đá Đỏ', '122');
INSERT INTO services_ward (id, name, district_id) VALUES ('03970', 'Xã Tân Phong', '122');
INSERT INTO services_ward (id, name, district_id) VALUES ('03973', 'Xã Nam Phong', '122');
INSERT INTO services_ward (id, name, district_id) VALUES ('03976', 'Xã Bắc Phong', '122');
INSERT INTO services_district (id, name, city_id) VALUES ('123', 'Thị xã Mộc Châu', '14');
INSERT INTO services_ward (id, name, district_id) VALUES ('03979', 'Phường Mộc Sơn', '123');
INSERT INTO services_ward (id, name, district_id) VALUES ('03980', 'Phường Mộc Lỵ', '123');
INSERT INTO services_ward (id, name, district_id) VALUES ('03982', 'Phường Thảo Nguyên', '123');
INSERT INTO services_ward (id, name, district_id) VALUES ('03983', 'Phường Bình Minh', '123');
INSERT INTO services_ward (id, name, district_id) VALUES ('03984', 'Phường Cờ Đỏ', '123');
INSERT INTO services_ward (id, name, district_id) VALUES ('03985', 'Xã Chiềng Sơn', '123');
INSERT INTO services_ward (id, name, district_id) VALUES ('03997', 'Xã Tân Yên', '123');
INSERT INTO services_ward (id, name, district_id) VALUES ('04000', 'Xã Đoàn Kết', '123');
INSERT INTO services_ward (id, name, district_id) VALUES ('04012', 'Xã Chiềng Hắc', '123');
INSERT INTO services_ward (id, name, district_id) VALUES ('04015', 'Xã Chiềng Chung', '123');
INSERT INTO services_ward (id, name, district_id) VALUES ('04024', 'Xã Chiềng Khừa', '123');
INSERT INTO services_ward (id, name, district_id) VALUES ('04027', 'Phường Mường Sang', '123');
INSERT INTO services_ward (id, name, district_id) VALUES ('04030', 'Phường Đông Sang', '123');
INSERT INTO services_ward (id, name, district_id) VALUES ('04033', 'Phường Vân Sơn', '123');
INSERT INTO services_ward (id, name, district_id) VALUES ('04045', 'Xã Lóng Sập', '123');
INSERT INTO services_district (id, name, city_id) VALUES ('124', 'Huyện Yên Châu', '14');
INSERT INTO services_ward (id, name, district_id) VALUES ('04063', 'Xã Chiềng Đông', '124');
INSERT INTO services_ward (id, name, district_id) VALUES ('04066', 'Xã Sặp Vạt', '124');
INSERT INTO services_ward (id, name, district_id) VALUES ('04069', 'Xã Chiềng Sàng', '124');
INSERT INTO services_ward (id, name, district_id) VALUES ('04072', 'Xã Chiềng Pằn', '124');
INSERT INTO services_ward (id, name, district_id) VALUES ('04075', 'Thị trấn Yên Châu', '124');
INSERT INTO services_ward (id, name, district_id) VALUES ('04078', 'Xã Chiềng Hặc', '124');
INSERT INTO services_ward (id, name, district_id) VALUES ('04081', 'Xã Mường Lựm', '124');
INSERT INTO services_ward (id, name, district_id) VALUES ('04084', 'Xã Chiềng On', '124');
INSERT INTO services_ward (id, name, district_id) VALUES ('04087', 'Xã Yên Sơn', '124');
INSERT INTO services_ward (id, name, district_id) VALUES ('04090', 'Xã Chiềng Khoi', '124');
INSERT INTO services_ward (id, name, district_id) VALUES ('04093', 'Xã Tú Nang', '124');
INSERT INTO services_ward (id, name, district_id) VALUES ('04096', 'Xã Lóng Phiêng', '124');
INSERT INTO services_ward (id, name, district_id) VALUES ('04099', 'Xã Phiêng Khoài', '124');
INSERT INTO services_ward (id, name, district_id) VALUES ('04102', 'Xã Chiềng Tương', '124');
INSERT INTO services_district (id, name, city_id) VALUES ('125', 'Huyện Mai Sơn', '14');
INSERT INTO services_ward (id, name, district_id) VALUES ('04105', 'Thị trấn Hát Lót', '125');
INSERT INTO services_ward (id, name, district_id) VALUES ('04108', 'Xã Chiềng Sung', '125');
INSERT INTO services_ward (id, name, district_id) VALUES ('04111', 'Xã Mường Bằng', '125');
INSERT INTO services_ward (id, name, district_id) VALUES ('04114', 'Xã Chiềng Chăn', '125');
INSERT INTO services_ward (id, name, district_id) VALUES ('04117', 'Xã Mường Chanh', '125');
INSERT INTO services_ward (id, name, district_id) VALUES ('04120', 'Xã Chiềng Ban', '125');
INSERT INTO services_ward (id, name, district_id) VALUES ('04123', 'Xã Chiềng Mung', '125');
INSERT INTO services_ward (id, name, district_id) VALUES ('04126', 'Xã Mường Bon', '125');
INSERT INTO services_ward (id, name, district_id) VALUES ('04129', 'Xã Chiềng Chung', '125');
INSERT INTO services_ward (id, name, district_id) VALUES ('04132', 'Xã Chiềng Mai', '125');
INSERT INTO services_ward (id, name, district_id) VALUES ('04135', 'Xã Hát Lót', '125');
INSERT INTO services_ward (id, name, district_id) VALUES ('04136', 'Xã Nà Bó', '125');
INSERT INTO services_ward (id, name, district_id) VALUES ('04138', 'Xã Cò Nòi', '125');
INSERT INTO services_ward (id, name, district_id) VALUES ('04141', 'Xã Chiềng Nơi', '125');
INSERT INTO services_ward (id, name, district_id) VALUES ('04144', 'Xã Phiêng Cằm', '125');
INSERT INTO services_ward (id, name, district_id) VALUES ('04147', 'Xã Chiềng Dong', '125');
INSERT INTO services_ward (id, name, district_id) VALUES ('04150', 'Xã Chiềng Kheo', '125');
INSERT INTO services_ward (id, name, district_id) VALUES ('04153', 'Xã Chiềng Ve', '125');
INSERT INTO services_ward (id, name, district_id) VALUES ('04156', 'Xã Chiềng Lương', '125');
INSERT INTO services_ward (id, name, district_id) VALUES ('04159', 'Xã Phiêng Pằn', '125');
INSERT INTO services_ward (id, name, district_id) VALUES ('04162', 'Xã Nà Ơt', '125');
INSERT INTO services_ward (id, name, district_id) VALUES ('04165', 'Xã Tà Hộc', '125');
INSERT INTO services_district (id, name, city_id) VALUES ('126', 'Huyện Sông Mã', '14');
INSERT INTO services_ward (id, name, district_id) VALUES ('04168', 'Thị trấn Sông Mã', '126');
INSERT INTO services_ward (id, name, district_id) VALUES ('04171', 'Xã Bó Sinh', '126');
INSERT INTO services_ward (id, name, district_id) VALUES ('04174', 'Xã Pú Pẩu', '126');
INSERT INTO services_ward (id, name, district_id) VALUES ('04177', 'Xã Chiềng Phung', '126');
INSERT INTO services_ward (id, name, district_id) VALUES ('04180', 'Xã Chiềng En', '126');
INSERT INTO services_ward (id, name, district_id) VALUES ('04183', 'Xã Mường Lầm', '126');
INSERT INTO services_ward (id, name, district_id) VALUES ('04186', 'Xã Nậm Ty', '126');
INSERT INTO services_ward (id, name, district_id) VALUES ('04189', 'Xã Đứa Mòn', '126');
INSERT INTO services_ward (id, name, district_id) VALUES ('04192', 'Xã Yên Hưng', '126');
INSERT INTO services_ward (id, name, district_id) VALUES ('04195', 'Xã Chiềng Sơ', '126');
INSERT INTO services_ward (id, name, district_id) VALUES ('04198', 'Xã Nà Nghịu', '126');
INSERT INTO services_ward (id, name, district_id) VALUES ('04201', 'Xã Nậm Mằn', '126');
INSERT INTO services_ward (id, name, district_id) VALUES ('04204', 'Xã Chiềng Khoong', '126');
INSERT INTO services_ward (id, name, district_id) VALUES ('04207', 'Xã Chiềng Cang', '126');
INSERT INTO services_ward (id, name, district_id) VALUES ('04210', 'Xã Huổi Một', '126');
INSERT INTO services_ward (id, name, district_id) VALUES ('04213', 'Xã Mường Sai', '126');
INSERT INTO services_ward (id, name, district_id) VALUES ('04216', 'Xã Mường Cai', '126');
INSERT INTO services_ward (id, name, district_id) VALUES ('04219', 'Xã Mường Hung', '126');
INSERT INTO services_ward (id, name, district_id) VALUES ('04222', 'Xã Chiềng Khương', '126');
INSERT INTO services_district (id, name, city_id) VALUES ('127', 'Huyện Sốp Cộp', '14');
INSERT INTO services_ward (id, name, district_id) VALUES ('04225', 'Xã Sam Kha', '127');
INSERT INTO services_ward (id, name, district_id) VALUES ('04228', 'Xã Púng Bánh', '127');
INSERT INTO services_ward (id, name, district_id) VALUES ('04231', 'Xã Sốp Cộp', '127');
INSERT INTO services_ward (id, name, district_id) VALUES ('04234', 'Xã Dồm Cang', '127');
INSERT INTO services_ward (id, name, district_id) VALUES ('04237', 'Xã Nậm Lạnh', '127');
INSERT INTO services_ward (id, name, district_id) VALUES ('04240', 'Xã Mường Lèo', '127');
INSERT INTO services_ward (id, name, district_id) VALUES ('04243', 'Xã Mường Và', '127');
INSERT INTO services_ward (id, name, district_id) VALUES ('04246', 'Xã Mường Lạn', '127');
INSERT INTO services_district (id, name, city_id) VALUES ('128', 'Huyện Vân Hồ', '14');
INSERT INTO services_ward (id, name, district_id) VALUES ('03994', 'Xã Suối Bàng', '128');
INSERT INTO services_ward (id, name, district_id) VALUES ('04006', 'Xã Song Khủa', '128');
INSERT INTO services_ward (id, name, district_id) VALUES ('04009', 'Xã Liên Hoà', '128');
INSERT INTO services_ward (id, name, district_id) VALUES ('04018', 'Xã Tô Múa', '128');
INSERT INTO services_ward (id, name, district_id) VALUES ('04021', 'Xã Mường Tè', '128');
INSERT INTO services_ward (id, name, district_id) VALUES ('04036', 'Xã Chiềng Khoa', '128');
INSERT INTO services_ward (id, name, district_id) VALUES ('04039', 'Xã Mường Men', '128');
INSERT INTO services_ward (id, name, district_id) VALUES ('04042', 'Xã Quang Minh', '128');
INSERT INTO services_ward (id, name, district_id) VALUES ('04048', 'Xã Vân Hồ', '128');
INSERT INTO services_ward (id, name, district_id) VALUES ('04051', 'Xã Lóng Luông', '128');
INSERT INTO services_ward (id, name, district_id) VALUES ('04054', 'Xã Chiềng Yên', '128');
INSERT INTO services_ward (id, name, district_id) VALUES ('04056', 'Xã Chiềng Xuân', '128');
INSERT INTO services_ward (id, name, district_id) VALUES ('04057', 'Xã Xuân Nha', '128');
INSERT INTO services_ward (id, name, district_id) VALUES ('04058', 'Xã Tân Xuân', '128');
INSERT INTO services_city (id, name) VALUES ('15', 'Tỉnh Yên Bái');
INSERT INTO services_district (id, name, city_id) VALUES ('132', 'Thành phố Yên Bái', '15');
INSERT INTO services_ward (id, name, district_id) VALUES ('04249', 'Phường Yên Thịnh', '132');
INSERT INTO services_ward (id, name, district_id) VALUES ('04252', 'Phường Yên Ninh', '132');
INSERT INTO services_ward (id, name, district_id) VALUES ('04255', 'Phường Minh Tân', '132');
INSERT INTO services_ward (id, name, district_id) VALUES ('04258', 'Phường Nguyễn Thái Học', '132');
INSERT INTO services_ward (id, name, district_id) VALUES ('04261', 'Phường Đồng Tâm', '132');
INSERT INTO services_ward (id, name, district_id) VALUES ('04264', 'Phường Hồng Hà', '132');
INSERT INTO services_ward (id, name, district_id) VALUES ('04270', 'Xã Minh Bảo', '132');
INSERT INTO services_ward (id, name, district_id) VALUES ('04273', 'Phường Nam Cường', '132');
INSERT INTO services_ward (id, name, district_id) VALUES ('04276', 'Xã Tuy Lộc', '132');
INSERT INTO services_ward (id, name, district_id) VALUES ('04279', 'Xã Tân Thịnh', '132');
INSERT INTO services_ward (id, name, district_id) VALUES ('04540', 'Xã Âu Lâu', '132');
INSERT INTO services_ward (id, name, district_id) VALUES ('04543', 'Xã Giới Phiên', '132');
INSERT INTO services_ward (id, name, district_id) VALUES ('04546', 'Phường Hợp Minh', '132');
INSERT INTO services_ward (id, name, district_id) VALUES ('04558', 'Xã Văn Phú', '132');
INSERT INTO services_district (id, name, city_id) VALUES ('133', 'Thị xã Nghĩa Lộ', '15');
INSERT INTO services_ward (id, name, district_id) VALUES ('04282', 'Phường Pú Trạng', '133');
INSERT INTO services_ward (id, name, district_id) VALUES ('04285', 'Phường Trung Tâm', '133');
INSERT INTO services_ward (id, name, district_id) VALUES ('04288', 'Phường Tân An', '133');
INSERT INTO services_ward (id, name, district_id) VALUES ('04291', 'Phường Cầu Thia', '133');
INSERT INTO services_ward (id, name, district_id) VALUES ('04294', 'Xã Nghĩa Lợi', '133');
INSERT INTO services_ward (id, name, district_id) VALUES ('04297', 'Xã Nghĩa Phúc', '133');
INSERT INTO services_ward (id, name, district_id) VALUES ('04300', 'Xã Nghĩa An', '133');
INSERT INTO services_ward (id, name, district_id) VALUES ('04624', 'Xã Nghĩa Lộ', '133');
INSERT INTO services_ward (id, name, district_id) VALUES ('04660', 'Xã Sơn A', '133');
INSERT INTO services_ward (id, name, district_id) VALUES ('04663', 'Xã Phù Nham', '133');
INSERT INTO services_ward (id, name, district_id) VALUES ('04675', 'Xã Thanh Lương', '133');
INSERT INTO services_ward (id, name, district_id) VALUES ('04678', 'Xã Hạnh Sơn', '133');
INSERT INTO services_ward (id, name, district_id) VALUES ('04681', 'Xã Phúc Sơn', '133');
INSERT INTO services_ward (id, name, district_id) VALUES ('04684', 'Xã Thạch Lương', '133');
INSERT INTO services_district (id, name, city_id) VALUES ('135', 'Huyện Lục Yên', '15');
INSERT INTO services_ward (id, name, district_id) VALUES ('04303', 'Thị trấn Yên Thế', '135');
INSERT INTO services_ward (id, name, district_id) VALUES ('04306', 'Xã Tân Phượng', '135');
INSERT INTO services_ward (id, name, district_id) VALUES ('04309', 'Xã Lâm Thượng', '135');
INSERT INTO services_ward (id, name, district_id) VALUES ('04312', 'Xã Khánh Thiện', '135');
INSERT INTO services_ward (id, name, district_id) VALUES ('04315', 'Xã Minh Chuẩn', '135');
INSERT INTO services_ward (id, name, district_id) VALUES ('04318', 'Xã Mai Sơn', '135');
INSERT INTO services_ward (id, name, district_id) VALUES ('04321', 'Xã Khai Trung', '135');
INSERT INTO services_ward (id, name, district_id) VALUES ('04324', 'Xã Mường Lai', '135');
INSERT INTO services_ward (id, name, district_id) VALUES ('04327', 'Xã An Lạc', '135');
INSERT INTO services_ward (id, name, district_id) VALUES ('04330', 'Xã Minh Xuân', '135');
INSERT INTO services_ward (id, name, district_id) VALUES ('04333', 'Xã Tô Mậu', '135');
INSERT INTO services_ward (id, name, district_id) VALUES ('04336', 'Xã Tân Lĩnh', '135');
INSERT INTO services_ward (id, name, district_id) VALUES ('04339', 'Xã Yên Thắng', '135');
INSERT INTO services_ward (id, name, district_id) VALUES ('04342', 'Xã Khánh Hoà', '135');
INSERT INTO services_ward (id, name, district_id) VALUES ('04345', 'Xã Vĩnh Lạc', '135');
INSERT INTO services_ward (id, name, district_id) VALUES ('04348', 'Xã Liễu Đô', '135');
INSERT INTO services_ward (id, name, district_id) VALUES ('04351', 'Xã Động Quan', '135');
INSERT INTO services_ward (id, name, district_id) VALUES ('04354', 'Xã Tân Lập', '135');
INSERT INTO services_ward (id, name, district_id) VALUES ('04357', 'Xã Minh Tiến', '135');
INSERT INTO services_ward (id, name, district_id) VALUES ('04360', 'Xã Trúc Lâu', '135');
INSERT INTO services_ward (id, name, district_id) VALUES ('04363', 'Xã Phúc Lợi', '135');
INSERT INTO services_ward (id, name, district_id) VALUES ('04366', 'Xã Phan Thanh', '135');
INSERT INTO services_ward (id, name, district_id) VALUES ('04369', 'Xã An Phú', '135');
INSERT INTO services_ward (id, name, district_id) VALUES ('04372', 'Xã Trung Tâm', '135');
INSERT INTO services_district (id, name, city_id) VALUES ('136', 'Huyện Văn Yên', '15');
INSERT INTO services_ward (id, name, district_id) VALUES ('04375', 'Thị trấn Mậu A', '136');
INSERT INTO services_ward (id, name, district_id) VALUES ('04378', 'Xã Lang Thíp', '136');
INSERT INTO services_ward (id, name, district_id) VALUES ('04381', 'Xã Lâm Giang', '136');
INSERT INTO services_ward (id, name, district_id) VALUES ('04384', 'Xã Châu Quế Thượng', '136');
INSERT INTO services_ward (id, name, district_id) VALUES ('04387', 'Xã Châu Quế Hạ', '136');
INSERT INTO services_ward (id, name, district_id) VALUES ('04390', 'Xã An Bình', '136');
INSERT INTO services_ward (id, name, district_id) VALUES ('04393', 'Xã Quang Minh', '136');
INSERT INTO services_ward (id, name, district_id) VALUES ('04396', 'Xã Đông An', '136');
INSERT INTO services_ward (id, name, district_id) VALUES ('04399', 'Xã Đông Cuông', '136');
INSERT INTO services_ward (id, name, district_id) VALUES ('04402', 'Xã Phong Dụ Hạ', '136');
INSERT INTO services_ward (id, name, district_id) VALUES ('04405', 'Xã Mậu Đông', '136');
INSERT INTO services_ward (id, name, district_id) VALUES ('04408', 'Xã Ngòi A', '136');
INSERT INTO services_ward (id, name, district_id) VALUES ('04411', 'Xã Xuân Tầm', '136');
INSERT INTO services_ward (id, name, district_id) VALUES ('04414', 'Xã Tân Hợp', '136');
INSERT INTO services_ward (id, name, district_id) VALUES ('04417', 'Xã An Thịnh', '136');
INSERT INTO services_ward (id, name, district_id) VALUES ('04420', 'Xã Yên Thái', '136');
INSERT INTO services_ward (id, name, district_id) VALUES ('04423', 'Xã Phong Dụ Thượng', '136');
INSERT INTO services_ward (id, name, district_id) VALUES ('04426', 'Xã Yên Hợp', '136');
INSERT INTO services_ward (id, name, district_id) VALUES ('04429', 'Xã Đại Sơn', '136');
INSERT INTO services_ward (id, name, district_id) VALUES ('04435', 'Xã Đại Phác', '136');
INSERT INTO services_ward (id, name, district_id) VALUES ('04438', 'Xã Yên Phú', '136');
INSERT INTO services_ward (id, name, district_id) VALUES ('04441', 'Xã Xuân Ái', '136');
INSERT INTO services_ward (id, name, district_id) VALUES ('04447', 'Xã Viễn Sơn', '136');
INSERT INTO services_ward (id, name, district_id) VALUES ('04450', 'Xã Mỏ Vàng', '136');
INSERT INTO services_ward (id, name, district_id) VALUES ('04453', 'Xã Nà Hẩu', '136');
INSERT INTO services_district (id, name, city_id) VALUES ('137', 'Huyện Mù Căng Chải', '15');
INSERT INTO services_ward (id, name, district_id) VALUES ('04456', 'Thị trấn Mù Căng Chải', '137');
INSERT INTO services_ward (id, name, district_id) VALUES ('04459', 'Xã Hồ Bốn', '137');
INSERT INTO services_ward (id, name, district_id) VALUES ('04462', 'Xã Nậm Có', '137');
INSERT INTO services_ward (id, name, district_id) VALUES ('04465', 'Xã Khao Mang', '137');
INSERT INTO services_ward (id, name, district_id) VALUES ('04468', 'Xã Mồ Dề', '137');
INSERT INTO services_ward (id, name, district_id) VALUES ('04471', 'Xã Chế Cu Nha', '137');
INSERT INTO services_ward (id, name, district_id) VALUES ('04474', 'Xã Lao Chải', '137');
INSERT INTO services_ward (id, name, district_id) VALUES ('04477', 'Xã Kim Nọi', '137');
INSERT INTO services_ward (id, name, district_id) VALUES ('04480', 'Xã Cao Phạ', '137');
INSERT INTO services_ward (id, name, district_id) VALUES ('04483', 'Xã La Pán Tẩn', '137');
INSERT INTO services_ward (id, name, district_id) VALUES ('04486', 'Xã Dế Su Phình', '137');
INSERT INTO services_ward (id, name, district_id) VALUES ('04489', 'Xã Chế Tạo', '137');
INSERT INTO services_ward (id, name, district_id) VALUES ('04492', 'Xã Púng Luông', '137');
INSERT INTO services_ward (id, name, district_id) VALUES ('04495', 'Xã Nậm Khắt', '137');
INSERT INTO services_district (id, name, city_id) VALUES ('138', 'Huyện Trấn Yên', '15');
INSERT INTO services_ward (id, name, district_id) VALUES ('04498', 'Thị trấn Cổ Phúc', '138');
INSERT INTO services_ward (id, name, district_id) VALUES ('04501', 'Xã Tân Đồng', '138');
INSERT INTO services_ward (id, name, district_id) VALUES ('04504', 'Xã Báo Đáp', '138');
INSERT INTO services_ward (id, name, district_id) VALUES ('04510', 'Xã Thành Thịnh', '138');
INSERT INTO services_ward (id, name, district_id) VALUES ('04513', 'Xã Hòa Cuông', '138');
INSERT INTO services_ward (id, name, district_id) VALUES ('04516', 'Xã Minh Quán', '138');
INSERT INTO services_ward (id, name, district_id) VALUES ('04519', 'Xã Quy Mông', '138');
INSERT INTO services_ward (id, name, district_id) VALUES ('04522', 'Xã Cường Thịnh', '138');
INSERT INTO services_ward (id, name, district_id) VALUES ('04525', 'Xã Kiên Thành', '138');
INSERT INTO services_ward (id, name, district_id) VALUES ('04531', 'Xã Y Can', '138');
INSERT INTO services_ward (id, name, district_id) VALUES ('04537', 'Xã Lương Thịnh', '138');
INSERT INTO services_ward (id, name, district_id) VALUES ('04564', 'Xã Việt Cường', '138');
INSERT INTO services_ward (id, name, district_id) VALUES ('04567', 'Xã Minh Quân', '138');
INSERT INTO services_ward (id, name, district_id) VALUES ('04570', 'Xã Hồng Ca', '138');
INSERT INTO services_ward (id, name, district_id) VALUES ('04573', 'Xã Hưng Thịnh', '138');
INSERT INTO services_ward (id, name, district_id) VALUES ('04576', 'Xã Hưng Khánh', '138');
INSERT INTO services_ward (id, name, district_id) VALUES ('04579', 'Xã Việt Hồng', '138');
INSERT INTO services_ward (id, name, district_id) VALUES ('04582', 'Xã Vân Hội', '138');
INSERT INTO services_district (id, name, city_id) VALUES ('139', 'Huyện Trạm Tấu', '15');
INSERT INTO services_ward (id, name, district_id) VALUES ('04585', 'Thị trấn Trạm Tấu', '139');
INSERT INTO services_ward (id, name, district_id) VALUES ('04588', 'Xã Túc Đán', '139');
INSERT INTO services_ward (id, name, district_id) VALUES ('04591', 'Xã Pá Lau', '139');
INSERT INTO services_ward (id, name, district_id) VALUES ('04594', 'Xã Xà Hồ', '139');
INSERT INTO services_ward (id, name, district_id) VALUES ('04597', 'Xã Phình Hồ', '139');
INSERT INTO services_ward (id, name, district_id) VALUES ('04600', 'Xã Trạm Tấu', '139');
INSERT INTO services_ward (id, name, district_id) VALUES ('04603', 'Xã Tà Si Láng', '139');
INSERT INTO services_ward (id, name, district_id) VALUES ('04606', 'Xã Pá Hu', '139');
INSERT INTO services_ward (id, name, district_id) VALUES ('04609', 'Xã Làng Nhì', '139');
INSERT INTO services_ward (id, name, district_id) VALUES ('04612', 'Xã Bản Công', '139');
INSERT INTO services_ward (id, name, district_id) VALUES ('04615', 'Xã Bản Mù', '139');
INSERT INTO services_ward (id, name, district_id) VALUES ('04618', 'Xã Hát Lìu', '139');
INSERT INTO services_district (id, name, city_id) VALUES ('140', 'Huyện Văn Chấn', '15');
INSERT INTO services_ward (id, name, district_id) VALUES ('04621', 'Thị trấn NT Liên Sơn', '140');
INSERT INTO services_ward (id, name, district_id) VALUES ('04627', 'Thị trấn NT Trần Phú', '140');
INSERT INTO services_ward (id, name, district_id) VALUES ('04630', 'Xã Tú Lệ', '140');
INSERT INTO services_ward (id, name, district_id) VALUES ('04633', 'Xã Nậm Búng', '140');
INSERT INTO services_ward (id, name, district_id) VALUES ('04636', 'Xã Gia Hội', '140');
INSERT INTO services_ward (id, name, district_id) VALUES ('04639', 'Xã Sùng Đô', '140');
INSERT INTO services_ward (id, name, district_id) VALUES ('04642', 'Xã Nậm Mười', '140');
INSERT INTO services_ward (id, name, district_id) VALUES ('04645', 'Xã An Lương', '140');
INSERT INTO services_ward (id, name, district_id) VALUES ('04648', 'Xã Nậm Lành', '140');
INSERT INTO services_ward (id, name, district_id) VALUES ('04651', 'Xã Sơn Lương', '140');
INSERT INTO services_ward (id, name, district_id) VALUES ('04654', 'Xã Suối Quyền', '140');
INSERT INTO services_ward (id, name, district_id) VALUES ('04657', 'Xã Suối Giàng', '140');
INSERT INTO services_ward (id, name, district_id) VALUES ('04666', 'Xã Nghĩa Sơn', '140');
INSERT INTO services_ward (id, name, district_id) VALUES ('04669', 'Xã Suối Bu', '140');
INSERT INTO services_ward (id, name, district_id) VALUES ('04672', 'Thị trấn Sơn Thịnh', '140');
INSERT INTO services_ward (id, name, district_id) VALUES ('04687', 'Xã Đại Lịch', '140');
INSERT INTO services_ward (id, name, district_id) VALUES ('04690', 'Xã Đồng Khê', '140');
INSERT INTO services_ward (id, name, district_id) VALUES ('04693', 'Xã Cát Thịnh', '140');
INSERT INTO services_ward (id, name, district_id) VALUES ('04696', 'Xã Tân Thịnh', '140');
INSERT INTO services_ward (id, name, district_id) VALUES ('04699', 'Xã Chấn Thịnh', '140');
INSERT INTO services_ward (id, name, district_id) VALUES ('04702', 'Xã Bình Thuận', '140');
INSERT INTO services_ward (id, name, district_id) VALUES ('04705', 'Xã Thượng Bằng La', '140');
INSERT INTO services_ward (id, name, district_id) VALUES ('04708', 'Xã Minh An', '140');
INSERT INTO services_ward (id, name, district_id) VALUES ('04711', 'Xã Nghĩa Tâm', '140');
INSERT INTO services_district (id, name, city_id) VALUES ('141', 'Huyện Yên Bình', '15');
INSERT INTO services_ward (id, name, district_id) VALUES ('04714', 'Thị trấn Yên Bình', '141');
INSERT INTO services_ward (id, name, district_id) VALUES ('04717', 'Thị trấn Thác Bà', '141');
INSERT INTO services_ward (id, name, district_id) VALUES ('04720', 'Xã Xuân Long', '141');
INSERT INTO services_ward (id, name, district_id) VALUES ('04726', 'Xã Cảm Nhân', '141');
INSERT INTO services_ward (id, name, district_id) VALUES ('04729', 'Xã Ngọc Chấn', '141');
INSERT INTO services_ward (id, name, district_id) VALUES ('04732', 'Xã Tân Nguyên', '141');
INSERT INTO services_ward (id, name, district_id) VALUES ('04735', 'Xã Phúc Ninh', '141');
INSERT INTO services_ward (id, name, district_id) VALUES ('04738', 'Xã Bảo Ái', '141');
INSERT INTO services_ward (id, name, district_id) VALUES ('04741', 'Xã Mỹ Gia', '141');
INSERT INTO services_ward (id, name, district_id) VALUES ('04744', 'Xã Xuân Lai', '141');
INSERT INTO services_ward (id, name, district_id) VALUES ('04747', 'Xã Mông Sơn', '141');
INSERT INTO services_ward (id, name, district_id) VALUES ('04750', 'Xã Cảm Ân', '141');
INSERT INTO services_ward (id, name, district_id) VALUES ('04753', 'Xã Yên Thành', '141');
INSERT INTO services_ward (id, name, district_id) VALUES ('04756', 'Xã Tân Hương', '141');
INSERT INTO services_ward (id, name, district_id) VALUES ('04759', 'Xã Phúc An', '141');
INSERT INTO services_ward (id, name, district_id) VALUES ('04762', 'Xã Bạch Hà', '141');
INSERT INTO services_ward (id, name, district_id) VALUES ('04765', 'Xã Vũ Linh', '141');
INSERT INTO services_ward (id, name, district_id) VALUES ('04768', 'Xã Đại Đồng', '141');
INSERT INTO services_ward (id, name, district_id) VALUES ('04771', 'Xã Vĩnh Kiên', '141');
INSERT INTO services_ward (id, name, district_id) VALUES ('04777', 'Xã Thịnh Hưng', '141');
INSERT INTO services_ward (id, name, district_id) VALUES ('04780', 'Xã Hán Đà', '141');
INSERT INTO services_ward (id, name, district_id) VALUES ('04783', 'Xã Phú Thịnh', '141');
INSERT INTO services_ward (id, name, district_id) VALUES ('04786', 'Xã Đại Minh', '141');
INSERT INTO services_city (id, name) VALUES ('17', 'Tỉnh Hoà Bình');
INSERT INTO services_district (id, name, city_id) VALUES ('148', 'Thành phố Hòa Bình', '17');
INSERT INTO services_ward (id, name, district_id) VALUES ('04789', 'Phường Thái Bình', '148');
INSERT INTO services_ward (id, name, district_id) VALUES ('04792', 'Phường Tân Hòa', '148');
INSERT INTO services_ward (id, name, district_id) VALUES ('04795', 'Phường Thịnh Lang', '148');
INSERT INTO services_ward (id, name, district_id) VALUES ('04798', 'Phường Hữu Nghị', '148');
INSERT INTO services_ward (id, name, district_id) VALUES ('04801', 'Phường Tân Thịnh', '148');
INSERT INTO services_ward (id, name, district_id) VALUES ('04804', 'Phường Đồng Tiến', '148');
INSERT INTO services_ward (id, name, district_id) VALUES ('04807', 'Phường Phương Lâm', '148');
INSERT INTO services_ward (id, name, district_id) VALUES ('04813', 'Xã Yên Mông', '148');
INSERT INTO services_ward (id, name, district_id) VALUES ('04816', 'Phường Quỳnh Lâm', '148');
INSERT INTO services_ward (id, name, district_id) VALUES ('04819', 'Phường Dân Chủ', '148');
INSERT INTO services_ward (id, name, district_id) VALUES ('04825', 'Xã Hòa Bình', '148');
INSERT INTO services_ward (id, name, district_id) VALUES ('04828', 'Phường Thống Nhất', '148');
INSERT INTO services_ward (id, name, district_id) VALUES ('04894', 'Phường Kỳ Sơn', '148');
INSERT INTO services_ward (id, name, district_id) VALUES ('04897', 'Xã Thịnh Minh', '148');
INSERT INTO services_ward (id, name, district_id) VALUES ('04903', 'Xã Hợp Thành', '148');
INSERT INTO services_ward (id, name, district_id) VALUES ('04906', 'Xã Quang Tiến', '148');
INSERT INTO services_ward (id, name, district_id) VALUES ('04912', 'Xã Mông Hóa', '148');
INSERT INTO services_ward (id, name, district_id) VALUES ('04918', 'Phường Trung Minh', '148');
INSERT INTO services_ward (id, name, district_id) VALUES ('04921', 'Xã Độc Lập', '148');
INSERT INTO services_district (id, name, city_id) VALUES ('150', 'Huyện Đà Bắc', '17');
INSERT INTO services_ward (id, name, district_id) VALUES ('04831', 'Thị trấn Đà Bắc', '150');
INSERT INTO services_ward (id, name, district_id) VALUES ('04834', 'Xã Nánh Nghê', '150');
INSERT INTO services_ward (id, name, district_id) VALUES ('04840', 'Xã Giáp Đắt', '150');
INSERT INTO services_ward (id, name, district_id) VALUES ('04846', 'Xã Mường Chiềng', '150');
INSERT INTO services_ward (id, name, district_id) VALUES ('04849', 'Xã Tân Pheo', '150');
INSERT INTO services_ward (id, name, district_id) VALUES ('04852', 'Xã Đồng Chum', '150');
INSERT INTO services_ward (id, name, district_id) VALUES ('04855', 'Xã Tân Minh', '150');
INSERT INTO services_ward (id, name, district_id) VALUES ('04858', 'Xã Đoàn Kết', '150');
INSERT INTO services_ward (id, name, district_id) VALUES ('04861', 'Xã Đồng Ruộng', '150');
INSERT INTO services_ward (id, name, district_id) VALUES ('04867', 'Xã Tú Lý', '150');
INSERT INTO services_ward (id, name, district_id) VALUES ('04870', 'Xã Trung Thành', '150');
INSERT INTO services_ward (id, name, district_id) VALUES ('04873', 'Xã Yên Hòa', '150');
INSERT INTO services_ward (id, name, district_id) VALUES ('04876', 'Xã Cao Sơn', '150');
INSERT INTO services_ward (id, name, district_id) VALUES ('04879', 'Xã Toàn Sơn', '150');
INSERT INTO services_ward (id, name, district_id) VALUES ('04885', 'Xã Hiền Lương', '150');
INSERT INTO services_ward (id, name, district_id) VALUES ('04888', 'Xã Tiền Phong', '150');
INSERT INTO services_ward (id, name, district_id) VALUES ('04891', 'Xã Vầy Nưa', '150');
INSERT INTO services_district (id, name, city_id) VALUES ('152', 'Huyện Lương Sơn', '17');
INSERT INTO services_ward (id, name, district_id) VALUES ('04924', 'Thị trấn Lương Sơn', '152');
INSERT INTO services_ward (id, name, district_id) VALUES ('04942', 'Xã Lâm Sơn', '152');
INSERT INTO services_ward (id, name, district_id) VALUES ('04945', 'Xã Hòa Sơn', '152');
INSERT INTO services_ward (id, name, district_id) VALUES ('04951', 'Xã Tân Vinh', '152');
INSERT INTO services_ward (id, name, district_id) VALUES ('04954', 'Xã Nhuận Trạch', '152');
INSERT INTO services_ward (id, name, district_id) VALUES ('04957', 'Xã Cao Sơn', '152');
INSERT INTO services_ward (id, name, district_id) VALUES ('04960', 'Xã Cư Yên', '152');
INSERT INTO services_ward (id, name, district_id) VALUES ('04969', 'Xã Liên Sơn', '152');
INSERT INTO services_ward (id, name, district_id) VALUES ('05008', 'Xã Cao Dương', '152');
INSERT INTO services_ward (id, name, district_id) VALUES ('05041', 'Xã Thanh Sơn', '152');
INSERT INTO services_ward (id, name, district_id) VALUES ('05047', 'Xã Thanh Cao', '152');
INSERT INTO services_district (id, name, city_id) VALUES ('153', 'Huyện Kim Bôi', '17');
INSERT INTO services_ward (id, name, district_id) VALUES ('04978', 'Thị trấn Bo', '153');
INSERT INTO services_ward (id, name, district_id) VALUES ('04984', 'Xã Đú Sáng', '153');
INSERT INTO services_ward (id, name, district_id) VALUES ('04987', 'Xã Hùng Sơn', '153');
INSERT INTO services_ward (id, name, district_id) VALUES ('04990', 'Xã Bình Sơn', '153');
INSERT INTO services_ward (id, name, district_id) VALUES ('04999', 'Xã Tú Sơn', '153');
INSERT INTO services_ward (id, name, district_id) VALUES ('05005', 'Xã Vĩnh Tiến', '153');
INSERT INTO services_ward (id, name, district_id) VALUES ('05014', 'Xã Đông Bắc', '153');
INSERT INTO services_ward (id, name, district_id) VALUES ('05017', 'Xã Xuân Thủy', '153');
INSERT INTO services_ward (id, name, district_id) VALUES ('05026', 'Xã Vĩnh Đồng', '153');
INSERT INTO services_ward (id, name, district_id) VALUES ('05035', 'Xã Kim Lập', '153');
INSERT INTO services_ward (id, name, district_id) VALUES ('05038', 'Xã Hợp Tiến', '153');
INSERT INTO services_ward (id, name, district_id) VALUES ('05065', 'Xã Kim Bôi', '153');
INSERT INTO services_ward (id, name, district_id) VALUES ('05068', 'Xã Nam Thượng', '153');
INSERT INTO services_ward (id, name, district_id) VALUES ('05077', 'Xã Cuối Hạ', '153');
INSERT INTO services_ward (id, name, district_id) VALUES ('05080', 'Xã Sào Báy', '153');
INSERT INTO services_ward (id, name, district_id) VALUES ('05083', 'Xã Mi Hòa', '153');
INSERT INTO services_ward (id, name, district_id) VALUES ('05086', 'Xã Nuông Dăm', '153');
INSERT INTO services_district (id, name, city_id) VALUES ('154', 'Huyện Cao Phong', '17');
INSERT INTO services_ward (id, name, district_id) VALUES ('05089', 'Thị trấn Cao Phong', '154');
INSERT INTO services_ward (id, name, district_id) VALUES ('05092', 'Xã Bình Thanh', '154');
INSERT INTO services_ward (id, name, district_id) VALUES ('05095', 'Xã Thung Nai', '154');
INSERT INTO services_ward (id, name, district_id) VALUES ('05098', 'Xã Bắc Phong', '154');
INSERT INTO services_ward (id, name, district_id) VALUES ('05101', 'Xã Thu Phong', '154');
INSERT INTO services_ward (id, name, district_id) VALUES ('05104', 'Xã Hợp Phong', '154');
INSERT INTO services_ward (id, name, district_id) VALUES ('05110', 'Xã Tây Phong', '154');
INSERT INTO services_ward (id, name, district_id) VALUES ('05116', 'Xã Dũng Phong', '154');
INSERT INTO services_ward (id, name, district_id) VALUES ('05119', 'Xã Nam Phong', '154');
INSERT INTO services_ward (id, name, district_id) VALUES ('05125', 'Xã Thạch Yên', '154');
INSERT INTO services_district (id, name, city_id) VALUES ('155', 'Huyện Tân Lạc', '17');
INSERT INTO services_ward (id, name, district_id) VALUES ('05128', 'Thị trấn Mãn Đức', '155');
INSERT INTO services_ward (id, name, district_id) VALUES ('05134', 'Xã Suối Hoa', '155');
INSERT INTO services_ward (id, name, district_id) VALUES ('05137', 'Xã Phú Vinh', '155');
INSERT INTO services_ward (id, name, district_id) VALUES ('05140', 'Xã Phú Cường', '155');
INSERT INTO services_ward (id, name, district_id) VALUES ('05143', 'Xã Mỹ Hòa', '155');
INSERT INTO services_ward (id, name, district_id) VALUES ('05152', 'Xã Quyết Chiến', '155');
INSERT INTO services_ward (id, name, district_id) VALUES ('05158', 'Xã Phong Phú', '155');
INSERT INTO services_ward (id, name, district_id) VALUES ('05164', 'Xã Tử Nê', '155');
INSERT INTO services_ward (id, name, district_id) VALUES ('05167', 'Xã Thanh Hối', '155');
INSERT INTO services_ward (id, name, district_id) VALUES ('05170', 'Xã Ngọc Mỹ', '155');
INSERT INTO services_ward (id, name, district_id) VALUES ('05173', 'Xã Đông Lai', '155');
INSERT INTO services_ward (id, name, district_id) VALUES ('05176', 'Xã Vân Sơn', '155');
INSERT INTO services_ward (id, name, district_id) VALUES ('05182', 'Xã Nhân Mỹ', '155');
INSERT INTO services_ward (id, name, district_id) VALUES ('05191', 'Xã Lỗ Sơn', '155');
INSERT INTO services_ward (id, name, district_id) VALUES ('05194', 'Xã Ngổ Luông', '155');
INSERT INTO services_ward (id, name, district_id) VALUES ('05197', 'Xã Gia Mô', '155');
INSERT INTO services_district (id, name, city_id) VALUES ('156', 'Huyện Mai Châu', '17');
INSERT INTO services_ward (id, name, district_id) VALUES ('04882', 'Xã Tân Thành', '156');
INSERT INTO services_ward (id, name, district_id) VALUES ('05200', 'Thị trấn Mai Châu', '156');
INSERT INTO services_ward (id, name, district_id) VALUES ('05206', 'Xã Sơn Thủy', '156');
INSERT INTO services_ward (id, name, district_id) VALUES ('05209', 'Xã Pà Cò', '156');
INSERT INTO services_ward (id, name, district_id) VALUES ('05212', 'Xã Hang Kia', '156');
INSERT INTO services_ward (id, name, district_id) VALUES ('05221', 'Xã Đồng Tân', '156');
INSERT INTO services_ward (id, name, district_id) VALUES ('05224', 'Xã Cun Pheo', '156');
INSERT INTO services_ward (id, name, district_id) VALUES ('05227', 'Xã Bao La', '156');
INSERT INTO services_ward (id, name, district_id) VALUES ('05233', 'Xã Tòng Đậu', '156');
INSERT INTO services_ward (id, name, district_id) VALUES ('05242', 'Xã Nà Phòn', '156');
INSERT INTO services_ward (id, name, district_id) VALUES ('05245', 'Xã Săm Khóe', '156');
INSERT INTO services_ward (id, name, district_id) VALUES ('05248', 'Xã Chiềng Châu', '156');
INSERT INTO services_ward (id, name, district_id) VALUES ('05251', 'Xã Mai Hạ', '156');
INSERT INTO services_ward (id, name, district_id) VALUES ('05254', 'Xã Thành Sơn', '156');
INSERT INTO services_ward (id, name, district_id) VALUES ('05257', 'Xã Mai Hịch', '156');
INSERT INTO services_ward (id, name, district_id) VALUES ('05263', 'Xã Vạn Mai', '156');
INSERT INTO services_district (id, name, city_id) VALUES ('157', 'Huyện Lạc Sơn', '17');
INSERT INTO services_ward (id, name, district_id) VALUES ('05266', 'Thị trấn Vụ Bản', '157');
INSERT INTO services_ward (id, name, district_id) VALUES ('05269', 'Xã Quý Hòa', '157');
INSERT INTO services_ward (id, name, district_id) VALUES ('05272', 'Xã Miền Đồi', '157');
INSERT INTO services_ward (id, name, district_id) VALUES ('05275', 'Xã Mỹ Thành', '157');
INSERT INTO services_ward (id, name, district_id) VALUES ('05278', 'Xã Tuân Đạo', '157');
INSERT INTO services_ward (id, name, district_id) VALUES ('05281', 'Xã Văn Nghĩa', '157');
INSERT INTO services_ward (id, name, district_id) VALUES ('05284', 'Xã Văn Sơn', '157');
INSERT INTO services_ward (id, name, district_id) VALUES ('05287', 'Xã Tân Lập', '157');
INSERT INTO services_ward (id, name, district_id) VALUES ('05290', 'Xã Nhân Nghĩa', '157');
INSERT INTO services_ward (id, name, district_id) VALUES ('05293', 'Xã Thượng Cốc', '157');
INSERT INTO services_ward (id, name, district_id) VALUES ('05299', 'Xã Quyết Thắng', '157');
INSERT INTO services_ward (id, name, district_id) VALUES ('05302', 'Xã Xuất Hóa', '157');
INSERT INTO services_ward (id, name, district_id) VALUES ('05305', 'Xã Yên Phú', '157');
INSERT INTO services_ward (id, name, district_id) VALUES ('05308', 'Xã Bình Hẻm', '157');
INSERT INTO services_ward (id, name, district_id) VALUES ('05320', 'Xã Định Cư', '157');
INSERT INTO services_ward (id, name, district_id) VALUES ('05323', 'Xã Chí Đạo', '157');
INSERT INTO services_ward (id, name, district_id) VALUES ('05329', 'Xã Ngọc Sơn', '157');
INSERT INTO services_ward (id, name, district_id) VALUES ('05332', 'Xã Hương Nhượng', '157');
INSERT INTO services_ward (id, name, district_id) VALUES ('05335', 'Xã Vũ Bình', '157');
INSERT INTO services_ward (id, name, district_id) VALUES ('05338', 'Xã Tự Do', '157');
INSERT INTO services_ward (id, name, district_id) VALUES ('05341', 'Xã Yên Nghiệp', '157');
INSERT INTO services_ward (id, name, district_id) VALUES ('05344', 'Xã Tân Mỹ', '157');
INSERT INTO services_ward (id, name, district_id) VALUES ('05347', 'Xã Ân Nghĩa', '157');
INSERT INTO services_ward (id, name, district_id) VALUES ('05350', 'Xã Ngọc Lâu', '157');
INSERT INTO services_district (id, name, city_id) VALUES ('158', 'Huyện Yên Thủy', '17');
INSERT INTO services_ward (id, name, district_id) VALUES ('05353', 'Thị trấn Hàng Trạm', '158');
INSERT INTO services_ward (id, name, district_id) VALUES ('05356', 'Xã Lạc Sỹ', '158');
INSERT INTO services_ward (id, name, district_id) VALUES ('05362', 'Xã Lạc Lương', '158');
INSERT INTO services_ward (id, name, district_id) VALUES ('05365', 'Xã Bảo Hiệu', '158');
INSERT INTO services_ward (id, name, district_id) VALUES ('05368', 'Xã Đa Phúc', '158');
INSERT INTO services_ward (id, name, district_id) VALUES ('05371', 'Xã Hữu Lợi', '158');
INSERT INTO services_ward (id, name, district_id) VALUES ('05374', 'Xã Lạc Thịnh', '158');
INSERT INTO services_ward (id, name, district_id) VALUES ('05380', 'Xã Đoàn Kết', '158');
INSERT INTO services_ward (id, name, district_id) VALUES ('05383', 'Xã Phú Lai', '158');
INSERT INTO services_ward (id, name, district_id) VALUES ('05386', 'Xã Yên Trị', '158');
INSERT INTO services_ward (id, name, district_id) VALUES ('05389', 'Xã Ngọc Lương', '158');
INSERT INTO services_district (id, name, city_id) VALUES ('159', 'Huyện Lạc Thủy', '17');
INSERT INTO services_ward (id, name, district_id) VALUES ('04981', 'Thị trấn Ba Hàng Đồi', '159');
INSERT INTO services_ward (id, name, district_id) VALUES ('05392', 'Thị trấn Chi Nê', '159');
INSERT INTO services_ward (id, name, district_id) VALUES ('05395', 'Xã Phú Nghĩa', '159');
INSERT INTO services_ward (id, name, district_id) VALUES ('05398', 'Xã Phú Thành', '159');
INSERT INTO services_ward (id, name, district_id) VALUES ('05404', 'Xã Hưng Thi', '159');
INSERT INTO services_ward (id, name, district_id) VALUES ('05413', 'Xã Khoan Dụ', '159');
INSERT INTO services_ward (id, name, district_id) VALUES ('05419', 'Xã Đồng Tâm', '159');
INSERT INTO services_ward (id, name, district_id) VALUES ('05422', 'Xã Yên Bồng', '159');
INSERT INTO services_ward (id, name, district_id) VALUES ('05425', 'Xã Thống Nhất', '159');
INSERT INTO services_ward (id, name, district_id) VALUES ('05428', 'Xã An Bình', '159');
INSERT INTO services_city (id, name) VALUES ('19', 'Tỉnh Thái Nguyên');
INSERT INTO services_district (id, name, city_id) VALUES ('164', 'Thành phố Thái Nguyên', '19');
INSERT INTO services_ward (id, name, district_id) VALUES ('05431', 'Phường Quán Triều', '164');
INSERT INTO services_ward (id, name, district_id) VALUES ('05434', 'Phường Quang Vinh', '164');
INSERT INTO services_ward (id, name, district_id) VALUES ('05437', 'Phường Túc Duyên', '164');
INSERT INTO services_ward (id, name, district_id) VALUES ('05440', 'Phường Hoàng Văn Thụ', '164');
INSERT INTO services_ward (id, name, district_id) VALUES ('05443', 'Phường Trưng Vương', '164');
INSERT INTO services_ward (id, name, district_id) VALUES ('05446', 'Phường Quang Trung', '164');
INSERT INTO services_ward (id, name, district_id) VALUES ('05449', 'Phường Phan Đình Phùng', '164');
INSERT INTO services_ward (id, name, district_id) VALUES ('05452', 'Phường Tân Thịnh', '164');
INSERT INTO services_ward (id, name, district_id) VALUES ('05455', 'Phường Thịnh Đán', '164');
INSERT INTO services_ward (id, name, district_id) VALUES ('05458', 'Phường Đồng Quang', '164');
INSERT INTO services_ward (id, name, district_id) VALUES ('05461', 'Phường Gia Sàng', '164');
INSERT INTO services_ward (id, name, district_id) VALUES ('05464', 'Phường Tân Lập', '164');
INSERT INTO services_ward (id, name, district_id) VALUES ('05467', 'Phường Cam Giá', '164');
INSERT INTO services_ward (id, name, district_id) VALUES ('05470', 'Phường Phú Xá', '164');
INSERT INTO services_ward (id, name, district_id) VALUES ('05473', 'Phường Hương Sơn', '164');
INSERT INTO services_ward (id, name, district_id) VALUES ('05476', 'Phường Trung Thành', '164');
INSERT INTO services_ward (id, name, district_id) VALUES ('05479', 'Phường Tân Thành', '164');
INSERT INTO services_ward (id, name, district_id) VALUES ('05482', 'Phường Tân Long', '164');
INSERT INTO services_ward (id, name, district_id) VALUES ('05485', 'Xã Phúc Hà', '164');
INSERT INTO services_ward (id, name, district_id) VALUES ('05488', 'Xã Phúc Xuân', '164');
INSERT INTO services_ward (id, name, district_id) VALUES ('05491', 'Xã Quyết Thắng', '164');
INSERT INTO services_ward (id, name, district_id) VALUES ('05494', 'Xã Phúc Trìu', '164');
INSERT INTO services_ward (id, name, district_id) VALUES ('05497', 'Xã Thịnh Đức', '164');
INSERT INTO services_ward (id, name, district_id) VALUES ('05500', 'Phường Tích Lương', '164');
INSERT INTO services_ward (id, name, district_id) VALUES ('05503', 'Xã Tân Cương', '164');
INSERT INTO services_ward (id, name, district_id) VALUES ('05653', 'Xã Sơn Cẩm', '164');
INSERT INTO services_ward (id, name, district_id) VALUES ('05659', 'Phường Chùa Hang', '164');
INSERT INTO services_ward (id, name, district_id) VALUES ('05695', 'Xã Cao Ngạn', '164');
INSERT INTO services_ward (id, name, district_id) VALUES ('05701', 'Xã Linh Sơn', '164');
INSERT INTO services_ward (id, name, district_id) VALUES ('05710', 'Phường Đồng Bẩm', '164');
INSERT INTO services_ward (id, name, district_id) VALUES ('05713', 'Xã Huống Thượng', '164');
INSERT INTO services_ward (id, name, district_id) VALUES ('05914', 'Xã Đồng Liên', '164');
INSERT INTO services_district (id, name, city_id) VALUES ('165', 'Thành phố Sông Công', '19');
INSERT INTO services_ward (id, name, district_id) VALUES ('05506', 'Phường Lương Sơn', '165');
INSERT INTO services_ward (id, name, district_id) VALUES ('05509', 'Phường Châu Sơn', '165');
INSERT INTO services_ward (id, name, district_id) VALUES ('05512', 'Phường Mỏ Chè', '165');
INSERT INTO services_ward (id, name, district_id) VALUES ('05515', 'Phường Cải Đan', '165');
INSERT INTO services_ward (id, name, district_id) VALUES ('05518', 'Phường Thắng Lợi', '165');
INSERT INTO services_ward (id, name, district_id) VALUES ('05521', 'Phường Phố Cò', '165');
INSERT INTO services_ward (id, name, district_id) VALUES ('05527', 'Xã Tân Quang', '165');
INSERT INTO services_ward (id, name, district_id) VALUES ('05528', 'Phường Bách Quang', '165');
INSERT INTO services_ward (id, name, district_id) VALUES ('05530', 'Xã Bình Sơn', '165');
INSERT INTO services_ward (id, name, district_id) VALUES ('05533', 'Xã Bá Xuyên', '165');
INSERT INTO services_district (id, name, city_id) VALUES ('167', 'Huyện Định Hóa', '19');
INSERT INTO services_ward (id, name, district_id) VALUES ('05539', 'Xã Linh Thông', '167');
INSERT INTO services_ward (id, name, district_id) VALUES ('05542', 'Xã Lam Vỹ', '167');
INSERT INTO services_ward (id, name, district_id) VALUES ('05545', 'Xã Quy Kỳ', '167');
INSERT INTO services_ward (id, name, district_id) VALUES ('05548', 'Xã Tân Thịnh', '167');
INSERT INTO services_ward (id, name, district_id) VALUES ('05551', 'Xã Kim Phượng', '167');
INSERT INTO services_ward (id, name, district_id) VALUES ('05554', 'Xã Bảo Linh', '167');
INSERT INTO services_ward (id, name, district_id) VALUES ('05560', 'Xã Phúc Chu', '167');
INSERT INTO services_ward (id, name, district_id) VALUES ('05563', 'Xã Tân Dương', '167');
INSERT INTO services_ward (id, name, district_id) VALUES ('05566', 'Xã Phượng Tiến', '167');
INSERT INTO services_ward (id, name, district_id) VALUES ('05569', 'Thị trấn Chợ Chu', '167');
INSERT INTO services_ward (id, name, district_id) VALUES ('05572', 'Xã Đồng Thịnh', '167');
INSERT INTO services_ward (id, name, district_id) VALUES ('05575', 'Xã Định Biên', '167');
INSERT INTO services_ward (id, name, district_id) VALUES ('05578', 'Xã Thanh Định', '167');
INSERT INTO services_ward (id, name, district_id) VALUES ('05581', 'Xã Trung Hội', '167');
INSERT INTO services_ward (id, name, district_id) VALUES ('05584', 'Xã Trung Lương', '167');
INSERT INTO services_ward (id, name, district_id) VALUES ('05587', 'Xã Bình Yên', '167');
INSERT INTO services_ward (id, name, district_id) VALUES ('05590', 'Xã Điềm Mặc', '167');
INSERT INTO services_ward (id, name, district_id) VALUES ('05593', 'Xã Phú Tiến', '167');
INSERT INTO services_ward (id, name, district_id) VALUES ('05596', 'Xã Bộc Nhiêu', '167');
INSERT INTO services_ward (id, name, district_id) VALUES ('05599', 'Xã Sơn Phú', '167');
INSERT INTO services_ward (id, name, district_id) VALUES ('05602', 'Xã Phú Đình', '167');
INSERT INTO services_ward (id, name, district_id) VALUES ('05605', 'Xã Bình Thành', '167');
INSERT INTO services_district (id, name, city_id) VALUES ('168', 'Huyện Phú Lương', '19');
INSERT INTO services_ward (id, name, district_id) VALUES ('05611', 'Thị trấn Đu', '168');
INSERT INTO services_ward (id, name, district_id) VALUES ('05614', 'Xã Yên Ninh', '168');
INSERT INTO services_ward (id, name, district_id) VALUES ('05617', 'Xã Yên Trạch', '168');
INSERT INTO services_ward (id, name, district_id) VALUES ('05620', 'Xã Yên Đổ', '168');
INSERT INTO services_ward (id, name, district_id) VALUES ('05623', 'Xã Yên Lạc', '168');
INSERT INTO services_ward (id, name, district_id) VALUES ('05626', 'Xã Ôn Lương', '168');
INSERT INTO services_ward (id, name, district_id) VALUES ('05629', 'Xã Động Đạt', '168');
INSERT INTO services_ward (id, name, district_id) VALUES ('05632', 'Xã Phủ Lý', '168');
INSERT INTO services_ward (id, name, district_id) VALUES ('05635', 'Xã Phú Đô', '168');
INSERT INTO services_ward (id, name, district_id) VALUES ('05638', 'Xã Hợp Thành', '168');
INSERT INTO services_ward (id, name, district_id) VALUES ('05641', 'Xã Tức Tranh', '168');
INSERT INTO services_ward (id, name, district_id) VALUES ('05644', 'Thị trấn Giang Tiên', '168');
INSERT INTO services_ward (id, name, district_id) VALUES ('05647', 'Xã Vô Tranh', '168');
INSERT INTO services_ward (id, name, district_id) VALUES ('05650', 'Xã Cổ Lũng', '168');
INSERT INTO services_district (id, name, city_id) VALUES ('169', 'Huyện Đồng Hỷ', '19');
INSERT INTO services_ward (id, name, district_id) VALUES ('05656', 'Thị trấn Sông Cầu', '169');
INSERT INTO services_ward (id, name, district_id) VALUES ('05662', 'Thị trấn Trại Cau', '169');
INSERT INTO services_ward (id, name, district_id) VALUES ('05665', 'Xã Văn Lăng', '169');
INSERT INTO services_ward (id, name, district_id) VALUES ('05668', 'Xã Tân Long', '169');
INSERT INTO services_ward (id, name, district_id) VALUES ('05671', 'Xã Hòa Bình', '169');
INSERT INTO services_ward (id, name, district_id) VALUES ('05674', 'Xã Quang Sơn', '169');
INSERT INTO services_ward (id, name, district_id) VALUES ('05677', 'Xã Minh Lập', '169');
INSERT INTO services_ward (id, name, district_id) VALUES ('05680', 'Xã Văn Hán', '169');
INSERT INTO services_ward (id, name, district_id) VALUES ('05683', 'Xã Hóa Trung', '169');
INSERT INTO services_ward (id, name, district_id) VALUES ('05686', 'Xã Khe Mo', '169');
INSERT INTO services_ward (id, name, district_id) VALUES ('05689', 'Xã Cây Thị', '169');
INSERT INTO services_ward (id, name, district_id) VALUES ('05692', 'Thị trấn Hóa Thượng', '169');
INSERT INTO services_ward (id, name, district_id) VALUES ('05698', 'Xã Hợp Tiến', '169');
INSERT INTO services_ward (id, name, district_id) VALUES ('05707', 'Xã Nam Hòa', '169');
INSERT INTO services_district (id, name, city_id) VALUES ('170', 'Huyện Võ Nhai', '19');
INSERT INTO services_ward (id, name, district_id) VALUES ('05716', 'Thị trấn Đình Cả', '170');
INSERT INTO services_ward (id, name, district_id) VALUES ('05719', 'Xã Sảng Mộc', '170');
INSERT INTO services_ward (id, name, district_id) VALUES ('05722', 'Xã Nghinh Tường', '170');
INSERT INTO services_ward (id, name, district_id) VALUES ('05725', 'Xã Thần Xa', '170');
INSERT INTO services_ward (id, name, district_id) VALUES ('05728', 'Xã Vũ Chấn', '170');
INSERT INTO services_ward (id, name, district_id) VALUES ('05731', 'Xã Thượng Nung', '170');
INSERT INTO services_ward (id, name, district_id) VALUES ('05734', 'Xã Phú Thượng', '170');
INSERT INTO services_ward (id, name, district_id) VALUES ('05737', 'Xã Cúc Đường', '170');
INSERT INTO services_ward (id, name, district_id) VALUES ('05740', 'Xã La Hiên', '170');
INSERT INTO services_ward (id, name, district_id) VALUES ('05743', 'Xã Lâu Thượng', '170');
INSERT INTO services_ward (id, name, district_id) VALUES ('05746', 'Xã Tràng Xá', '170');
INSERT INTO services_ward (id, name, district_id) VALUES ('05749', 'Xã Phương Giao', '170');
INSERT INTO services_ward (id, name, district_id) VALUES ('05752', 'Xã Liên Minh', '170');
INSERT INTO services_ward (id, name, district_id) VALUES ('05755', 'Xã Dân Tiến', '170');
INSERT INTO services_ward (id, name, district_id) VALUES ('05758', 'Xã Bình Long', '170');
INSERT INTO services_district (id, name, city_id) VALUES ('171', 'Huyện Đại Từ', '19');
INSERT INTO services_ward (id, name, district_id) VALUES ('05761', 'Thị trấn Hùng Sơn', '171');
INSERT INTO services_ward (id, name, district_id) VALUES ('05767', 'Xã Phúc Lương', '171');
INSERT INTO services_ward (id, name, district_id) VALUES ('05770', 'Xã Minh Tiến', '171');
INSERT INTO services_ward (id, name, district_id) VALUES ('05773', 'Xã Yên Lãng', '171');
INSERT INTO services_ward (id, name, district_id) VALUES ('05776', 'Xã Đức Lương', '171');
INSERT INTO services_ward (id, name, district_id) VALUES ('05779', 'Xã Phú Cường', '171');
INSERT INTO services_ward (id, name, district_id) VALUES ('05785', 'Xã Phú Lạc', '171');
INSERT INTO services_ward (id, name, district_id) VALUES ('05788', 'Xã Tân Linh', '171');
INSERT INTO services_ward (id, name, district_id) VALUES ('05791', 'Xã Phú Thịnh', '171');
INSERT INTO services_ward (id, name, district_id) VALUES ('05794', 'Xã Phục Linh', '171');
INSERT INTO services_ward (id, name, district_id) VALUES ('05797', 'Xã Phú Xuyên', '171');
INSERT INTO services_ward (id, name, district_id) VALUES ('05800', 'Xã Bản Ngoại', '171');
INSERT INTO services_ward (id, name, district_id) VALUES ('05803', 'Xã Tiên Hội', '171');
INSERT INTO services_ward (id, name, district_id) VALUES ('05809', 'Xã Cù Vân', '171');
INSERT INTO services_ward (id, name, district_id) VALUES ('05812', 'Xã Hà Thượng', '171');
INSERT INTO services_ward (id, name, district_id) VALUES ('05815', 'Xã La Bằng', '171');
INSERT INTO services_ward (id, name, district_id) VALUES ('05818', 'Xã Hoàng Nông', '171');
INSERT INTO services_ward (id, name, district_id) VALUES ('05821', 'Xã Khôi Kỳ', '171');
INSERT INTO services_ward (id, name, district_id) VALUES ('05824', 'Xã An Khánh', '171');
INSERT INTO services_ward (id, name, district_id) VALUES ('05827', 'Xã Tân Thái', '171');
INSERT INTO services_ward (id, name, district_id) VALUES ('05830', 'Xã Bình Thuận', '171');
INSERT INTO services_ward (id, name, district_id) VALUES ('05833', 'Xã Lục Ba', '171');
INSERT INTO services_ward (id, name, district_id) VALUES ('05836', 'Xã Mỹ Yên', '171');
INSERT INTO services_ward (id, name, district_id) VALUES ('05842', 'Xã Văn Yên', '171');
INSERT INTO services_ward (id, name, district_id) VALUES ('05845', 'Xã Vạn Phú', '171');
INSERT INTO services_ward (id, name, district_id) VALUES ('05848', 'Xã Cát Nê', '171');
INSERT INTO services_ward (id, name, district_id) VALUES ('05851', 'Thị trấn Quân Chu', '171');
INSERT INTO services_district (id, name, city_id) VALUES ('172', 'Thành phố Phổ Yên', '19');
INSERT INTO services_ward (id, name, district_id) VALUES ('05854', 'Phường Bãi Bông', '172');
INSERT INTO services_ward (id, name, district_id) VALUES ('05857', 'Phường Bắc Sơn', '172');
INSERT INTO services_ward (id, name, district_id) VALUES ('05860', 'Phường Ba Hàng', '172');
INSERT INTO services_ward (id, name, district_id) VALUES ('05863', 'Xã Phúc Tân', '172');
INSERT INTO services_ward (id, name, district_id) VALUES ('05866', 'Xã Phúc Thuận', '172');
INSERT INTO services_ward (id, name, district_id) VALUES ('05869', 'Phường Hồng Tiến', '172');
INSERT INTO services_ward (id, name, district_id) VALUES ('05872', 'Xã Minh Đức', '172');
INSERT INTO services_ward (id, name, district_id) VALUES ('05875', 'Phường Đắc Sơn', '172');
INSERT INTO services_ward (id, name, district_id) VALUES ('05878', 'Phường Đồng Tiến', '172');
INSERT INTO services_ward (id, name, district_id) VALUES ('05881', 'Xã Thành Công', '172');
INSERT INTO services_ward (id, name, district_id) VALUES ('05884', 'Phường Tiên Phong', '172');
INSERT INTO services_ward (id, name, district_id) VALUES ('05887', 'Xã Vạn Phái', '172');
INSERT INTO services_ward (id, name, district_id) VALUES ('05890', 'Phường Nam Tiến', '172');
INSERT INTO services_ward (id, name, district_id) VALUES ('05893', 'Phường Tân Hương', '172');
INSERT INTO services_ward (id, name, district_id) VALUES ('05896', 'Phường Đông Cao', '172');
INSERT INTO services_ward (id, name, district_id) VALUES ('05899', 'Phường Trung Thành', '172');
INSERT INTO services_ward (id, name, district_id) VALUES ('05902', 'Phường Tân Phú', '172');
INSERT INTO services_ward (id, name, district_id) VALUES ('05905', 'Phường Thuận Thành', '172');
INSERT INTO services_district (id, name, city_id) VALUES ('173', 'Huyện Phú Bình', '19');
INSERT INTO services_ward (id, name, district_id) VALUES ('05908', 'Thị trấn Hương Sơn', '173');
INSERT INTO services_ward (id, name, district_id) VALUES ('05911', 'Xã Bàn Đạt', '173');
INSERT INTO services_ward (id, name, district_id) VALUES ('05917', 'Xã Tân Khánh', '173');
INSERT INTO services_ward (id, name, district_id) VALUES ('05920', 'Xã Tân Kim', '173');
INSERT INTO services_ward (id, name, district_id) VALUES ('05923', 'Xã Tân Thành', '173');
INSERT INTO services_ward (id, name, district_id) VALUES ('05926', 'Xã Đào Xá', '173');
INSERT INTO services_ward (id, name, district_id) VALUES ('05929', 'Xã Bảo Lý', '173');
INSERT INTO services_ward (id, name, district_id) VALUES ('05932', 'Xã Thượng Đình', '173');
INSERT INTO services_ward (id, name, district_id) VALUES ('05935', 'Xã Tân Hòa', '173');
INSERT INTO services_ward (id, name, district_id) VALUES ('05938', 'Xã Nhã Lộng', '173');
INSERT INTO services_ward (id, name, district_id) VALUES ('05941', 'Xã Điềm Thụy', '173');
INSERT INTO services_ward (id, name, district_id) VALUES ('05944', 'Xã Xuân Phương', '173');
INSERT INTO services_ward (id, name, district_id) VALUES ('05947', 'Xã Tân Đức', '173');
INSERT INTO services_ward (id, name, district_id) VALUES ('05950', 'Xã Úc Kỳ', '173');
INSERT INTO services_ward (id, name, district_id) VALUES ('05953', 'Xã Lương Phú', '173');
INSERT INTO services_ward (id, name, district_id) VALUES ('05956', 'Xã Nga My', '173');
INSERT INTO services_ward (id, name, district_id) VALUES ('05959', 'Xã Kha Sơn', '173');
INSERT INTO services_ward (id, name, district_id) VALUES ('05962', 'Xã Thanh Ninh', '173');
INSERT INTO services_ward (id, name, district_id) VALUES ('05965', 'Xã Dương Thành', '173');
INSERT INTO services_ward (id, name, district_id) VALUES ('05968', 'Xã Hà Châu', '173');
INSERT INTO services_city (id, name) VALUES ('20', 'Tỉnh Lạng Sơn');
INSERT INTO services_district (id, name, city_id) VALUES ('178', 'Thành phố Lạng Sơn', '20');
INSERT INTO services_ward (id, name, district_id) VALUES ('05992', 'Xã Mai Pha', '178');
INSERT INTO services_ward (id, name, district_id) VALUES ('05971', 'Phường Hoàng Văn Thụ', '178');
INSERT INTO services_ward (id, name, district_id) VALUES ('05974', 'Phường Tam Thanh', '178');
INSERT INTO services_ward (id, name, district_id) VALUES ('05977', 'Phường Vĩnh Trại', '178');
INSERT INTO services_ward (id, name, district_id) VALUES ('05980', 'Phường Đông Kinh', '178');
INSERT INTO services_ward (id, name, district_id) VALUES ('05983', 'Phường Chi Lăng', '178');
INSERT INTO services_ward (id, name, district_id) VALUES ('05986', 'Xã Hoàng Đồng', '178');
INSERT INTO services_ward (id, name, district_id) VALUES ('05989', 'Xã Quảng Lạc', '178');
INSERT INTO services_district (id, name, city_id) VALUES ('180', 'Huyện Tràng Định', '20');
INSERT INTO services_ward (id, name, district_id) VALUES ('05998', 'Xã Khánh Long', '180');
INSERT INTO services_ward (id, name, district_id) VALUES ('06001', 'Xã Đoàn Kết', '180');
INSERT INTO services_ward (id, name, district_id) VALUES ('06004', 'Xã Quốc Khánh', '180');
INSERT INTO services_ward (id, name, district_id) VALUES ('06010', 'Xã Cao Minh', '180');
INSERT INTO services_ward (id, name, district_id) VALUES ('06013', 'Xã Chí Minh', '180');
INSERT INTO services_ward (id, name, district_id) VALUES ('06016', 'Xã Tri Phương', '180');
INSERT INTO services_ward (id, name, district_id) VALUES ('06019', 'Xã Tân Tiến', '180');
INSERT INTO services_ward (id, name, district_id) VALUES ('06022', 'Xã Tân Yên', '180');
INSERT INTO services_ward (id, name, district_id) VALUES ('06025', 'Xã Đội Cấn', '180');
INSERT INTO services_ward (id, name, district_id) VALUES ('06028', 'Xã Tân Minh', '180');
INSERT INTO services_ward (id, name, district_id) VALUES ('06031', 'Xã Kim Đồng', '180');
INSERT INTO services_ward (id, name, district_id) VALUES ('06034', 'Xã Chi Lăng', '180');
INSERT INTO services_ward (id, name, district_id) VALUES ('06037', 'Xã Trung Thành', '180');
INSERT INTO services_ward (id, name, district_id) VALUES ('06040', 'Thị trấn Thất Khê', '180');
INSERT INTO services_ward (id, name, district_id) VALUES ('06043', 'Xã Đào Viên', '180');
INSERT INTO services_ward (id, name, district_id) VALUES ('06046', 'Xã Đề Thám', '180');
INSERT INTO services_ward (id, name, district_id) VALUES ('06049', 'Xã Kháng Chiến', '180');
INSERT INTO services_ward (id, name, district_id) VALUES ('06055', 'Xã Hùng Sơn', '180');
INSERT INTO services_ward (id, name, district_id) VALUES ('06058', 'Xã Quốc Việt', '180');
INSERT INTO services_ward (id, name, district_id) VALUES ('06061', 'Xã Hùng Việt', '180');
INSERT INTO services_district (id, name, city_id) VALUES ('181', 'Huyện Bình Gia', '20');
INSERT INTO services_ward (id, name, district_id) VALUES ('06067', 'Xã Hưng Đạo', '181');
INSERT INTO services_ward (id, name, district_id) VALUES ('06070', 'Xã Vĩnh Yên', '181');
INSERT INTO services_ward (id, name, district_id) VALUES ('06073', 'Xã Hoa Thám', '181');
INSERT INTO services_ward (id, name, district_id) VALUES ('06076', 'Xã Quý Hòa', '181');
INSERT INTO services_ward (id, name, district_id) VALUES ('06079', 'Xã Hồng Phong', '181');
INSERT INTO services_ward (id, name, district_id) VALUES ('06082', 'Xã Yên Lỗ', '181');
INSERT INTO services_ward (id, name, district_id) VALUES ('06085', 'Xã Thiện Hòa', '181');
INSERT INTO services_ward (id, name, district_id) VALUES ('06088', 'Xã Quang Trung', '181');
INSERT INTO services_ward (id, name, district_id) VALUES ('06091', 'Xã Thiện Thuật', '181');
INSERT INTO services_ward (id, name, district_id) VALUES ('06094', 'Xã Minh Khai', '181');
INSERT INTO services_ward (id, name, district_id) VALUES ('06097', 'Xã Thiện Long', '181');
INSERT INTO services_ward (id, name, district_id) VALUES ('06100', 'Xã Hoàng Văn Thụ', '181');
INSERT INTO services_ward (id, name, district_id) VALUES ('06103', 'Xã Hòa Bình', '181');
INSERT INTO services_ward (id, name, district_id) VALUES ('06106', 'Xã Mông Ân', '181');
INSERT INTO services_ward (id, name, district_id) VALUES ('06109', 'Xã Tân Hòa', '181');
INSERT INTO services_ward (id, name, district_id) VALUES ('06112', 'Thị trấn Bình Gia', '181');
INSERT INTO services_ward (id, name, district_id) VALUES ('06115', 'Xã Hồng Thái', '181');
INSERT INTO services_ward (id, name, district_id) VALUES ('06118', 'Xã Bình La', '181');
INSERT INTO services_ward (id, name, district_id) VALUES ('06121', 'Xã Tân Văn', '181');
INSERT INTO services_district (id, name, city_id) VALUES ('182', 'Huyện Văn Lãng', '20');
INSERT INTO services_ward (id, name, district_id) VALUES ('06124', 'Thị trấn Na Sầm', '182');
INSERT INTO services_ward (id, name, district_id) VALUES ('06127', 'Xã Trùng Khánh', '182');
INSERT INTO services_ward (id, name, district_id) VALUES ('06133', 'Xã Bắc La', '182');
INSERT INTO services_ward (id, name, district_id) VALUES ('06136', 'Xã Thụy Hùng', '182');
INSERT INTO services_ward (id, name, district_id) VALUES ('06139', 'Xã Bắc Hùng', '182');
INSERT INTO services_ward (id, name, district_id) VALUES ('06142', 'Xã Tân Tác', '182');
INSERT INTO services_ward (id, name, district_id) VALUES ('06148', 'Xã Thanh Long', '182');
INSERT INTO services_ward (id, name, district_id) VALUES ('06151', 'Xã Hội Hoan', '182');
INSERT INTO services_ward (id, name, district_id) VALUES ('06154', 'Xã Bắc Việt', '182');
INSERT INTO services_ward (id, name, district_id) VALUES ('06157', 'Xã Hoàng Việt', '182');
INSERT INTO services_ward (id, name, district_id) VALUES ('06160', 'Xã Gia Miễn', '182');
INSERT INTO services_ward (id, name, district_id) VALUES ('06163', 'Xã Thành Hòa', '182');
INSERT INTO services_ward (id, name, district_id) VALUES ('06166', 'Xã Tân Thanh', '182');
INSERT INTO services_ward (id, name, district_id) VALUES ('06172', 'Xã Tân Mỹ', '182');
INSERT INTO services_ward (id, name, district_id) VALUES ('06175', 'Xã Hồng Thái', '182');
INSERT INTO services_ward (id, name, district_id) VALUES ('06178', 'Xã Hoàng Văn Thụ', '182');
INSERT INTO services_ward (id, name, district_id) VALUES ('06181', 'Xã Nhạc Kỳ', '182');
INSERT INTO services_district (id, name, city_id) VALUES ('183', 'Huyện Cao Lộc', '20');
INSERT INTO services_ward (id, name, district_id) VALUES ('06184', 'Thị trấn Đồng Đăng', '183');
INSERT INTO services_ward (id, name, district_id) VALUES ('06187', 'Thị trấn Cao Lộc', '183');
INSERT INTO services_ward (id, name, district_id) VALUES ('06190', 'Xã Bảo Lâm', '183');
INSERT INTO services_ward (id, name, district_id) VALUES ('06193', 'Xã Thanh Lòa', '183');
INSERT INTO services_ward (id, name, district_id) VALUES ('06196', 'Xã Cao Lâu', '183');
INSERT INTO services_ward (id, name, district_id) VALUES ('06199', 'Xã Thạch Đạn', '183');
INSERT INTO services_ward (id, name, district_id) VALUES ('06202', 'Xã Xuất Lễ', '183');
INSERT INTO services_ward (id, name, district_id) VALUES ('06205', 'Xã Hồng Phong', '183');
INSERT INTO services_ward (id, name, district_id) VALUES ('06208', 'Xã Thụy Hùng', '183');
INSERT INTO services_ward (id, name, district_id) VALUES ('06211', 'Xã Lộc Yên', '183');
INSERT INTO services_ward (id, name, district_id) VALUES ('06214', 'Xã Phú Xá', '183');
INSERT INTO services_ward (id, name, district_id) VALUES ('06217', 'Xã Bình Trung', '183');
INSERT INTO services_ward (id, name, district_id) VALUES ('06220', 'Xã Hải Yến', '183');
INSERT INTO services_ward (id, name, district_id) VALUES ('06223', 'Xã Hòa Cư', '183');
INSERT INTO services_ward (id, name, district_id) VALUES ('06226', 'Xã Hợp Thành', '183');
INSERT INTO services_ward (id, name, district_id) VALUES ('06232', 'Xã Công Sơn', '183');
INSERT INTO services_ward (id, name, district_id) VALUES ('06235', 'Xã Gia Cát', '183');
INSERT INTO services_ward (id, name, district_id) VALUES ('06238', 'Xã Mẫu Sơn', '183');
INSERT INTO services_ward (id, name, district_id) VALUES ('06241', 'Xã Xuân Long', '183');
INSERT INTO services_ward (id, name, district_id) VALUES ('06244', 'Xã Tân Liên', '183');
INSERT INTO services_ward (id, name, district_id) VALUES ('06247', 'Xã Yên Trạch', '183');
INSERT INTO services_ward (id, name, district_id) VALUES ('06250', 'Xã Tân Thành', '183');
INSERT INTO services_district (id, name, city_id) VALUES ('184', 'Huyện Văn Quan', '20');
INSERT INTO services_ward (id, name, district_id) VALUES ('06253', 'Thị trấn Văn Quan', '184');
INSERT INTO services_ward (id, name, district_id) VALUES ('06256', 'Xã Trấn Ninh', '184');
INSERT INTO services_ward (id, name, district_id) VALUES ('06268', 'Xã Liên Hội', '184');
INSERT INTO services_ward (id, name, district_id) VALUES ('06274', 'Xã Hòa Bình', '184');
INSERT INTO services_ward (id, name, district_id) VALUES ('06277', 'Xã Tú Xuyên', '184');
INSERT INTO services_ward (id, name, district_id) VALUES ('06280', 'Xã Điềm He', '184');
INSERT INTO services_ward (id, name, district_id) VALUES ('06283', 'Xã An Sơn', '184');
INSERT INTO services_ward (id, name, district_id) VALUES ('06286', 'Xã Khánh Khê', '184');
INSERT INTO services_ward (id, name, district_id) VALUES ('06292', 'Xã Lương Năng', '184');
INSERT INTO services_ward (id, name, district_id) VALUES ('06298', 'Xã Bình Phúc', '184');
INSERT INTO services_ward (id, name, district_id) VALUES ('06307', 'Xã Tân Đoàn', '184');
INSERT INTO services_ward (id, name, district_id) VALUES ('06313', 'Xã Tri Lễ', '184');
INSERT INTO services_ward (id, name, district_id) VALUES ('06316', 'Xã Tràng Phái', '184');
INSERT INTO services_ward (id, name, district_id) VALUES ('06319', 'Xã Yên Phúc', '184');
INSERT INTO services_ward (id, name, district_id) VALUES ('06322', 'Xã Hữu Lễ', '184');
INSERT INTO services_district (id, name, city_id) VALUES ('185', 'Huyện Bắc Sơn', '20');
INSERT INTO services_ward (id, name, district_id) VALUES ('06325', 'Thị trấn Bắc Sơn', '185');
INSERT INTO services_ward (id, name, district_id) VALUES ('06328', 'Xã Long Đống', '185');
INSERT INTO services_ward (id, name, district_id) VALUES ('06331', 'Xã Vạn Thủy', '185');
INSERT INTO services_ward (id, name, district_id) VALUES ('06337', 'Xã Đồng ý', '185');
INSERT INTO services_ward (id, name, district_id) VALUES ('06340', 'Xã Tân Tri', '185');
INSERT INTO services_ward (id, name, district_id) VALUES ('06343', 'Xã Bắc Quỳnh', '185');
INSERT INTO services_ward (id, name, district_id) VALUES ('06349', 'Xã Hưng Vũ', '185');
INSERT INTO services_ward (id, name, district_id) VALUES ('06352', 'Xã Tân Lập', '185');
INSERT INTO services_ward (id, name, district_id) VALUES ('06355', 'Xã Vũ Sơn', '185');
INSERT INTO services_ward (id, name, district_id) VALUES ('06358', 'Xã Chiêu Vũ', '185');
INSERT INTO services_ward (id, name, district_id) VALUES ('06361', 'Xã Tân Hương', '185');
INSERT INTO services_ward (id, name, district_id) VALUES ('06364', 'Xã Chiến Thắng', '185');
INSERT INTO services_ward (id, name, district_id) VALUES ('06367', 'Xã Vũ Lăng', '185');
INSERT INTO services_ward (id, name, district_id) VALUES ('06370', 'Xã Trấn Yên', '185');
INSERT INTO services_ward (id, name, district_id) VALUES ('06373', 'Xã Vũ Lễ', '185');
INSERT INTO services_ward (id, name, district_id) VALUES ('06376', 'Xã Nhất Hòa', '185');
INSERT INTO services_ward (id, name, district_id) VALUES ('06379', 'Xã Tân Thành', '185');
INSERT INTO services_ward (id, name, district_id) VALUES ('06382', 'Xã Nhất Tiến', '185');
INSERT INTO services_district (id, name, city_id) VALUES ('186', 'Huyện Hữu Lũng', '20');
INSERT INTO services_ward (id, name, district_id) VALUES ('06385', 'Thị trấn Hữu Lũng', '186');
INSERT INTO services_ward (id, name, district_id) VALUES ('06388', 'Xã Hữu Liên', '186');
INSERT INTO services_ward (id, name, district_id) VALUES ('06391', 'Xã Yên Bình', '186');
INSERT INTO services_ward (id, name, district_id) VALUES ('06394', 'Xã Quyết Thắng', '186');
INSERT INTO services_ward (id, name, district_id) VALUES ('06397', 'Xã Hòa Bình', '186');
INSERT INTO services_ward (id, name, district_id) VALUES ('06400', 'Xã Yên Thịnh', '186');
INSERT INTO services_ward (id, name, district_id) VALUES ('06403', 'Xã Yên Sơn', '186');
INSERT INTO services_ward (id, name, district_id) VALUES ('06406', 'Xã Thiện Tân', '186');
INSERT INTO services_ward (id, name, district_id) VALUES ('06412', 'Xã Yên Vượng', '186');
INSERT INTO services_ward (id, name, district_id) VALUES ('06415', 'Xã Minh Tiến', '186');
INSERT INTO services_ward (id, name, district_id) VALUES ('06418', 'Xã Nhật Tiến', '186');
INSERT INTO services_ward (id, name, district_id) VALUES ('06421', 'Xã Thanh Sơn', '186');
INSERT INTO services_ward (id, name, district_id) VALUES ('06424', 'Xã Đồng Tân', '186');
INSERT INTO services_ward (id, name, district_id) VALUES ('06427', 'Xã Cai Kinh', '186');
INSERT INTO services_ward (id, name, district_id) VALUES ('06430', 'Xã Hòa Lạc', '186');
INSERT INTO services_ward (id, name, district_id) VALUES ('06433', 'Xã Vân Nham', '186');
INSERT INTO services_ward (id, name, district_id) VALUES ('06436', 'Xã Đồng Tiến', '186');
INSERT INTO services_ward (id, name, district_id) VALUES ('06442', 'Xã Tân Thành', '186');
INSERT INTO services_ward (id, name, district_id) VALUES ('06445', 'Xã Hòa Sơn', '186');
INSERT INTO services_ward (id, name, district_id) VALUES ('06448', 'Xã Minh Sơn', '186');
INSERT INTO services_ward (id, name, district_id) VALUES ('06451', 'Xã Hồ Sơn', '186');
INSERT INTO services_ward (id, name, district_id) VALUES ('06457', 'Xã Minh Hòa', '186');
INSERT INTO services_ward (id, name, district_id) VALUES ('06460', 'Xã Hòa Thắng', '186');
INSERT INTO services_district (id, name, city_id) VALUES ('187', 'Huyện Chi Lăng', '20');
INSERT INTO services_ward (id, name, district_id) VALUES ('06463', 'Thị trấn Đồng Mỏ', '187');
INSERT INTO services_ward (id, name, district_id) VALUES ('06466', 'Thị trấn Chi Lăng', '187');
INSERT INTO services_ward (id, name, district_id) VALUES ('06469', 'Xã Vân An', '187');
INSERT INTO services_ward (id, name, district_id) VALUES ('06472', 'Xã Vân Thủy', '187');
INSERT INTO services_ward (id, name, district_id) VALUES ('06475', 'Xã Gia Lộc', '187');
INSERT INTO services_ward (id, name, district_id) VALUES ('06478', 'Xã Bắc Thủy', '187');
INSERT INTO services_ward (id, name, district_id) VALUES ('06481', 'Xã Chiến Thắng', '187');
INSERT INTO services_ward (id, name, district_id) VALUES ('06484', 'Xã Mai Sao', '187');
INSERT INTO services_ward (id, name, district_id) VALUES ('06487', 'Xã Bằng Hữu', '187');
INSERT INTO services_ward (id, name, district_id) VALUES ('06490', 'Xã Thượng Cường', '187');
INSERT INTO services_ward (id, name, district_id) VALUES ('06493', 'Xã Bằng Mạc', '187');
INSERT INTO services_ward (id, name, district_id) VALUES ('06496', 'Xã Nhân Lý', '187');
INSERT INTO services_ward (id, name, district_id) VALUES ('06499', 'Xã Lâm Sơn', '187');
INSERT INTO services_ward (id, name, district_id) VALUES ('06502', 'Xã Liên Sơn', '187');
INSERT INTO services_ward (id, name, district_id) VALUES ('06505', 'Xã Vạn Linh', '187');
INSERT INTO services_ward (id, name, district_id) VALUES ('06508', 'Xã Hòa Bình', '187');
INSERT INTO services_ward (id, name, district_id) VALUES ('06514', 'Xã Hữu Kiên', '187');
INSERT INTO services_ward (id, name, district_id) VALUES ('06517', 'Xã Quan Sơn', '187');
INSERT INTO services_ward (id, name, district_id) VALUES ('06520', 'Xã Y Tịch', '187');
INSERT INTO services_ward (id, name, district_id) VALUES ('06523', 'Xã Chi Lăng', '187');
INSERT INTO services_district (id, name, city_id) VALUES ('188', 'Huyện Lộc Bình', '20');
INSERT INTO services_ward (id, name, district_id) VALUES ('06526', 'Thị trấn Na Dương', '188');
INSERT INTO services_ward (id, name, district_id) VALUES ('06529', 'Thị trấn Lộc Bình', '188');
INSERT INTO services_ward (id, name, district_id) VALUES ('06532', 'Xã Mẫu Sơn', '188');
INSERT INTO services_ward (id, name, district_id) VALUES ('06541', 'Xã Yên Khoái', '188');
INSERT INTO services_ward (id, name, district_id) VALUES ('06544', 'Xã Khánh Xuân', '188');
INSERT INTO services_ward (id, name, district_id) VALUES ('06547', 'Xã Tú Mịch', '188');
INSERT INTO services_ward (id, name, district_id) VALUES ('06550', 'Xã Hữu Khánh', '188');
INSERT INTO services_ward (id, name, district_id) VALUES ('06553', 'Xã Đồng Bục', '188');
INSERT INTO services_ward (id, name, district_id) VALUES ('06559', 'Xã Tam Gia', '188');
INSERT INTO services_ward (id, name, district_id) VALUES ('06562', 'Xã Tú Đoạn', '188');
INSERT INTO services_ward (id, name, district_id) VALUES ('06565', 'Xã Khuất Xá', '188');
INSERT INTO services_ward (id, name, district_id) VALUES ('06577', 'Xã Thống Nhất', '188');
INSERT INTO services_ward (id, name, district_id) VALUES ('06589', 'Xã Sàn Viên', '188');
INSERT INTO services_ward (id, name, district_id) VALUES ('06592', 'Xã Đông Quan', '188');
INSERT INTO services_ward (id, name, district_id) VALUES ('06595', 'Xã Minh Hiệp', '188');
INSERT INTO services_ward (id, name, district_id) VALUES ('06598', 'Xã Hữu Lân', '188');
INSERT INTO services_ward (id, name, district_id) VALUES ('06601', 'Xã Lợi Bác', '188');
INSERT INTO services_ward (id, name, district_id) VALUES ('06604', 'Xã Nam Quan', '188');
INSERT INTO services_ward (id, name, district_id) VALUES ('06607', 'Xã Xuân Dương', '188');
INSERT INTO services_ward (id, name, district_id) VALUES ('06610', 'Xã Ái Quốc', '188');
INSERT INTO services_district (id, name, city_id) VALUES ('189', 'Huyện Đình Lập', '20');
INSERT INTO services_ward (id, name, district_id) VALUES ('06613', 'Thị trấn Đình Lập', '189');
INSERT INTO services_ward (id, name, district_id) VALUES ('06616', 'Thị trấn NT Thái Bình', '189');
INSERT INTO services_ward (id, name, district_id) VALUES ('06619', 'Xã Bắc Xa', '189');
INSERT INTO services_ward (id, name, district_id) VALUES ('06622', 'Xã Bính Xá', '189');
INSERT INTO services_ward (id, name, district_id) VALUES ('06625', 'Xã Kiên Mộc', '189');
INSERT INTO services_ward (id, name, district_id) VALUES ('06628', 'Xã Đình Lập', '189');
INSERT INTO services_ward (id, name, district_id) VALUES ('06631', 'Xã Thái Bình', '189');
INSERT INTO services_ward (id, name, district_id) VALUES ('06634', 'Xã Cường Lợi', '189');
INSERT INTO services_ward (id, name, district_id) VALUES ('06637', 'Xã Châu Sơn', '189');
INSERT INTO services_ward (id, name, district_id) VALUES ('06640', 'Xã Lâm Ca', '189');
INSERT INTO services_ward (id, name, district_id) VALUES ('06643', 'Xã Đồng Thắng', '189');
INSERT INTO services_ward (id, name, district_id) VALUES ('06646', 'Xã Bắc Lãng', '189');
INSERT INTO services_city (id, name) VALUES ('22', 'Tỉnh Quảng Ninh');
INSERT INTO services_district (id, name, city_id) VALUES ('193', 'Thành phố Hạ Long', '22');
INSERT INTO services_ward (id, name, district_id) VALUES ('06649', 'Phường Hà Khánh', '193');
INSERT INTO services_ward (id, name, district_id) VALUES ('06652', 'Phường Hà Phong', '193');
INSERT INTO services_ward (id, name, district_id) VALUES ('06655', 'Phường Hà Khẩu', '193');
INSERT INTO services_ward (id, name, district_id) VALUES ('06658', 'Phường Cao Xanh', '193');
INSERT INTO services_ward (id, name, district_id) VALUES ('06661', 'Phường Giếng Đáy', '193');
INSERT INTO services_ward (id, name, district_id) VALUES ('06664', 'Phường Hà Tu', '193');
INSERT INTO services_ward (id, name, district_id) VALUES ('06667', 'Phường Hà Trung', '193');
INSERT INTO services_ward (id, name, district_id) VALUES ('06670', 'Phường Hà Lầm', '193');
INSERT INTO services_ward (id, name, district_id) VALUES ('06673', 'Phường Bãi Cháy', '193');
INSERT INTO services_ward (id, name, district_id) VALUES ('06676', 'Phường Cao Thắng', '193');
INSERT INTO services_ward (id, name, district_id) VALUES ('06679', 'Phường Hùng Thắng', '193');
INSERT INTO services_ward (id, name, district_id) VALUES ('06685', 'Phường Trần Hưng Đạo', '193');
INSERT INTO services_ward (id, name, district_id) VALUES ('06688', 'Phường Hồng Hải', '193');
INSERT INTO services_ward (id, name, district_id) VALUES ('06691', 'Phường Hồng Gai', '193');
INSERT INTO services_ward (id, name, district_id) VALUES ('06694', 'Phường Bạch Đằng', '193');
INSERT INTO services_ward (id, name, district_id) VALUES ('06697', 'Phường Hồng Hà', '193');
INSERT INTO services_ward (id, name, district_id) VALUES ('06700', 'Phường Tuần Châu', '193');
INSERT INTO services_ward (id, name, district_id) VALUES ('06703', 'Phường Việt Hưng', '193');
INSERT INTO services_ward (id, name, district_id) VALUES ('06706', 'Phường Đại Yên', '193');
INSERT INTO services_ward (id, name, district_id) VALUES ('07030', 'Phường Hoành Bồ', '193');
INSERT INTO services_ward (id, name, district_id) VALUES ('07033', 'Xã Kỳ Thượng', '193');
INSERT INTO services_ward (id, name, district_id) VALUES ('07036', 'Xã Đồng Sơn', '193');
INSERT INTO services_ward (id, name, district_id) VALUES ('07039', 'Xã Tân Dân', '193');
INSERT INTO services_ward (id, name, district_id) VALUES ('07042', 'Xã Đồng Lâm', '193');
INSERT INTO services_ward (id, name, district_id) VALUES ('07045', 'Xã Hòa Bình', '193');
INSERT INTO services_ward (id, name, district_id) VALUES ('07048', 'Xã Vũ Oai', '193');
INSERT INTO services_ward (id, name, district_id) VALUES ('07051', 'Xã Dân Chủ', '193');
INSERT INTO services_ward (id, name, district_id) VALUES ('07054', 'Xã Quảng La', '193');
INSERT INTO services_ward (id, name, district_id) VALUES ('07057', 'Xã Bằng Cả', '193');
INSERT INTO services_ward (id, name, district_id) VALUES ('07060', 'Xã Thống Nhất', '193');
INSERT INTO services_ward (id, name, district_id) VALUES ('07063', 'Xã Sơn Dương', '193');
INSERT INTO services_ward (id, name, district_id) VALUES ('07066', 'Xã Lê Lợi', '193');
INSERT INTO services_district (id, name, city_id) VALUES ('194', 'Thành phố Móng Cái', '22');
INSERT INTO services_ward (id, name, district_id) VALUES ('06709', 'Phường Ka Long', '194');
INSERT INTO services_ward (id, name, district_id) VALUES ('06712', 'Phường Trần Phú', '194');
INSERT INTO services_ward (id, name, district_id) VALUES ('06715', 'Phường Ninh Dương', '194');
INSERT INTO services_ward (id, name, district_id) VALUES ('06721', 'Phường Trà Cổ', '194');
INSERT INTO services_ward (id, name, district_id) VALUES ('06724', 'Xã Hải Sơn', '194');
INSERT INTO services_ward (id, name, district_id) VALUES ('06727', 'Xã Bắc Sơn', '194');
INSERT INTO services_ward (id, name, district_id) VALUES ('06730', 'Xã Hải Đông', '194');
INSERT INTO services_ward (id, name, district_id) VALUES ('06733', 'Xã Hải Tiến', '194');
INSERT INTO services_ward (id, name, district_id) VALUES ('06736', 'Phường Hải Yên', '194');
INSERT INTO services_ward (id, name, district_id) VALUES ('06739', 'Xã Quảng Nghĩa', '194');
INSERT INTO services_ward (id, name, district_id) VALUES ('06742', 'Phường Hải Hoà', '194');
INSERT INTO services_ward (id, name, district_id) VALUES ('06745', 'Xã Hải Xuân', '194');
INSERT INTO services_ward (id, name, district_id) VALUES ('06748', 'Xã Vạn Ninh', '194');
INSERT INTO services_ward (id, name, district_id) VALUES ('06751', 'Phường Bình Ngọc', '194');
INSERT INTO services_ward (id, name, district_id) VALUES ('06754', 'Xã Vĩnh Trung', '194');
INSERT INTO services_ward (id, name, district_id) VALUES ('06757', 'Xã Vĩnh Thực', '194');
INSERT INTO services_district (id, name, city_id) VALUES ('195', 'Thành phố Cẩm Phả', '22');
INSERT INTO services_ward (id, name, district_id) VALUES ('06760', 'Phường Mông Dương', '195');
INSERT INTO services_ward (id, name, district_id) VALUES ('06763', 'Phường Cửa Ông', '195');
INSERT INTO services_ward (id, name, district_id) VALUES ('06766', 'Phường Cẩm Sơn', '195');
INSERT INTO services_ward (id, name, district_id) VALUES ('06769', 'Phường Cẩm Đông', '195');
INSERT INTO services_ward (id, name, district_id) VALUES ('06772', 'Phường Cẩm Phú', '195');
INSERT INTO services_ward (id, name, district_id) VALUES ('06775', 'Phường Cẩm Tây', '195');
INSERT INTO services_ward (id, name, district_id) VALUES ('06778', 'Phường Quang Hanh', '195');
INSERT INTO services_ward (id, name, district_id) VALUES ('06781', 'Phường Cẩm Thịnh', '195');
INSERT INTO services_ward (id, name, district_id) VALUES ('06784', 'Phường Cẩm Thủy', '195');
INSERT INTO services_ward (id, name, district_id) VALUES ('06787', 'Phường Cẩm Thạch', '195');
INSERT INTO services_ward (id, name, district_id) VALUES ('06790', 'Phường Cẩm Thành', '195');
INSERT INTO services_ward (id, name, district_id) VALUES ('06793', 'Phường Cẩm Trung', '195');
INSERT INTO services_ward (id, name, district_id) VALUES ('06796', 'Phường Cẩm Bình', '195');
INSERT INTO services_ward (id, name, district_id) VALUES ('06799', 'Xã Hải Hòa', '195');
INSERT INTO services_ward (id, name, district_id) VALUES ('06805', 'Xã Dương Huy', '195');
INSERT INTO services_district (id, name, city_id) VALUES ('196', 'Thành phố Uông Bí', '22');
INSERT INTO services_ward (id, name, district_id) VALUES ('06808', 'Phường Vàng Danh', '196');
INSERT INTO services_ward (id, name, district_id) VALUES ('06811', 'Phường Thanh Sơn', '196');
INSERT INTO services_ward (id, name, district_id) VALUES ('06814', 'Phường Bắc Sơn', '196');
INSERT INTO services_ward (id, name, district_id) VALUES ('06817', 'Phường Quang Trung', '196');
INSERT INTO services_ward (id, name, district_id) VALUES ('06820', 'Phường Trưng Vương', '196');
INSERT INTO services_ward (id, name, district_id) VALUES ('06823', 'Phường Nam Khê', '196');
INSERT INTO services_ward (id, name, district_id) VALUES ('06826', 'Phường Yên Thanh', '196');
INSERT INTO services_ward (id, name, district_id) VALUES ('06829', 'Xã Thượng Yên Công', '196');
INSERT INTO services_ward (id, name, district_id) VALUES ('06832', 'Phường Phương Đông', '196');
INSERT INTO services_ward (id, name, district_id) VALUES ('06835', 'Phường Phương Nam', '196');
INSERT INTO services_district (id, name, city_id) VALUES ('198', 'Huyện Bình Liêu', '22');
INSERT INTO services_ward (id, name, district_id) VALUES ('06838', 'Thị trấn Bình Liêu', '198');
INSERT INTO services_ward (id, name, district_id) VALUES ('06841', 'Xã Hoành Mô', '198');
INSERT INTO services_ward (id, name, district_id) VALUES ('06844', 'Xã Đồng Tâm', '198');
INSERT INTO services_ward (id, name, district_id) VALUES ('06847', 'Xã Đồng Văn', '198');
INSERT INTO services_ward (id, name, district_id) VALUES ('06853', 'Xã Vô Ngại', '198');
INSERT INTO services_ward (id, name, district_id) VALUES ('06856', 'Xã Lục Hồn', '198');
INSERT INTO services_ward (id, name, district_id) VALUES ('06859', 'Xã Húc Động', '198');
INSERT INTO services_district (id, name, city_id) VALUES ('199', 'Huyện Tiên Yên', '22');
INSERT INTO services_ward (id, name, district_id) VALUES ('06862', 'Thị trấn Tiên Yên', '199');
INSERT INTO services_ward (id, name, district_id) VALUES ('06865', 'Xã Hà Lâu', '199');
INSERT INTO services_ward (id, name, district_id) VALUES ('06868', 'Xã Đại Dực', '199');
INSERT INTO services_ward (id, name, district_id) VALUES ('06871', 'Xã Phong Dụ', '199');
INSERT INTO services_ward (id, name, district_id) VALUES ('06874', 'Xã Điền Xá', '199');
INSERT INTO services_ward (id, name, district_id) VALUES ('06877', 'Xã Đông Ngũ', '199');
INSERT INTO services_ward (id, name, district_id) VALUES ('06880', 'Xã Yên Than', '199');
INSERT INTO services_ward (id, name, district_id) VALUES ('06883', 'Xã Đông Hải', '199');
INSERT INTO services_ward (id, name, district_id) VALUES ('06886', 'Xã Hải Lạng', '199');
INSERT INTO services_ward (id, name, district_id) VALUES ('06889', 'Xã Tiên Lãng', '199');
INSERT INTO services_ward (id, name, district_id) VALUES ('06892', 'Xã Đồng Rui', '199');
INSERT INTO services_district (id, name, city_id) VALUES ('200', 'Huyện Đầm Hà', '22');
INSERT INTO services_ward (id, name, district_id) VALUES ('06895', 'Thị trấn Đầm Hà', '200');
INSERT INTO services_ward (id, name, district_id) VALUES ('06898', 'Xã Quảng Lâm', '200');
INSERT INTO services_ward (id, name, district_id) VALUES ('06901', 'Xã Quảng An', '200');
INSERT INTO services_ward (id, name, district_id) VALUES ('06904', 'Xã Tân Bình', '200');
INSERT INTO services_ward (id, name, district_id) VALUES ('06910', 'Xã Dực Yên', '200');
INSERT INTO services_ward (id, name, district_id) VALUES ('06913', 'Xã Quảng Tân', '200');
INSERT INTO services_ward (id, name, district_id) VALUES ('06916', 'Xã Đầm Hà', '200');
INSERT INTO services_ward (id, name, district_id) VALUES ('06917', 'Xã Tân Lập', '200');
INSERT INTO services_ward (id, name, district_id) VALUES ('06919', 'Xã Đại Bình', '200');
INSERT INTO services_district (id, name, city_id) VALUES ('201', 'Huyện Hải Hà', '22');
INSERT INTO services_ward (id, name, district_id) VALUES ('06922', 'Thị trấn Quảng Hà', '201');
INSERT INTO services_ward (id, name, district_id) VALUES ('06925', 'Xã Quảng Đức', '201');
INSERT INTO services_ward (id, name, district_id) VALUES ('06928', 'Xã Quảng Sơn', '201');
INSERT INTO services_ward (id, name, district_id) VALUES ('06931', 'Xã Quảng Thành', '201');
INSERT INTO services_ward (id, name, district_id) VALUES ('06937', 'Xã Quảng Thịnh', '201');
INSERT INTO services_ward (id, name, district_id) VALUES ('06940', 'Xã Quảng Minh', '201');
INSERT INTO services_ward (id, name, district_id) VALUES ('06943', 'Xã Quảng Chính', '201');
INSERT INTO services_ward (id, name, district_id) VALUES ('06946', 'Xã Quảng Long', '201');
INSERT INTO services_ward (id, name, district_id) VALUES ('06949', 'Xã Đường Hoa', '201');
INSERT INTO services_ward (id, name, district_id) VALUES ('06952', 'Xã Quảng Phong', '201');
INSERT INTO services_ward (id, name, district_id) VALUES ('06967', 'Xã Cái Chiên', '201');
INSERT INTO services_district (id, name, city_id) VALUES ('202', 'Huyện Ba Chẽ', '22');
INSERT INTO services_ward (id, name, district_id) VALUES ('06970', 'Thị trấn Ba Chẽ', '202');
INSERT INTO services_ward (id, name, district_id) VALUES ('06973', 'Xã Thanh Sơn', '202');
INSERT INTO services_ward (id, name, district_id) VALUES ('06976', 'Xã Thanh Lâm', '202');
INSERT INTO services_ward (id, name, district_id) VALUES ('06979', 'Xã Đạp Thanh', '202');
INSERT INTO services_ward (id, name, district_id) VALUES ('06982', 'Xã Nam Sơn', '202');
INSERT INTO services_ward (id, name, district_id) VALUES ('06985', 'Xã Lương Minh', '202');
INSERT INTO services_ward (id, name, district_id) VALUES ('06988', 'Xã Đồn Đạc', '202');
INSERT INTO services_district (id, name, city_id) VALUES ('203', 'Huyện Vân Đồn', '22');
INSERT INTO services_ward (id, name, district_id) VALUES ('06994', 'Thị trấn Cái Rồng', '203');
INSERT INTO services_ward (id, name, district_id) VALUES ('06997', 'Xã Đài Xuyên', '203');
INSERT INTO services_ward (id, name, district_id) VALUES ('07000', 'Xã Bình Dân', '203');
INSERT INTO services_ward (id, name, district_id) VALUES ('07003', 'Xã Vạn Yên', '203');
INSERT INTO services_ward (id, name, district_id) VALUES ('07006', 'Xã Minh Châu', '203');
INSERT INTO services_ward (id, name, district_id) VALUES ('07009', 'Xã Đoàn Kết', '203');
INSERT INTO services_ward (id, name, district_id) VALUES ('07012', 'Xã Hạ Long', '203');
INSERT INTO services_ward (id, name, district_id) VALUES ('07015', 'Xã Đông Xá', '203');
INSERT INTO services_ward (id, name, district_id) VALUES ('07018', 'Xã Bản Sen', '203');
INSERT INTO services_ward (id, name, district_id) VALUES ('07021', 'Xã Thắng Lợi', '203');
INSERT INTO services_ward (id, name, district_id) VALUES ('07024', 'Xã Quan Lạn', '203');
INSERT INTO services_ward (id, name, district_id) VALUES ('07027', 'Xã Ngọc Vừng', '203');
INSERT INTO services_district (id, name, city_id) VALUES ('205', 'Thành phố Đông Triều', '22');
INSERT INTO services_ward (id, name, district_id) VALUES ('07069', 'Phường Mạo Khê', '205');
INSERT INTO services_ward (id, name, district_id) VALUES ('07075', 'Xã An Sinh', '205');
INSERT INTO services_ward (id, name, district_id) VALUES ('07078', 'Xã Tràng Lương', '205');
INSERT INTO services_ward (id, name, district_id) VALUES ('07081', 'Phường Bình Khê', '205');
INSERT INTO services_ward (id, name, district_id) VALUES ('07084', 'Xã Việt Dân', '205');
INSERT INTO services_ward (id, name, district_id) VALUES ('07090', 'Phường Bình Dương', '205');
INSERT INTO services_ward (id, name, district_id) VALUES ('07093', 'Phường Đức Chính', '205');
INSERT INTO services_ward (id, name, district_id) VALUES ('07096', 'Phường Tràng An', '205');
INSERT INTO services_ward (id, name, district_id) VALUES ('07099', 'Xã Nguyễn Huệ', '205');
INSERT INTO services_ward (id, name, district_id) VALUES ('07102', 'Phường Thủy An', '205');
INSERT INTO services_ward (id, name, district_id) VALUES ('07105', 'Phường Xuân Sơn', '205');
INSERT INTO services_ward (id, name, district_id) VALUES ('07108', 'Xã Hồng Thái Tây', '205');
INSERT INTO services_ward (id, name, district_id) VALUES ('07111', 'Xã Hồng Thái Đông', '205');
INSERT INTO services_ward (id, name, district_id) VALUES ('07114', 'Phường Hoàng Quế', '205');
INSERT INTO services_ward (id, name, district_id) VALUES ('07117', 'Phường Yên Thọ', '205');
INSERT INTO services_ward (id, name, district_id) VALUES ('07120', 'Phường Hồng Phong', '205');
INSERT INTO services_ward (id, name, district_id) VALUES ('07123', 'Phường Kim Sơn', '205');
INSERT INTO services_ward (id, name, district_id) VALUES ('07126', 'Phường Hưng Đạo', '205');
INSERT INTO services_ward (id, name, district_id) VALUES ('07129', 'Phường Yên Đức', '205');
INSERT INTO services_district (id, name, city_id) VALUES ('206', 'Thị xã Quảng Yên', '22');
INSERT INTO services_ward (id, name, district_id) VALUES ('07132', 'Phường Quảng Yên', '206');
INSERT INTO services_ward (id, name, district_id) VALUES ('07135', 'Phường Đông Mai', '206');
INSERT INTO services_ward (id, name, district_id) VALUES ('07138', 'Phường Minh Thành', '206');
INSERT INTO services_ward (id, name, district_id) VALUES ('07144', 'Xã Sông Khoai', '206');
INSERT INTO services_ward (id, name, district_id) VALUES ('07147', 'Xã Hiệp Hòa', '206');
INSERT INTO services_ward (id, name, district_id) VALUES ('07150', 'Phường Cộng Hòa', '206');
INSERT INTO services_ward (id, name, district_id) VALUES ('07153', 'Xã Tiền An', '206');
INSERT INTO services_ward (id, name, district_id) VALUES ('07156', 'Xã Hoàng Tân', '206');
INSERT INTO services_ward (id, name, district_id) VALUES ('07159', 'Phường Tân An', '206');
INSERT INTO services_ward (id, name, district_id) VALUES ('07162', 'Phường Yên Giang', '206');
INSERT INTO services_ward (id, name, district_id) VALUES ('07165', 'Phường Nam Hoà', '206');
INSERT INTO services_ward (id, name, district_id) VALUES ('07168', 'Phường Hà An', '206');
INSERT INTO services_ward (id, name, district_id) VALUES ('07171', 'Xã Cẩm La', '206');
INSERT INTO services_ward (id, name, district_id) VALUES ('07174', 'Phường Phong Hải', '206');
INSERT INTO services_ward (id, name, district_id) VALUES ('07177', 'Phường Yên Hải', '206');
INSERT INTO services_ward (id, name, district_id) VALUES ('07180', 'Xã Liên Hòa', '206');
INSERT INTO services_ward (id, name, district_id) VALUES ('07183', 'Phường Phong Cốc', '206');
INSERT INTO services_ward (id, name, district_id) VALUES ('07186', 'Xã Liên Vị', '206');
INSERT INTO services_ward (id, name, district_id) VALUES ('07189', 'Xã Tiền Phong', '206');
INSERT INTO services_district (id, name, city_id) VALUES ('207', 'Huyện Cô Tô', '22');
INSERT INTO services_ward (id, name, district_id) VALUES ('07192', 'Thị trấn Cô Tô', '207');
INSERT INTO services_ward (id, name, district_id) VALUES ('07195', 'Xã Đồng Tiến', '207');
INSERT INTO services_ward (id, name, district_id) VALUES ('07198', 'Xã Thanh Lân', '207');
INSERT INTO services_city (id, name) VALUES ('24', 'Tỉnh Bắc Giang');
INSERT INTO services_district (id, name, city_id) VALUES ('213', 'Thành phố Bắc Giang', '24');
INSERT INTO services_ward (id, name, district_id) VALUES ('07201', 'Phường Thọ Xương', '213');
INSERT INTO services_ward (id, name, district_id) VALUES ('07207', 'Phường Ngô Quyền', '213');
INSERT INTO services_ward (id, name, district_id) VALUES ('07210', 'Phường Hoàng Văn Thụ', '213');
INSERT INTO services_ward (id, name, district_id) VALUES ('07213', 'Phường Trần Phú', '213');
INSERT INTO services_ward (id, name, district_id) VALUES ('07216', 'Phường Mỹ Độ', '213');
INSERT INTO services_ward (id, name, district_id) VALUES ('07222', 'Phường Song Mai', '213');
INSERT INTO services_ward (id, name, district_id) VALUES ('07225', 'Phường Xương Giang', '213');
INSERT INTO services_ward (id, name, district_id) VALUES ('07228', 'Phường Đa Mai', '213');
INSERT INTO services_ward (id, name, district_id) VALUES ('07231', 'Phường Dĩnh Kế', '213');
INSERT INTO services_ward (id, name, district_id) VALUES ('07441', 'Phường Dĩnh Trì', '213');
INSERT INTO services_ward (id, name, district_id) VALUES ('07681', 'Phường Nham Biền', '213');
INSERT INTO services_ward (id, name, district_id) VALUES ('07682', 'Phường Tân An', '213');
INSERT INTO services_ward (id, name, district_id) VALUES ('07687', 'Phường Tân Mỹ', '213');
INSERT INTO services_ward (id, name, district_id) VALUES ('07690', 'Phường Hương Gián', '213');
INSERT INTO services_ward (id, name, district_id) VALUES ('07696', 'Phường Đồng Sơn', '213');
INSERT INTO services_ward (id, name, district_id) VALUES ('07699', 'Phường Tân Tiến', '213');
INSERT INTO services_ward (id, name, district_id) VALUES ('07702', 'Xã Quỳnh Sơn', '213');
INSERT INTO services_ward (id, name, district_id) VALUES ('07705', 'Phường Song Khê', '213');
INSERT INTO services_ward (id, name, district_id) VALUES ('07708', 'Phường Nội Hoàng', '213');
INSERT INTO services_ward (id, name, district_id) VALUES ('07711', 'Phường Tiền Phong', '213');
INSERT INTO services_ward (id, name, district_id) VALUES ('07714', 'Xã Xuân Phú', '213');
INSERT INTO services_ward (id, name, district_id) VALUES ('07717', 'Phường Tân Liễu', '213');
INSERT INTO services_ward (id, name, district_id) VALUES ('07720', 'Xã Trí Yên', '213');
INSERT INTO services_ward (id, name, district_id) VALUES ('07723', 'Xã Lãng Sơn', '213');
INSERT INTO services_ward (id, name, district_id) VALUES ('07726', 'Xã Yên Lư', '213');
INSERT INTO services_ward (id, name, district_id) VALUES ('07729', 'Xã Tiến Dũng', '213');
INSERT INTO services_ward (id, name, district_id) VALUES ('07735', 'Xã Đức Giang', '213');
INSERT INTO services_ward (id, name, district_id) VALUES ('07738', 'Phường Cảnh Thụy', '213');
INSERT INTO services_ward (id, name, district_id) VALUES ('07741', 'Xã Tư Mại', '213');
INSERT INTO services_ward (id, name, district_id) VALUES ('07747', 'Xã Đồng Việt', '213');
INSERT INTO services_ward (id, name, district_id) VALUES ('07750', 'Xã Đồng Phúc', '213');
INSERT INTO services_district (id, name, city_id) VALUES ('215', 'Huyện Yên Thế', '24');
INSERT INTO services_ward (id, name, district_id) VALUES ('07243', 'Xã Đồng Tiến', '215');
INSERT INTO services_ward (id, name, district_id) VALUES ('07246', 'Xã Canh Nậu', '215');
INSERT INTO services_ward (id, name, district_id) VALUES ('07249', 'Xã Xuân Lương', '215');
INSERT INTO services_ward (id, name, district_id) VALUES ('07252', 'Xã Tam Tiến', '215');
INSERT INTO services_ward (id, name, district_id) VALUES ('07255', 'Xã Đồng Vương', '215');
INSERT INTO services_ward (id, name, district_id) VALUES ('07258', 'Xã Đồng Hưu', '215');
INSERT INTO services_ward (id, name, district_id) VALUES ('07260', 'Xã Đồng Tâm', '215');
INSERT INTO services_ward (id, name, district_id) VALUES ('07261', 'Xã Tân Hiệp', '215');
INSERT INTO services_ward (id, name, district_id) VALUES ('07264', 'Xã Tiến Thắng', '215');
INSERT INTO services_ward (id, name, district_id) VALUES ('07270', 'Xã Đồng Lạc', '215');
INSERT INTO services_ward (id, name, district_id) VALUES ('07273', 'Xã Đông Sơn', '215');
INSERT INTO services_ward (id, name, district_id) VALUES ('07279', 'Xã Hương Vĩ', '215');
INSERT INTO services_ward (id, name, district_id) VALUES ('07282', 'Xã Đồng Kỳ', '215');
INSERT INTO services_ward (id, name, district_id) VALUES ('07285', 'Xã An Thượng', '215');
INSERT INTO services_ward (id, name, district_id) VALUES ('07288', 'Thị trấn Phồn Xương', '215');
INSERT INTO services_ward (id, name, district_id) VALUES ('07291', 'Xã Tân Sỏi', '215');
INSERT INTO services_ward (id, name, district_id) VALUES ('07294', 'Thị trấn Bố Hạ', '215');
INSERT INTO services_district (id, name, city_id) VALUES ('216', 'Huyện Tân Yên', '24');
INSERT INTO services_ward (id, name, district_id) VALUES ('07306', 'Thị trấn Nhã Nam', '216');
INSERT INTO services_ward (id, name, district_id) VALUES ('07309', 'Xã Tân Trung', '216');
INSERT INTO services_ward (id, name, district_id) VALUES ('07315', 'Xã Quang Trung', '216');
INSERT INTO services_ward (id, name, district_id) VALUES ('07321', 'Xã An Dương', '216');
INSERT INTO services_ward (id, name, district_id) VALUES ('07324', 'Xã Phúc Hòa', '216');
INSERT INTO services_ward (id, name, district_id) VALUES ('07327', 'Xã Liên Sơn', '216');
INSERT INTO services_ward (id, name, district_id) VALUES ('07330', 'Xã Hợp Đức', '216');
INSERT INTO services_ward (id, name, district_id) VALUES ('07333', 'Xã Lam Sơn', '216');
INSERT INTO services_ward (id, name, district_id) VALUES ('07336', 'Xã Cao Xá', '216');
INSERT INTO services_ward (id, name, district_id) VALUES ('07339', 'Thị trấn Cao Thượng', '216');
INSERT INTO services_ward (id, name, district_id) VALUES ('07342', 'Xã Việt Ngọc', '216');
INSERT INTO services_ward (id, name, district_id) VALUES ('07345', 'Xã Song Vân', '216');
INSERT INTO services_ward (id, name, district_id) VALUES ('07348', 'Xã Ngọc Châu', '216');
INSERT INTO services_ward (id, name, district_id) VALUES ('07351', 'Xã Ngọc Vân', '216');
INSERT INTO services_ward (id, name, district_id) VALUES ('07354', 'Xã Việt Lập', '216');
INSERT INTO services_ward (id, name, district_id) VALUES ('07357', 'Xã Liên Chung', '216');
INSERT INTO services_ward (id, name, district_id) VALUES ('07360', 'Xã Ngọc Thiện', '216');
INSERT INTO services_ward (id, name, district_id) VALUES ('07363', 'Xã Ngọc Lý', '216');
INSERT INTO services_ward (id, name, district_id) VALUES ('07366', 'Xã Quế Nham', '216');
INSERT INTO services_district (id, name, city_id) VALUES ('217', 'Huyện Lạng Giang', '24');
INSERT INTO services_ward (id, name, district_id) VALUES ('07375', 'Thị trấn Vôi', '217');
INSERT INTO services_ward (id, name, district_id) VALUES ('07378', 'Xã Nghĩa Hòa', '217');
INSERT INTO services_ward (id, name, district_id) VALUES ('07381', 'Xã Nghĩa Hưng', '217');
INSERT INTO services_ward (id, name, district_id) VALUES ('07384', 'Xã Quang Thịnh', '217');
INSERT INTO services_ward (id, name, district_id) VALUES ('07387', 'Xã Hương Sơn', '217');
INSERT INTO services_ward (id, name, district_id) VALUES ('07390', 'Xã Đào Mỹ', '217');
INSERT INTO services_ward (id, name, district_id) VALUES ('07393', 'Xã Tiên Lục', '217');
INSERT INTO services_ward (id, name, district_id) VALUES ('07396', 'Xã An Hà', '217');
INSERT INTO services_ward (id, name, district_id) VALUES ('07399', 'Thị trấn Kép', '217');
INSERT INTO services_ward (id, name, district_id) VALUES ('07405', 'Xã Hương Lạc', '217');
INSERT INTO services_ward (id, name, district_id) VALUES ('07408', 'Xã Dương Đức', '217');
INSERT INTO services_ward (id, name, district_id) VALUES ('07411', 'Xã Tân Thanh', '217');
INSERT INTO services_ward (id, name, district_id) VALUES ('07417', 'Xã Tân Hưng', '217');
INSERT INTO services_ward (id, name, district_id) VALUES ('07420', 'Xã Mỹ Thái', '217');
INSERT INTO services_ward (id, name, district_id) VALUES ('07426', 'Xã Xương Lâm', '217');
INSERT INTO services_ward (id, name, district_id) VALUES ('07429', 'Xã Xuân Hương', '217');
INSERT INTO services_ward (id, name, district_id) VALUES ('07432', 'Xã Tân Dĩnh', '217');
INSERT INTO services_ward (id, name, district_id) VALUES ('07435', 'Xã Đại Lâm', '217');
INSERT INTO services_ward (id, name, district_id) VALUES ('07438', 'Xã Thái Đào', '217');
INSERT INTO services_district (id, name, city_id) VALUES ('218', 'Huyện Lục Nam', '24');
INSERT INTO services_ward (id, name, district_id) VALUES ('07444', 'Thị trấn Đồi Ngô', '218');
INSERT INTO services_ward (id, name, district_id) VALUES ('07450', 'Xã Đông Hưng', '218');
INSERT INTO services_ward (id, name, district_id) VALUES ('07453', 'Xã Đông Phú', '218');
INSERT INTO services_ward (id, name, district_id) VALUES ('07456', 'Xã Tam Dị', '218');
INSERT INTO services_ward (id, name, district_id) VALUES ('07459', 'Xã Bảo Sơn', '218');
INSERT INTO services_ward (id, name, district_id) VALUES ('07462', 'Xã Bảo Đài', '218');
INSERT INTO services_ward (id, name, district_id) VALUES ('07465', 'Xã Thanh Lâm', '218');
INSERT INTO services_ward (id, name, district_id) VALUES ('07468', 'Xã Tiên Nha', '218');
INSERT INTO services_ward (id, name, district_id) VALUES ('07471', 'Xã Trường Giang', '218');
INSERT INTO services_ward (id, name, district_id) VALUES ('07477', 'Thị trấn Phương Sơn', '218');
INSERT INTO services_ward (id, name, district_id) VALUES ('07480', 'Xã Chu Điện', '218');
INSERT INTO services_ward (id, name, district_id) VALUES ('07483', 'Xã Cương Sơn', '218');
INSERT INTO services_ward (id, name, district_id) VALUES ('07486', 'Xã Nghĩa Phương', '218');
INSERT INTO services_ward (id, name, district_id) VALUES ('07489', 'Xã Vô Tranh', '218');
INSERT INTO services_ward (id, name, district_id) VALUES ('07492', 'Xã Bình Sơn', '218');
INSERT INTO services_ward (id, name, district_id) VALUES ('07495', 'Xã Lan Mẫu', '218');
INSERT INTO services_ward (id, name, district_id) VALUES ('07498', 'Xã Yên Sơn', '218');
INSERT INTO services_ward (id, name, district_id) VALUES ('07501', 'Xã Khám Lạng', '218');
INSERT INTO services_ward (id, name, district_id) VALUES ('07504', 'Xã Huyền Sơn', '218');
INSERT INTO services_ward (id, name, district_id) VALUES ('07507', 'Xã Trường Sơn', '218');
INSERT INTO services_ward (id, name, district_id) VALUES ('07510', 'Xã Lục Sơn', '218');
INSERT INTO services_ward (id, name, district_id) VALUES ('07513', 'Xã Bắc Lũng', '218');
INSERT INTO services_ward (id, name, district_id) VALUES ('07519', 'Xã Cẩm Lý', '218');
INSERT INTO services_ward (id, name, district_id) VALUES ('07522', 'Xã Đan Hội', '218');
INSERT INTO services_district (id, name, city_id) VALUES ('219', 'Huyện Lục Ngạn', '24');
INSERT INTO services_ward (id, name, district_id) VALUES ('07528', 'Xã Cấm Sơn', '219');
INSERT INTO services_ward (id, name, district_id) VALUES ('07531', 'Xã Tân Sơn', '219');
INSERT INTO services_ward (id, name, district_id) VALUES ('07534', 'Xã Phong Minh', '219');
INSERT INTO services_ward (id, name, district_id) VALUES ('07537', 'Xã Phong Vân', '219');
INSERT INTO services_ward (id, name, district_id) VALUES ('07540', 'Xã Sa Lý', '219');
INSERT INTO services_ward (id, name, district_id) VALUES ('07543', 'Xã Hộ Đáp', '219');
INSERT INTO services_ward (id, name, district_id) VALUES ('07546', 'Xã Sơn Hải', '219');
INSERT INTO services_ward (id, name, district_id) VALUES ('07555', 'Xã Biên Sơn', '219');
INSERT INTO services_ward (id, name, district_id) VALUES ('07564', 'Xã Kim Sơn', '219');
INSERT INTO services_ward (id, name, district_id) VALUES ('07567', 'Xã Tân Hoa', '219');
INSERT INTO services_ward (id, name, district_id) VALUES ('07570', 'Xã Giáp Sơn', '219');
INSERT INTO services_ward (id, name, district_id) VALUES ('07573', 'Thị trấn Biển Động', '219');
INSERT INTO services_ward (id, name, district_id) VALUES ('07582', 'Thị trấn Phì Điền', '219');
INSERT INTO services_ward (id, name, district_id) VALUES ('07588', 'Xã Tân Quang', '219');
INSERT INTO services_ward (id, name, district_id) VALUES ('07591', 'Xã Đồng Cốc', '219');
INSERT INTO services_ward (id, name, district_id) VALUES ('07594', 'Xã Tân Lập', '219');
INSERT INTO services_ward (id, name, district_id) VALUES ('07597', 'Xã Phú Nhuận', '219');
INSERT INTO services_ward (id, name, district_id) VALUES ('07606', 'Xã Tân Mộc', '219');
INSERT INTO services_ward (id, name, district_id) VALUES ('07609', 'Xã Đèo Gia', '219');
INSERT INTO services_district (id, name, city_id) VALUES ('220', 'Huyện Sơn Động', '24');
INSERT INTO services_ward (id, name, district_id) VALUES ('07615', 'Thị trấn An Châu', '220');
INSERT INTO services_ward (id, name, district_id) VALUES ('07616', 'Thị trấn Tây Yên Tử', '220');
INSERT INTO services_ward (id, name, district_id) VALUES ('07621', 'Xã Vân Sơn', '220');
INSERT INTO services_ward (id, name, district_id) VALUES ('07624', 'Xã Hữu Sản', '220');
INSERT INTO services_ward (id, name, district_id) VALUES ('07627', 'Xã Đại Sơn', '220');
INSERT INTO services_ward (id, name, district_id) VALUES ('07630', 'Xã Phúc Sơn', '220');
INSERT INTO services_ward (id, name, district_id) VALUES ('07636', 'Xã Giáo Liêm', '220');
INSERT INTO services_ward (id, name, district_id) VALUES ('07642', 'Xã Cẩm Đàn', '220');
INSERT INTO services_ward (id, name, district_id) VALUES ('07645', 'Xã An Lạc', '220');
INSERT INTO services_ward (id, name, district_id) VALUES ('07648', 'Xã Vĩnh An', '220');
INSERT INTO services_ward (id, name, district_id) VALUES ('07651', 'Xã Yên Định', '220');
INSERT INTO services_ward (id, name, district_id) VALUES ('07654', 'Xã Lệ Viễn', '220');
INSERT INTO services_ward (id, name, district_id) VALUES ('07660', 'Xã An Bá', '220');
INSERT INTO services_ward (id, name, district_id) VALUES ('07663', 'Xã Tuấn Đạo', '220');
INSERT INTO services_ward (id, name, district_id) VALUES ('07666', 'Xã Dương Hưu', '220');
INSERT INTO services_ward (id, name, district_id) VALUES ('07672', 'Xã Long Sơn', '220');
INSERT INTO services_ward (id, name, district_id) VALUES ('07678', 'Xã Thanh Luận', '220');
INSERT INTO services_district (id, name, city_id) VALUES ('222', 'Thị xã Việt Yên', '24');
INSERT INTO services_ward (id, name, district_id) VALUES ('07759', 'Xã Thượng Lan', '222');
INSERT INTO services_ward (id, name, district_id) VALUES ('07762', 'Xã Việt Tiến', '222');
INSERT INTO services_ward (id, name, district_id) VALUES ('07765', 'Xã Nghĩa Trung', '222');
INSERT INTO services_ward (id, name, district_id) VALUES ('07768', 'Xã Minh Đức', '222');
INSERT INTO services_ward (id, name, district_id) VALUES ('07771', 'Xã Hương Mai', '222');
INSERT INTO services_ward (id, name, district_id) VALUES ('07774', 'Phường Tự Lạn', '222');
INSERT INTO services_ward (id, name, district_id) VALUES ('07777', 'Phường Bích Động', '222');
INSERT INTO services_ward (id, name, district_id) VALUES ('07780', 'Xã Trung Sơn', '222');
INSERT INTO services_ward (id, name, district_id) VALUES ('07783', 'Phường Hồng Thái', '222');
INSERT INTO services_ward (id, name, district_id) VALUES ('07786', 'Xã Tiên Sơn', '222');
INSERT INTO services_ward (id, name, district_id) VALUES ('07789', 'Phường Tăng Tiến', '222');
INSERT INTO services_ward (id, name, district_id) VALUES ('07792', 'Phường Quảng Minh', '222');
INSERT INTO services_ward (id, name, district_id) VALUES ('07795', 'Phường Nếnh', '222');
INSERT INTO services_ward (id, name, district_id) VALUES ('07798', 'Phường Ninh Sơn', '222');
INSERT INTO services_ward (id, name, district_id) VALUES ('07801', 'Phường Vân Trung', '222');
INSERT INTO services_ward (id, name, district_id) VALUES ('07804', 'Xã Vân Hà', '222');
INSERT INTO services_ward (id, name, district_id) VALUES ('07807', 'Phường Quang Châu', '222');
INSERT INTO services_district (id, name, city_id) VALUES ('223', 'Huyện Hiệp Hòa', '24');
INSERT INTO services_ward (id, name, district_id) VALUES ('07816', 'Xã Đồng Tiến', '223');
INSERT INTO services_ward (id, name, district_id) VALUES ('07822', 'Xã Hoàng Vân', '223');
INSERT INTO services_ward (id, name, district_id) VALUES ('07825', 'Xã Toàn Thắng', '223');
INSERT INTO services_ward (id, name, district_id) VALUES ('07831', 'Xã Ngọc Sơn', '223');
INSERT INTO services_ward (id, name, district_id) VALUES ('07840', 'Thị trấn Thắng', '223');
INSERT INTO services_ward (id, name, district_id) VALUES ('07843', 'Xã Sơn Thịnh', '223');
INSERT INTO services_ward (id, name, district_id) VALUES ('07846', 'Xã Lương Phong', '223');
INSERT INTO services_ward (id, name, district_id) VALUES ('07849', 'Xã Hùng Thái', '223');
INSERT INTO services_ward (id, name, district_id) VALUES ('07855', 'Xã Thường Thắng', '223');
INSERT INTO services_ward (id, name, district_id) VALUES ('07858', 'Xã Hợp Thịnh', '223');
INSERT INTO services_ward (id, name, district_id) VALUES ('07861', 'Xã Danh Thắng', '223');
INSERT INTO services_ward (id, name, district_id) VALUES ('07864', 'Xã Mai Trung', '223');
INSERT INTO services_ward (id, name, district_id) VALUES ('07867', 'Xã Đoan Bái', '223');
INSERT INTO services_ward (id, name, district_id) VALUES ('07870', 'Thị trấn Bắc Lý', '223');
INSERT INTO services_ward (id, name, district_id) VALUES ('07873', 'Xã Xuân Cẩm', '223');
INSERT INTO services_ward (id, name, district_id) VALUES ('07876', 'Xã Hương Lâm', '223');
INSERT INTO services_ward (id, name, district_id) VALUES ('07879', 'Xã Đông Lỗ', '223');
INSERT INTO services_ward (id, name, district_id) VALUES ('07882', 'Xã Châu Minh', '223');
INSERT INTO services_ward (id, name, district_id) VALUES ('07885', 'Xã Mai Đình', '223');
INSERT INTO services_district (id, name, city_id) VALUES ('224', 'Thị xã Chũ', '24');
INSERT INTO services_ward (id, name, district_id) VALUES ('07525', 'Phường Chũ', '224');
INSERT INTO services_ward (id, name, district_id) VALUES ('07549', 'Phường Thanh Hải', '224');
INSERT INTO services_ward (id, name, district_id) VALUES ('07552', 'Xã Kiên Lao', '224');
INSERT INTO services_ward (id, name, district_id) VALUES ('07558', 'Xã Kiên Thành', '224');
INSERT INTO services_ward (id, name, district_id) VALUES ('07561', 'Phường Hồng Giang', '224');
INSERT INTO services_ward (id, name, district_id) VALUES ('07576', 'Xã Quý Sơn', '224');
INSERT INTO services_ward (id, name, district_id) VALUES ('07579', 'Phường Trù Hựu', '224');
INSERT INTO services_ward (id, name, district_id) VALUES ('07600', 'Xã Mỹ An', '224');
INSERT INTO services_ward (id, name, district_id) VALUES ('07603', 'Xã Nam Dương', '224');
INSERT INTO services_ward (id, name, district_id) VALUES ('07612', 'Phường Phượng Sơn', '224');
INSERT INTO services_city (id, name) VALUES ('25', 'Tỉnh Phú Thọ');
INSERT INTO services_district (id, name, city_id) VALUES ('227', 'Thành phố Việt Trì', '25');
INSERT INTO services_ward (id, name, district_id) VALUES ('07888', 'Phường Dữu Lâu', '227');
INSERT INTO services_ward (id, name, district_id) VALUES ('07894', 'Phường Nông Trang', '227');
INSERT INTO services_ward (id, name, district_id) VALUES ('07897', 'Phường Tân Dân', '227');
INSERT INTO services_ward (id, name, district_id) VALUES ('07900', 'Phường Gia Cẩm', '227');
INSERT INTO services_ward (id, name, district_id) VALUES ('07903', 'Phường Tiên Cát', '227');
INSERT INTO services_ward (id, name, district_id) VALUES ('07906', 'Phường Thọ Sơn', '227');
INSERT INTO services_ward (id, name, district_id) VALUES ('07909', 'Phường Thanh Miếu', '227');
INSERT INTO services_ward (id, name, district_id) VALUES ('07912', 'Phường Bạch Hạc', '227');
INSERT INTO services_ward (id, name, district_id) VALUES ('07918', 'Phường Vân Phú', '227');
INSERT INTO services_ward (id, name, district_id) VALUES ('07921', 'Xã Phượng Lâu', '227');
INSERT INTO services_ward (id, name, district_id) VALUES ('07924', 'Xã Thụy Vân', '227');
INSERT INTO services_ward (id, name, district_id) VALUES ('07927', 'Phường Minh Phương', '227');
INSERT INTO services_ward (id, name, district_id) VALUES ('07930', 'Xã Trưng Vương', '227');
INSERT INTO services_ward (id, name, district_id) VALUES ('07933', 'Phường Minh Nông', '227');
INSERT INTO services_ward (id, name, district_id) VALUES ('07936', 'Xã Sông Lô', '227');
INSERT INTO services_ward (id, name, district_id) VALUES ('08281', 'Xã Kim Đức', '227');
INSERT INTO services_ward (id, name, district_id) VALUES ('08287', 'Xã Hùng Lô', '227');
INSERT INTO services_ward (id, name, district_id) VALUES ('08503', 'Xã Hy Cương', '227');
INSERT INTO services_ward (id, name, district_id) VALUES ('08506', 'Xã Chu Hóa', '227');
INSERT INTO services_ward (id, name, district_id) VALUES ('08515', 'Xã Thanh Đình', '227');
INSERT INTO services_district (id, name, city_id) VALUES ('228', 'Thị xã Phú Thọ', '25');
INSERT INTO services_ward (id, name, district_id) VALUES ('07942', 'Phường Hùng Vương', '228');
INSERT INTO services_ward (id, name, district_id) VALUES ('07945', 'Phường Phong Châu', '228');
INSERT INTO services_ward (id, name, district_id) VALUES ('07948', 'Phường Âu Cơ', '228');
INSERT INTO services_ward (id, name, district_id) VALUES ('07951', 'Xã Hà Lộc', '228');
INSERT INTO services_ward (id, name, district_id) VALUES ('07954', 'Xã Phú Hộ', '228');
INSERT INTO services_ward (id, name, district_id) VALUES ('07957', 'Xã Văn Lung', '228');
INSERT INTO services_ward (id, name, district_id) VALUES ('07960', 'Xã Thanh Minh', '228');
INSERT INTO services_ward (id, name, district_id) VALUES ('07963', 'Xã Hà Thạch', '228');
INSERT INTO services_ward (id, name, district_id) VALUES ('07966', 'Phường Thanh Vinh', '228');
INSERT INTO services_district (id, name, city_id) VALUES ('230', 'Huyện Đoan Hùng', '25');
INSERT INTO services_ward (id, name, district_id) VALUES ('07969', 'Thị trấn Đoan Hùng', '230');
INSERT INTO services_ward (id, name, district_id) VALUES ('07975', 'Xã Hùng Xuyên', '230');
INSERT INTO services_ward (id, name, district_id) VALUES ('07981', 'Xã Bằng Luân', '230');
INSERT INTO services_ward (id, name, district_id) VALUES ('07987', 'Xã Phú Lâm', '230');
INSERT INTO services_ward (id, name, district_id) VALUES ('07996', 'Xã Bằng Doãn', '230');
INSERT INTO services_ward (id, name, district_id) VALUES ('07999', 'Xã Chí Đám', '230');
INSERT INTO services_ward (id, name, district_id) VALUES ('08005', 'Xã Phúc Lai', '230');
INSERT INTO services_ward (id, name, district_id) VALUES ('08008', 'Xã Ngọc Quan', '230');
INSERT INTO services_ward (id, name, district_id) VALUES ('08014', 'Xã Hợp Nhất', '230');
INSERT INTO services_ward (id, name, district_id) VALUES ('08023', 'Xã Tây Cốc', '230');
INSERT INTO services_ward (id, name, district_id) VALUES ('08035', 'Xã Hùng Long', '230');
INSERT INTO services_ward (id, name, district_id) VALUES ('08038', 'Xã Yên Kiện', '230');
INSERT INTO services_ward (id, name, district_id) VALUES ('08044', 'Xã Chân Mộng', '230');
INSERT INTO services_ward (id, name, district_id) VALUES ('08050', 'Xã Ca Đình', '230');
INSERT INTO services_district (id, name, city_id) VALUES ('231', 'Huyện Hạ Hoà', '25');
INSERT INTO services_ward (id, name, district_id) VALUES ('08053', 'Thị trấn Hạ Hoà', '231');
INSERT INTO services_ward (id, name, district_id) VALUES ('08056', 'Xã Đại Phạm', '231');
INSERT INTO services_ward (id, name, district_id) VALUES ('08062', 'Xã Đan Thượng', '231');
INSERT INTO services_ward (id, name, district_id) VALUES ('08065', 'Xã Hà Lương', '231');
INSERT INTO services_ward (id, name, district_id) VALUES ('08071', 'Xã Tứ Hiệp', '231');
INSERT INTO services_ward (id, name, district_id) VALUES ('08080', 'Xã Hiền Lương', '231');
INSERT INTO services_ward (id, name, district_id) VALUES ('08089', 'Xã Phương Viên', '231');
INSERT INTO services_ward (id, name, district_id) VALUES ('08092', 'Xã Gia Điền', '231');
INSERT INTO services_ward (id, name, district_id) VALUES ('08095', 'Xã Ấm Hạ', '231');
INSERT INTO services_ward (id, name, district_id) VALUES ('08104', 'Xã Hương Xạ', '231');
INSERT INTO services_ward (id, name, district_id) VALUES ('08110', 'Xã Xuân Áng', '231');
INSERT INTO services_ward (id, name, district_id) VALUES ('08113', 'Xã Yên Kỳ', '231');
INSERT INTO services_ward (id, name, district_id) VALUES ('08119', 'Xã Minh Hạc', '231');
INSERT INTO services_ward (id, name, district_id) VALUES ('08122', 'Xã Lang Sơn', '231');
INSERT INTO services_ward (id, name, district_id) VALUES ('08125', 'Xã Bằng Giã', '231');
INSERT INTO services_ward (id, name, district_id) VALUES ('08128', 'Xã Yên Luật', '231');
INSERT INTO services_ward (id, name, district_id) VALUES ('08131', 'Xã Vô Tranh', '231');
INSERT INTO services_ward (id, name, district_id) VALUES ('08134', 'Xã Văn Lang', '231');
INSERT INTO services_ward (id, name, district_id) VALUES ('08140', 'Xã Minh Côi', '231');
INSERT INTO services_ward (id, name, district_id) VALUES ('08143', 'Xã Vĩnh Chân', '231');
INSERT INTO services_district (id, name, city_id) VALUES ('232', 'Huyện Thanh Ba', '25');
INSERT INTO services_ward (id, name, district_id) VALUES ('08152', 'Thị trấn Thanh Ba', '232');
INSERT INTO services_ward (id, name, district_id) VALUES ('08156', 'Xã Vân Lĩnh', '232');
INSERT INTO services_ward (id, name, district_id) VALUES ('08158', 'Xã Đông Lĩnh', '232');
INSERT INTO services_ward (id, name, district_id) VALUES ('08161', 'Xã Đại An', '232');
INSERT INTO services_ward (id, name, district_id) VALUES ('08164', 'Xã Hanh Cù', '232');
INSERT INTO services_ward (id, name, district_id) VALUES ('08170', 'Xã Đồng Xuân', '232');
INSERT INTO services_ward (id, name, district_id) VALUES ('08173', 'Xã Quảng Yên', '232');
INSERT INTO services_ward (id, name, district_id) VALUES ('08179', 'Xã Ninh Dân', '232');
INSERT INTO services_ward (id, name, district_id) VALUES ('08194', 'Xã Võ Lao', '232');
INSERT INTO services_ward (id, name, district_id) VALUES ('08197', 'Xã Khải Xuân', '232');
INSERT INTO services_ward (id, name, district_id) VALUES ('08200', 'Xã Mạn Lạn', '232');
INSERT INTO services_ward (id, name, district_id) VALUES ('08203', 'Xã Hoàng Cương', '232');
INSERT INTO services_ward (id, name, district_id) VALUES ('08206', 'Xã Chí Tiên', '232');
INSERT INTO services_ward (id, name, district_id) VALUES ('08209', 'Xã Đông Thành', '232');
INSERT INTO services_ward (id, name, district_id) VALUES ('08215', 'Xã Sơn Cương', '232');
INSERT INTO services_ward (id, name, district_id) VALUES ('08218', 'Xã Thanh Hà', '232');
INSERT INTO services_ward (id, name, district_id) VALUES ('08221', 'Xã Đỗ Sơn', '232');
INSERT INTO services_ward (id, name, district_id) VALUES ('08224', 'Xã Đỗ Xuyên', '232');
INSERT INTO services_ward (id, name, district_id) VALUES ('08227', 'Xã Lương Lỗ', '232');
INSERT INTO services_district (id, name, city_id) VALUES ('233', 'Huyện Phù Ninh', '25');
INSERT INTO services_ward (id, name, district_id) VALUES ('08230', 'Thị trấn Phong Châu', '233');
INSERT INTO services_ward (id, name, district_id) VALUES ('08233', 'Xã Phú Mỹ', '233');
INSERT INTO services_ward (id, name, district_id) VALUES ('08234', 'Xã Lệ Mỹ', '233');
INSERT INTO services_ward (id, name, district_id) VALUES ('08236', 'Xã Liên Hoa', '233');
INSERT INTO services_ward (id, name, district_id) VALUES ('08239', 'Xã Trạm Thản', '233');
INSERT INTO services_ward (id, name, district_id) VALUES ('08242', 'Xã Trị Quận', '233');
INSERT INTO services_ward (id, name, district_id) VALUES ('08245', 'Xã Trung Giáp', '233');
INSERT INTO services_ward (id, name, district_id) VALUES ('08248', 'Xã Tiên Phú', '233');
INSERT INTO services_ward (id, name, district_id) VALUES ('08251', 'Xã Hạ Giáp', '233');
INSERT INTO services_ward (id, name, district_id) VALUES ('08254', 'Xã Bảo Thanh', '233');
INSERT INTO services_ward (id, name, district_id) VALUES ('08257', 'Xã Phú Lộc', '233');
INSERT INTO services_ward (id, name, district_id) VALUES ('08260', 'Xã Gia Thanh', '233');
INSERT INTO services_ward (id, name, district_id) VALUES ('08263', 'Xã Tiên Du', '233');
INSERT INTO services_ward (id, name, district_id) VALUES ('08266', 'Xã Phú Nham', '233');
INSERT INTO services_ward (id, name, district_id) VALUES ('08272', 'Xã An Đạo', '233');
INSERT INTO services_ward (id, name, district_id) VALUES ('08275', 'Xã Bình Phú', '233');
INSERT INTO services_ward (id, name, district_id) VALUES ('08278', 'Xã Phù Ninh', '233');
INSERT INTO services_district (id, name, city_id) VALUES ('234', 'Huyện Yên Lập', '25');
INSERT INTO services_ward (id, name, district_id) VALUES ('08290', 'Thị trấn Yên Lập', '234');
INSERT INTO services_ward (id, name, district_id) VALUES ('08293', 'Xã Mỹ Lung', '234');
INSERT INTO services_ward (id, name, district_id) VALUES ('08296', 'Xã Mỹ Lương', '234');
INSERT INTO services_ward (id, name, district_id) VALUES ('08299', 'Xã Lương Sơn', '234');
INSERT INTO services_ward (id, name, district_id) VALUES ('08302', 'Xã Xuân An', '234');
INSERT INTO services_ward (id, name, district_id) VALUES ('08305', 'Xã Xuân Viên', '234');
INSERT INTO services_ward (id, name, district_id) VALUES ('08308', 'Xã Xuân Thủy', '234');
INSERT INTO services_ward (id, name, district_id) VALUES ('08311', 'Xã Trung Sơn', '234');
INSERT INTO services_ward (id, name, district_id) VALUES ('08314', 'Xã Hưng Long', '234');
INSERT INTO services_ward (id, name, district_id) VALUES ('08317', 'Xã Nga Hoàng', '234');
INSERT INTO services_ward (id, name, district_id) VALUES ('08320', 'Xã Đồng Lạc', '234');
INSERT INTO services_ward (id, name, district_id) VALUES ('08323', 'Xã Thượng Long', '234');
INSERT INTO services_ward (id, name, district_id) VALUES ('08326', 'Xã Đồng Thịnh', '234');
INSERT INTO services_ward (id, name, district_id) VALUES ('08329', 'Xã Phúc Khánh', '234');
INSERT INTO services_ward (id, name, district_id) VALUES ('08332', 'Xã Minh Hòa', '234');
INSERT INTO services_ward (id, name, district_id) VALUES ('08335', 'Xã Ngọc Lập', '234');
INSERT INTO services_ward (id, name, district_id) VALUES ('08338', 'Xã Ngọc Đồng', '234');
INSERT INTO services_district (id, name, city_id) VALUES ('235', 'Huyện Cẩm Khê', '25');
INSERT INTO services_ward (id, name, district_id) VALUES ('08341', 'Thị trấn Cẩm Khê', '235');
INSERT INTO services_ward (id, name, district_id) VALUES ('08344', 'Xã Tiên Lương', '235');
INSERT INTO services_ward (id, name, district_id) VALUES ('08350', 'Xã Minh Thắng', '235');
INSERT INTO services_ward (id, name, district_id) VALUES ('08353', 'Xã Minh Tân', '235');
INSERT INTO services_ward (id, name, district_id) VALUES ('08356', 'Xã Phượng Vĩ', '235');
INSERT INTO services_ward (id, name, district_id) VALUES ('08374', 'Xã Tùng Khê', '235');
INSERT INTO services_ward (id, name, district_id) VALUES ('08377', 'Xã Tam Sơn', '235');
INSERT INTO services_ward (id, name, district_id) VALUES ('08380', 'Xã Văn Bán', '235');
INSERT INTO services_ward (id, name, district_id) VALUES ('08389', 'Xã Phong Thịnh', '235');
INSERT INTO services_ward (id, name, district_id) VALUES ('08398', 'Xã Phú Khê', '235');
INSERT INTO services_ward (id, name, district_id) VALUES ('08401', 'Xã Hương Lung', '235');
INSERT INTO services_ward (id, name, district_id) VALUES ('08413', 'Xã Nhật Tiến', '235');
INSERT INTO services_ward (id, name, district_id) VALUES ('08416', 'Xã Hùng Việt', '235');
INSERT INTO services_ward (id, name, district_id) VALUES ('08422', 'Xã Yên Dưỡng', '235');
INSERT INTO services_ward (id, name, district_id) VALUES ('08428', 'Xã Điêu Lương', '235');
INSERT INTO services_ward (id, name, district_id) VALUES ('08431', 'Xã Đồng Lương', '235');
INSERT INTO services_district (id, name, city_id) VALUES ('236', 'Huyện Tam Nông', '25');
INSERT INTO services_ward (id, name, district_id) VALUES ('08434', 'Thị trấn Hưng Hoá', '236');
INSERT INTO services_ward (id, name, district_id) VALUES ('08440', 'Xã Hiền Quan', '236');
INSERT INTO services_ward (id, name, district_id) VALUES ('08443', 'Xã Bắc Sơn', '236');
INSERT INTO services_ward (id, name, district_id) VALUES ('08446', 'Xã Thanh Uyên', '236');
INSERT INTO services_ward (id, name, district_id) VALUES ('08461', 'Xã Lam Sơn', '236');
INSERT INTO services_ward (id, name, district_id) VALUES ('08467', 'Xã Vạn Xuân', '236');
INSERT INTO services_ward (id, name, district_id) VALUES ('08470', 'Xã Quang Húc', '236');
INSERT INTO services_ward (id, name, district_id) VALUES ('08473', 'Xã Hương Nộn', '236');
INSERT INTO services_ward (id, name, district_id) VALUES ('08476', 'Xã Tề Lễ', '236');
INSERT INTO services_ward (id, name, district_id) VALUES ('08479', 'Xã Thọ Văn', '236');
INSERT INTO services_ward (id, name, district_id) VALUES ('08482', 'Xã Dị Nậu', '236');
INSERT INTO services_ward (id, name, district_id) VALUES ('08491', 'Xã Dân Quyền', '236');
INSERT INTO services_district (id, name, city_id) VALUES ('237', 'Huyện Lâm Thao', '25');
INSERT INTO services_ward (id, name, district_id) VALUES ('08494', 'Thị trấn Lâm Thao', '237');
INSERT INTO services_ward (id, name, district_id) VALUES ('08497', 'Xã Tiên Kiên', '237');
INSERT INTO services_ward (id, name, district_id) VALUES ('08498', 'Thị trấn Hùng Sơn', '237');
INSERT INTO services_ward (id, name, district_id) VALUES ('08500', 'Xã Xuân Lũng', '237');
INSERT INTO services_ward (id, name, district_id) VALUES ('08509', 'Xã Xuân Huy', '237');
INSERT INTO services_ward (id, name, district_id) VALUES ('08512', 'Xã Thạch Sơn', '237');
INSERT INTO services_ward (id, name, district_id) VALUES ('08518', 'Xã Sơn Vi', '237');
INSERT INTO services_ward (id, name, district_id) VALUES ('08521', 'Xã Phùng Nguyên', '237');
INSERT INTO services_ward (id, name, district_id) VALUES ('08527', 'Xã Cao Xá', '237');
INSERT INTO services_ward (id, name, district_id) VALUES ('08533', 'Xã Vĩnh Lại', '237');
INSERT INTO services_ward (id, name, district_id) VALUES ('08536', 'Xã Tứ Xã', '237');
INSERT INTO services_ward (id, name, district_id) VALUES ('08539', 'Xã Bản Nguyên', '237');
INSERT INTO services_district (id, name, city_id) VALUES ('238', 'Huyện Thanh Sơn', '25');
INSERT INTO services_ward (id, name, district_id) VALUES ('08542', 'Thị trấn Thanh Sơn', '238');
INSERT INTO services_ward (id, name, district_id) VALUES ('08563', 'Xã Sơn Hùng', '238');
INSERT INTO services_ward (id, name, district_id) VALUES ('08572', 'Xã Địch Quả', '238');
INSERT INTO services_ward (id, name, district_id) VALUES ('08575', 'Xã Giáp Lai', '238');
INSERT INTO services_ward (id, name, district_id) VALUES ('08581', 'Xã Thục Luyện', '238');
INSERT INTO services_ward (id, name, district_id) VALUES ('08584', 'Xã Võ Miếu', '238');
INSERT INTO services_ward (id, name, district_id) VALUES ('08587', 'Xã Thạch Khoán', '238');
INSERT INTO services_ward (id, name, district_id) VALUES ('08602', 'Xã Cự Thắng', '238');
INSERT INTO services_ward (id, name, district_id) VALUES ('08605', 'Xã Tất Thắng', '238');
INSERT INTO services_ward (id, name, district_id) VALUES ('08611', 'Xã Văn Miếu', '238');
INSERT INTO services_ward (id, name, district_id) VALUES ('08614', 'Xã Cự Đồng', '238');
INSERT INTO services_ward (id, name, district_id) VALUES ('08623', 'Xã Thắng Sơn', '238');
INSERT INTO services_ward (id, name, district_id) VALUES ('08629', 'Xã Tân Minh', '238');
INSERT INTO services_ward (id, name, district_id) VALUES ('08632', 'Xã Hương Cần', '238');
INSERT INTO services_ward (id, name, district_id) VALUES ('08635', 'Xã Khả Cửu', '238');
INSERT INTO services_ward (id, name, district_id) VALUES ('08638', 'Xã Đông Cửu', '238');
INSERT INTO services_ward (id, name, district_id) VALUES ('08641', 'Xã Tân Lập', '238');
INSERT INTO services_ward (id, name, district_id) VALUES ('08644', 'Xã Yên Lãng', '238');
INSERT INTO services_ward (id, name, district_id) VALUES ('08647', 'Xã Yên Lương', '238');
INSERT INTO services_ward (id, name, district_id) VALUES ('08650', 'Xã Thượng Cửu', '238');
INSERT INTO services_ward (id, name, district_id) VALUES ('08653', 'Xã Lương Nha', '238');
INSERT INTO services_ward (id, name, district_id) VALUES ('08656', 'Xã Yên Sơn', '238');
INSERT INTO services_ward (id, name, district_id) VALUES ('08659', 'Xã Tinh Nhuệ', '238');
INSERT INTO services_district (id, name, city_id) VALUES ('239', 'Huyện Thanh Thuỷ', '25');
INSERT INTO services_ward (id, name, district_id) VALUES ('08662', 'Xã Đào Xá', '239');
INSERT INTO services_ward (id, name, district_id) VALUES ('08665', 'Xã Thạch Đồng', '239');
INSERT INTO services_ward (id, name, district_id) VALUES ('08668', 'Xã Xuân Lộc', '239');
INSERT INTO services_ward (id, name, district_id) VALUES ('08671', 'Xã Tân Phương', '239');
INSERT INTO services_ward (id, name, district_id) VALUES ('08674', 'Thị trấn Thanh Thủy', '239');
INSERT INTO services_ward (id, name, district_id) VALUES ('08677', 'Xã Sơn Thủy', '239');
INSERT INTO services_ward (id, name, district_id) VALUES ('08680', 'Xã Bảo Yên', '239');
INSERT INTO services_ward (id, name, district_id) VALUES ('08683', 'Xã Đoan Hạ', '239');
INSERT INTO services_ward (id, name, district_id) VALUES ('08686', 'Xã Đồng Trung', '239');
INSERT INTO services_ward (id, name, district_id) VALUES ('08689', 'Xã Hoàng Xá', '239');
INSERT INTO services_ward (id, name, district_id) VALUES ('08701', 'Xã Tu Vũ', '239');
INSERT INTO services_district (id, name, city_id) VALUES ('240', 'Huyện Tân Sơn', '25');
INSERT INTO services_ward (id, name, district_id) VALUES ('08545', 'Xã Thu Cúc', '240');
INSERT INTO services_ward (id, name, district_id) VALUES ('08548', 'Xã Thạch Kiệt', '240');
INSERT INTO services_ward (id, name, district_id) VALUES ('08551', 'Xã Thu Ngạc', '240');
INSERT INTO services_ward (id, name, district_id) VALUES ('08554', 'Xã Kiệt Sơn', '240');
INSERT INTO services_ward (id, name, district_id) VALUES ('08557', 'Xã Đồng Sơn', '240');
INSERT INTO services_ward (id, name, district_id) VALUES ('08560', 'Xã Lai Đồng', '240');
INSERT INTO services_ward (id, name, district_id) VALUES ('08566', 'Thị trấn Tân Phú', '240');
INSERT INTO services_ward (id, name, district_id) VALUES ('08569', 'Xã Mỹ Thuận', '240');
INSERT INTO services_ward (id, name, district_id) VALUES ('08578', 'Xã Tân Sơn', '240');
INSERT INTO services_ward (id, name, district_id) VALUES ('08590', 'Xã Xuân Đài', '240');
INSERT INTO services_ward (id, name, district_id) VALUES ('08593', 'Xã Minh Đài', '240');
INSERT INTO services_ward (id, name, district_id) VALUES ('08596', 'Xã Văn Luông', '240');
INSERT INTO services_ward (id, name, district_id) VALUES ('08599', 'Xã Xuân Sơn', '240');
INSERT INTO services_ward (id, name, district_id) VALUES ('08608', 'Xã Long Cốc', '240');
INSERT INTO services_ward (id, name, district_id) VALUES ('08617', 'Xã Kim Thượng', '240');
INSERT INTO services_ward (id, name, district_id) VALUES ('08620', 'Xã Tam Thanh', '240');
INSERT INTO services_ward (id, name, district_id) VALUES ('08626', 'Xã Vinh Tiền', '240');
INSERT INTO services_city (id, name) VALUES ('26', 'Tỉnh Vĩnh Phúc');
INSERT INTO services_district (id, name, city_id) VALUES ('243', 'Thành phố Vĩnh Yên', '26');
INSERT INTO services_ward (id, name, district_id) VALUES ('08707', 'Phường Tích Sơn', '243');
INSERT INTO services_ward (id, name, district_id) VALUES ('08710', 'Phường Liên Bảo', '243');
INSERT INTO services_ward (id, name, district_id) VALUES ('08713', 'Phường Hội Hợp', '243');
INSERT INTO services_ward (id, name, district_id) VALUES ('08716', 'Phường Đống Đa', '243');
INSERT INTO services_ward (id, name, district_id) VALUES ('08719', 'Phường Ngô Quyền', '243');
INSERT INTO services_ward (id, name, district_id) VALUES ('08722', 'Phường Đồng Tâm', '243');
INSERT INTO services_ward (id, name, district_id) VALUES ('08725', 'Phường Định Trung', '243');
INSERT INTO services_ward (id, name, district_id) VALUES ('08728', 'Phường Khai Quang', '243');
INSERT INTO services_ward (id, name, district_id) VALUES ('08731', 'Xã Thanh Trù', '243');
INSERT INTO services_district (id, name, city_id) VALUES ('244', 'Thành phố Phúc Yên', '26');
INSERT INTO services_ward (id, name, district_id) VALUES ('08737', 'Phường Hùng Vương', '244');
INSERT INTO services_ward (id, name, district_id) VALUES ('08740', 'Phường Hai Bà Trưng', '244');
INSERT INTO services_ward (id, name, district_id) VALUES ('08743', 'Phường Phúc Thắng', '244');
INSERT INTO services_ward (id, name, district_id) VALUES ('08746', 'Phường Xuân Hoà', '244');
INSERT INTO services_ward (id, name, district_id) VALUES ('08747', 'Phường Đồng Xuân', '244');
INSERT INTO services_ward (id, name, district_id) VALUES ('08749', 'Xã Ngọc Thanh', '244');
INSERT INTO services_ward (id, name, district_id) VALUES ('08752', 'Xã Cao Minh', '244');
INSERT INTO services_ward (id, name, district_id) VALUES ('08755', 'Phường Nam Viêm', '244');
INSERT INTO services_ward (id, name, district_id) VALUES ('08758', 'Phường Tiền Châu', '244');
INSERT INTO services_district (id, name, city_id) VALUES ('246', 'Huyện Lập Thạch', '26');
INSERT INTO services_ward (id, name, district_id) VALUES ('08761', 'Thị trấn Lập Thạch', '246');
INSERT INTO services_ward (id, name, district_id) VALUES ('08764', 'Xã Quang Sơn', '246');
INSERT INTO services_ward (id, name, district_id) VALUES ('08767', 'Xã Ngọc Mỹ', '246');
INSERT INTO services_ward (id, name, district_id) VALUES ('08770', 'Xã Hợp Lý', '246');
INSERT INTO services_ward (id, name, district_id) VALUES ('08785', 'Xã Bắc Bình', '246');
INSERT INTO services_ward (id, name, district_id) VALUES ('08788', 'Xã Thái Hòa', '246');
INSERT INTO services_ward (id, name, district_id) VALUES ('08789', 'Thị trấn Hoa Sơn', '246');
INSERT INTO services_ward (id, name, district_id) VALUES ('08791', 'Xã Liễn Sơn', '246');
INSERT INTO services_ward (id, name, district_id) VALUES ('08794', 'Xã Xuân Hòa', '246');
INSERT INTO services_ward (id, name, district_id) VALUES ('08797', 'Xã Vân Trục', '246');
INSERT INTO services_ward (id, name, district_id) VALUES ('08812', 'Xã Liên Hòa', '246');
INSERT INTO services_ward (id, name, district_id) VALUES ('08815', 'Xã Tử Du', '246');
INSERT INTO services_ward (id, name, district_id) VALUES ('08833', 'Xã Bàn Giản', '246');
INSERT INTO services_ward (id, name, district_id) VALUES ('08836', 'Xã Xuân Lôi', '246');
INSERT INTO services_ward (id, name, district_id) VALUES ('08839', 'Xã Đồng Ích', '246');
INSERT INTO services_ward (id, name, district_id) VALUES ('08842', 'Xã Tiên Lữ', '246');
INSERT INTO services_ward (id, name, district_id) VALUES ('08845', 'Xã Văn Quán', '246');
INSERT INTO services_ward (id, name, district_id) VALUES ('08863', 'Xã Tây Sơn', '246');
INSERT INTO services_ward (id, name, district_id) VALUES ('08866', 'Xã Sơn Đông', '246');
INSERT INTO services_district (id, name, city_id) VALUES ('247', 'Huyện Tam Dương', '26');
INSERT INTO services_ward (id, name, district_id) VALUES ('08869', 'Thị trấn Hợp Hòa', '247');
INSERT INTO services_ward (id, name, district_id) VALUES ('08872', 'Xã Hoàng Hoa', '247');
INSERT INTO services_ward (id, name, district_id) VALUES ('08875', 'Xã Đồng Tĩnh', '247');
INSERT INTO services_ward (id, name, district_id) VALUES ('08878', 'Thị trấn Kim Long', '247');
INSERT INTO services_ward (id, name, district_id) VALUES ('08881', 'Xã Hướng Đạo', '247');
INSERT INTO services_ward (id, name, district_id) VALUES ('08884', 'Xã Đạo Tú', '247');
INSERT INTO services_ward (id, name, district_id) VALUES ('08887', 'Xã An Hòa', '247');
INSERT INTO services_ward (id, name, district_id) VALUES ('08890', 'Xã Thanh Vân', '247');
INSERT INTO services_ward (id, name, district_id) VALUES ('08893', 'Xã Duy Phiên', '247');
INSERT INTO services_ward (id, name, district_id) VALUES ('08896', 'Xã Hoàng Đan', '247');
INSERT INTO services_ward (id, name, district_id) VALUES ('08899', 'Xã Hoàng Lâu', '247');
INSERT INTO services_ward (id, name, district_id) VALUES ('08905', 'Xã Hội Thịnh', '247');
INSERT INTO services_district (id, name, city_id) VALUES ('248', 'Huyện Tam Đảo', '26');
INSERT INTO services_ward (id, name, district_id) VALUES ('08908', 'Thị trấn Tam Đảo', '248');
INSERT INTO services_ward (id, name, district_id) VALUES ('08911', 'Thị trấn Hợp Châu', '248');
INSERT INTO services_ward (id, name, district_id) VALUES ('08914', 'Xã Đạo Trù', '248');
INSERT INTO services_ward (id, name, district_id) VALUES ('08917', 'Xã Yên Dương', '248');
INSERT INTO services_ward (id, name, district_id) VALUES ('08920', 'Xã Bồ Lý', '248');
INSERT INTO services_ward (id, name, district_id) VALUES ('08923', 'Thị trấn Đại Đình', '248');
INSERT INTO services_ward (id, name, district_id) VALUES ('08926', 'Xã Tam Quan', '248');
INSERT INTO services_ward (id, name, district_id) VALUES ('08929', 'Xã Hồ Sơn', '248');
INSERT INTO services_ward (id, name, district_id) VALUES ('08932', 'Xã Minh Quang', '248');
INSERT INTO services_district (id, name, city_id) VALUES ('249', 'Huyện Bình Xuyên', '26');
INSERT INTO services_ward (id, name, district_id) VALUES ('08935', 'Thị trấn Hương Canh', '249');
INSERT INTO services_ward (id, name, district_id) VALUES ('08936', 'Thị trấn Gia Khánh', '249');
INSERT INTO services_ward (id, name, district_id) VALUES ('08938', 'Xã Trung Mỹ', '249');
INSERT INTO services_ward (id, name, district_id) VALUES ('08944', 'Thị trấn Bá Hiến', '249');
INSERT INTO services_ward (id, name, district_id) VALUES ('08947', 'Xã Thiện Kế', '249');
INSERT INTO services_ward (id, name, district_id) VALUES ('08950', 'Xã Hương Sơn', '249');
INSERT INTO services_ward (id, name, district_id) VALUES ('08953', 'Xã Tam Hợp', '249');
INSERT INTO services_ward (id, name, district_id) VALUES ('08956', 'Xã Quất Lưu', '249');
INSERT INTO services_ward (id, name, district_id) VALUES ('08959', 'Xã Sơn Lôi', '249');
INSERT INTO services_ward (id, name, district_id) VALUES ('08962', 'Thị trấn Đạo Đức', '249');
INSERT INTO services_ward (id, name, district_id) VALUES ('08965', 'Xã Tân Phong', '249');
INSERT INTO services_ward (id, name, district_id) VALUES ('08968', 'Thị trấn Thanh Lãng', '249');
INSERT INTO services_ward (id, name, district_id) VALUES ('08971', 'Xã Phú Xuân', '249');
INSERT INTO services_district (id, name, city_id) VALUES ('251', 'Huyện Yên Lạc', '26');
INSERT INTO services_ward (id, name, district_id) VALUES ('09025', 'Thị trấn Yên Lạc', '251');
INSERT INTO services_ward (id, name, district_id) VALUES ('09028', 'Xã Đồng Cương', '251');
INSERT INTO services_ward (id, name, district_id) VALUES ('09031', 'Xã Đồng Văn', '251');
INSERT INTO services_ward (id, name, district_id) VALUES ('09034', 'Xã Bình Định', '251');
INSERT INTO services_ward (id, name, district_id) VALUES ('09037', 'Xã Trung Nguyên', '251');
INSERT INTO services_ward (id, name, district_id) VALUES ('09040', 'Xã Tề Lỗ', '251');
INSERT INTO services_ward (id, name, district_id) VALUES ('09043', 'Thị trấn Tam Hồng', '251');
INSERT INTO services_ward (id, name, district_id) VALUES ('09046', 'Xã Yên Đồng', '251');
INSERT INTO services_ward (id, name, district_id) VALUES ('09049', 'Xã Văn Tiến', '251');
INSERT INTO services_ward (id, name, district_id) VALUES ('09052', 'Xã Nguyệt Đức', '251');
INSERT INTO services_ward (id, name, district_id) VALUES ('09055', 'Xã Yên Phương', '251');
INSERT INTO services_ward (id, name, district_id) VALUES ('09061', 'Xã Trung Kiên', '251');
INSERT INTO services_ward (id, name, district_id) VALUES ('09064', 'Xã Liên Châu', '251');
INSERT INTO services_ward (id, name, district_id) VALUES ('09067', 'Xã Đại Tự', '251');
INSERT INTO services_ward (id, name, district_id) VALUES ('09070', 'Xã Hồng Châu', '251');
INSERT INTO services_ward (id, name, district_id) VALUES ('09073', 'Xã Trung Hà', '251');
INSERT INTO services_district (id, name, city_id) VALUES ('252', 'Huyện Vĩnh Tường', '26');
INSERT INTO services_ward (id, name, district_id) VALUES ('09076', 'Thị trấn Vĩnh Tường', '252');
INSERT INTO services_ward (id, name, district_id) VALUES ('09079', 'Xã Kim Xá', '252');
INSERT INTO services_ward (id, name, district_id) VALUES ('09082', 'Xã Yên Bình', '252');
INSERT INTO services_ward (id, name, district_id) VALUES ('09085', 'Xã Chấn Hưng', '252');
INSERT INTO services_ward (id, name, district_id) VALUES ('09088', 'Xã Nghĩa Hưng', '252');
INSERT INTO services_ward (id, name, district_id) VALUES ('09091', 'Xã Yên Lập', '252');
INSERT INTO services_ward (id, name, district_id) VALUES ('09097', 'Xã Sao Đại Việt', '252');
INSERT INTO services_ward (id, name, district_id) VALUES ('09100', 'Xã Đại Đồng', '252');
INSERT INTO services_ward (id, name, district_id) VALUES ('09106', 'Xã Lũng Hoà', '252');
INSERT INTO services_ward (id, name, district_id) VALUES ('09112', 'Thị trấn Thổ Tang', '252');
INSERT INTO services_ward (id, name, district_id) VALUES ('09118', 'Xã Lương Điền', '252');
INSERT INTO services_ward (id, name, district_id) VALUES ('09124', 'Xã Tân Phú', '252');
INSERT INTO services_ward (id, name, district_id) VALUES ('09127', 'Xã Thượng Trưng', '252');
INSERT INTO services_ward (id, name, district_id) VALUES ('09130', 'Xã Vũ Di', '252');
INSERT INTO services_ward (id, name, district_id) VALUES ('09136', 'Xã Tuân Chính', '252');
INSERT INTO services_ward (id, name, district_id) VALUES ('09145', 'Thị trấn Tứ Trưng', '252');
INSERT INTO services_ward (id, name, district_id) VALUES ('09148', 'Xã Ngũ Kiên', '252');
INSERT INTO services_ward (id, name, district_id) VALUES ('09151', 'Xã An Nhân', '252');
INSERT INTO services_ward (id, name, district_id) VALUES ('09154', 'Xã Vĩnh Thịnh', '252');
INSERT INTO services_ward (id, name, district_id) VALUES ('09157', 'Xã Vĩnh Phú', '252');
INSERT INTO services_district (id, name, city_id) VALUES ('253', 'Huyện Sông Lô', '26');
INSERT INTO services_ward (id, name, district_id) VALUES ('08773', 'Xã Lãng Công', '253');
INSERT INTO services_ward (id, name, district_id) VALUES ('08776', 'Xã Quang Yên', '253');
INSERT INTO services_ward (id, name, district_id) VALUES ('08782', 'Xã Hải Lựu', '253');
INSERT INTO services_ward (id, name, district_id) VALUES ('08800', 'Xã Đồng Quế', '253');
INSERT INTO services_ward (id, name, district_id) VALUES ('08803', 'Xã Nhân Đạo', '253');
INSERT INTO services_ward (id, name, district_id) VALUES ('08806', 'Xã Đôn Nhân', '253');
INSERT INTO services_ward (id, name, district_id) VALUES ('08809', 'Xã Phương Khoan', '253');
INSERT INTO services_ward (id, name, district_id) VALUES ('08818', 'Xã Tân Lập', '253');
INSERT INTO services_ward (id, name, district_id) VALUES ('08824', 'Thị trấn Tam Sơn', '253');
INSERT INTO services_ward (id, name, district_id) VALUES ('08830', 'Xã Yên Thạch', '253');
INSERT INTO services_ward (id, name, district_id) VALUES ('08848', 'Xã Đồng Thịnh', '253');
INSERT INTO services_ward (id, name, district_id) VALUES ('08851', 'Xã Tứ Yên', '253');
INSERT INTO services_ward (id, name, district_id) VALUES ('08854', 'Xã Đức Bác', '253');
INSERT INTO services_ward (id, name, district_id) VALUES ('08860', 'Xã Cao Phong', '253');
INSERT INTO services_city (id, name) VALUES ('27', 'Tỉnh Bắc Ninh');
INSERT INTO services_district (id, name, city_id) VALUES ('256', 'Thành phố Bắc Ninh', '27');
INSERT INTO services_ward (id, name, district_id) VALUES ('09163', 'Phường Vũ Ninh', '256');
INSERT INTO services_ward (id, name, district_id) VALUES ('09166', 'Phường Đáp Cầu', '256');
INSERT INTO services_ward (id, name, district_id) VALUES ('09169', 'Phường Thị Cầu', '256');
INSERT INTO services_ward (id, name, district_id) VALUES ('09172', 'Phường Kinh Bắc', '256');
INSERT INTO services_ward (id, name, district_id) VALUES ('09181', 'Phường Đại Phúc', '256');
INSERT INTO services_ward (id, name, district_id) VALUES ('09184', 'Phường Tiền Ninh Vệ', '256');
INSERT INTO services_ward (id, name, district_id) VALUES ('09187', 'Phường Suối Hoa', '256');
INSERT INTO services_ward (id, name, district_id) VALUES ('09190', 'Phường Võ Cường', '256');
INSERT INTO services_ward (id, name, district_id) VALUES ('09214', 'Phường Hòa Long', '256');
INSERT INTO services_ward (id, name, district_id) VALUES ('09226', 'Phường Vạn An', '256');
INSERT INTO services_ward (id, name, district_id) VALUES ('09235', 'Phường Khúc Xuyên', '256');
INSERT INTO services_ward (id, name, district_id) VALUES ('09244', 'Phường Phong Khê', '256');
INSERT INTO services_ward (id, name, district_id) VALUES ('09256', 'Phường Kim Chân', '256');
INSERT INTO services_ward (id, name, district_id) VALUES ('09271', 'Phường Vân Dương', '256');
INSERT INTO services_ward (id, name, district_id) VALUES ('09286', 'Phường Nam Sơn', '256');
INSERT INTO services_ward (id, name, district_id) VALUES ('09325', 'Phường Khắc Niệm', '256');
INSERT INTO services_ward (id, name, district_id) VALUES ('09331', 'Phường Hạp Lĩnh', '256');
INSERT INTO services_district (id, name, city_id) VALUES ('258', 'Huyện Yên Phong', '27');
INSERT INTO services_ward (id, name, district_id) VALUES ('09193', 'Thị trấn Chờ', '258');
INSERT INTO services_ward (id, name, district_id) VALUES ('09196', 'Xã Dũng Liệt', '258');
INSERT INTO services_ward (id, name, district_id) VALUES ('09199', 'Xã Tam Đa', '258');
INSERT INTO services_ward (id, name, district_id) VALUES ('09202', 'Xã Tam Giang', '258');
INSERT INTO services_ward (id, name, district_id) VALUES ('09205', 'Xã Yên Trung', '258');
INSERT INTO services_ward (id, name, district_id) VALUES ('09208', 'Xã Thụy Hòa', '258');
INSERT INTO services_ward (id, name, district_id) VALUES ('09211', 'Xã Hòa Tiến', '258');
INSERT INTO services_ward (id, name, district_id) VALUES ('09217', 'Xã Đông Tiến', '258');
INSERT INTO services_ward (id, name, district_id) VALUES ('09220', 'Xã Yên Phụ', '258');
INSERT INTO services_ward (id, name, district_id) VALUES ('09223', 'Xã Trung Nghĩa', '258');
INSERT INTO services_ward (id, name, district_id) VALUES ('09229', 'Xã Đông Phong', '258');
INSERT INTO services_ward (id, name, district_id) VALUES ('09232', 'Xã Long Châu', '258');
INSERT INTO services_ward (id, name, district_id) VALUES ('09238', 'Xã Văn Môn', '258');
INSERT INTO services_ward (id, name, district_id) VALUES ('09241', 'Xã Đông Thọ', '258');
INSERT INTO services_district (id, name, city_id) VALUES ('259', 'Thị xã Quế Võ', '27');
INSERT INTO services_ward (id, name, district_id) VALUES ('09247', 'Phường Phố Mới', '259');
INSERT INTO services_ward (id, name, district_id) VALUES ('09250', 'Xã Việt Thống', '259');
INSERT INTO services_ward (id, name, district_id) VALUES ('09253', 'Phường Đại Xuân', '259');
INSERT INTO services_ward (id, name, district_id) VALUES ('09259', 'Phường Nhân Hòa', '259');
INSERT INTO services_ward (id, name, district_id) VALUES ('09262', 'Phường Bằng An', '259');
INSERT INTO services_ward (id, name, district_id) VALUES ('09265', 'Phường Phương Liễu', '259');
INSERT INTO services_ward (id, name, district_id) VALUES ('09268', 'Phường Quế Tân', '259');
INSERT INTO services_ward (id, name, district_id) VALUES ('09274', 'Phường Phù Lương', '259');
INSERT INTO services_ward (id, name, district_id) VALUES ('09277', 'Xã Phù Lãng', '259');
INSERT INTO services_ward (id, name, district_id) VALUES ('09280', 'Phường Phượng Mao', '259');
INSERT INTO services_ward (id, name, district_id) VALUES ('09283', 'Phường Việt Hùng', '259');
INSERT INTO services_ward (id, name, district_id) VALUES ('09289', 'Xã Ngọc Xá', '259');
INSERT INTO services_ward (id, name, district_id) VALUES ('09292', 'Xã Châu Phong', '259');
INSERT INTO services_ward (id, name, district_id) VALUES ('09295', 'Phường Bồng Lai', '259');
INSERT INTO services_ward (id, name, district_id) VALUES ('09298', 'Phường Cách Bi', '259');
INSERT INTO services_ward (id, name, district_id) VALUES ('09301', 'Xã Đào Viên', '259');
INSERT INTO services_ward (id, name, district_id) VALUES ('09304', 'Xã Yên Giả', '259');
INSERT INTO services_ward (id, name, district_id) VALUES ('09307', 'Xã Mộ Đạo', '259');
INSERT INTO services_ward (id, name, district_id) VALUES ('09310', 'Xã Đức Long', '259');
INSERT INTO services_ward (id, name, district_id) VALUES ('09313', 'Xã Chi Lăng', '259');
INSERT INTO services_district (id, name, city_id) VALUES ('260', 'Huyện Tiên Du', '27');
INSERT INTO services_ward (id, name, district_id) VALUES ('09319', 'Thị trấn Lim', '260');
INSERT INTO services_ward (id, name, district_id) VALUES ('09322', 'Xã Phú Lâm', '260');
INSERT INTO services_ward (id, name, district_id) VALUES ('09328', 'Xã Nội Duệ', '260');
INSERT INTO services_ward (id, name, district_id) VALUES ('09334', 'Xã Liên Bão', '260');
INSERT INTO services_ward (id, name, district_id) VALUES ('09337', 'Xã Hiên Vân', '260');
INSERT INTO services_ward (id, name, district_id) VALUES ('09340', 'Xã Hoàn Sơn', '260');
INSERT INTO services_ward (id, name, district_id) VALUES ('09343', 'Xã Lạc Vệ', '260');
INSERT INTO services_ward (id, name, district_id) VALUES ('09346', 'Xã Việt Đoàn', '260');
INSERT INTO services_ward (id, name, district_id) VALUES ('09349', 'Xã Phật Tích', '260');
INSERT INTO services_ward (id, name, district_id) VALUES ('09352', 'Xã Tân Chi', '260');
INSERT INTO services_ward (id, name, district_id) VALUES ('09355', 'Xã Đại Đồng', '260');
INSERT INTO services_ward (id, name, district_id) VALUES ('09358', 'Xã Tri Phương', '260');
INSERT INTO services_ward (id, name, district_id) VALUES ('09361', 'Xã Minh Đạo', '260');
INSERT INTO services_ward (id, name, district_id) VALUES ('09364', 'Xã Cảnh Hưng', '260');
INSERT INTO services_district (id, name, city_id) VALUES ('261', 'Thành phố Từ Sơn', '27');
INSERT INTO services_ward (id, name, district_id) VALUES ('09367', 'Phường Đông Ngàn', '261');
INSERT INTO services_ward (id, name, district_id) VALUES ('09370', 'Phường Tam Sơn', '261');
INSERT INTO services_ward (id, name, district_id) VALUES ('09373', 'Phường Hương Mạc', '261');
INSERT INTO services_ward (id, name, district_id) VALUES ('09376', 'Phường Tương Giang', '261');
INSERT INTO services_ward (id, name, district_id) VALUES ('09379', 'Phường Phù Khê', '261');
INSERT INTO services_ward (id, name, district_id) VALUES ('09382', 'Phường Đồng Kỵ', '261');
INSERT INTO services_ward (id, name, district_id) VALUES ('09383', 'Phường Trang Hạ', '261');
INSERT INTO services_ward (id, name, district_id) VALUES ('09385', 'Phường Đồng Nguyên', '261');
INSERT INTO services_ward (id, name, district_id) VALUES ('09388', 'Phường Châu Khê', '261');
INSERT INTO services_ward (id, name, district_id) VALUES ('09391', 'Phường Tân Hồng', '261');
INSERT INTO services_ward (id, name, district_id) VALUES ('09394', 'Phường Đình Bảng', '261');
INSERT INTO services_ward (id, name, district_id) VALUES ('09397', 'Phường Phù Chẩn', '261');
INSERT INTO services_district (id, name, city_id) VALUES ('262', 'Thị xã Thuận Thành', '27');
INSERT INTO services_ward (id, name, district_id) VALUES ('09400', 'Phường Hồ', '262');
INSERT INTO services_ward (id, name, district_id) VALUES ('09403', 'Xã Hoài Thượng', '262');
INSERT INTO services_ward (id, name, district_id) VALUES ('09406', 'Xã Đại Đồng Thành', '262');
INSERT INTO services_ward (id, name, district_id) VALUES ('09409', 'Xã Mão Điền', '262');
INSERT INTO services_ward (id, name, district_id) VALUES ('09412', 'Phường Song Hồ', '262');
INSERT INTO services_ward (id, name, district_id) VALUES ('09415', 'Xã Đình Tổ', '262');
INSERT INTO services_ward (id, name, district_id) VALUES ('09418', 'Phường An Bình', '262');
INSERT INTO services_ward (id, name, district_id) VALUES ('09421', 'Phường Trí Quả', '262');
INSERT INTO services_ward (id, name, district_id) VALUES ('09424', 'Phường Gia Đông', '262');
INSERT INTO services_ward (id, name, district_id) VALUES ('09427', 'Phường Thanh Khương', '262');
INSERT INTO services_ward (id, name, district_id) VALUES ('09430', 'Phường Trạm Lộ', '262');
INSERT INTO services_ward (id, name, district_id) VALUES ('09433', 'Phường Xuân Lâm', '262');
INSERT INTO services_ward (id, name, district_id) VALUES ('09436', 'Phường Hà Mãn', '262');
INSERT INTO services_ward (id, name, district_id) VALUES ('09439', 'Xã Ngũ Thái', '262');
INSERT INTO services_ward (id, name, district_id) VALUES ('09442', 'Xã Nguyệt Đức', '262');
INSERT INTO services_ward (id, name, district_id) VALUES ('09445', 'Phường Ninh Xá', '262');
INSERT INTO services_ward (id, name, district_id) VALUES ('09448', 'Xã Nghĩa Đạo', '262');
INSERT INTO services_ward (id, name, district_id) VALUES ('09451', 'Xã Song Liễu', '262');
INSERT INTO services_district (id, name, city_id) VALUES ('263', 'Huyện Gia Bình', '27');
INSERT INTO services_ward (id, name, district_id) VALUES ('09454', 'Thị trấn Gia Bình', '263');
INSERT INTO services_ward (id, name, district_id) VALUES ('09457', 'Xã Vạn Ninh', '263');
INSERT INTO services_ward (id, name, district_id) VALUES ('09460', 'Xã Thái Bảo', '263');
INSERT INTO services_ward (id, name, district_id) VALUES ('09463', 'Xã Giang Sơn', '263');
INSERT INTO services_ward (id, name, district_id) VALUES ('09466', 'Xã Cao Đức', '263');
INSERT INTO services_ward (id, name, district_id) VALUES ('09469', 'Xã Đại Lai', '263');
INSERT INTO services_ward (id, name, district_id) VALUES ('09472', 'Xã Song Giang', '263');
INSERT INTO services_ward (id, name, district_id) VALUES ('09475', 'Xã Bình Dương', '263');
INSERT INTO services_ward (id, name, district_id) VALUES ('09478', 'Xã Lãng Ngâm', '263');
INSERT INTO services_ward (id, name, district_id) VALUES ('09481', 'Thị trấn Nhân Thắng', '263');
INSERT INTO services_ward (id, name, district_id) VALUES ('09484', 'Xã Xuân Lai', '263');
INSERT INTO services_ward (id, name, district_id) VALUES ('09487', 'Xã Đông Cứu', '263');
INSERT INTO services_ward (id, name, district_id) VALUES ('09490', 'Xã Đại Bái', '263');
INSERT INTO services_ward (id, name, district_id) VALUES ('09493', 'Xã Quỳnh Phú', '263');
INSERT INTO services_district (id, name, city_id) VALUES ('264', 'Huyện Lương Tài', '27');
INSERT INTO services_ward (id, name, district_id) VALUES ('09496', 'Thị trấn Thứa', '264');
INSERT INTO services_ward (id, name, district_id) VALUES ('09499', 'Xã An Thịnh', '264');
INSERT INTO services_ward (id, name, district_id) VALUES ('09502', 'Xã Trung Kênh', '264');
INSERT INTO services_ward (id, name, district_id) VALUES ('09505', 'Xã Phú Hòa', '264');
INSERT INTO services_ward (id, name, district_id) VALUES ('09508', 'Xã An Tập', '264');
INSERT INTO services_ward (id, name, district_id) VALUES ('09511', 'Xã Tân Lãng', '264');
INSERT INTO services_ward (id, name, district_id) VALUES ('09514', 'Xã Quảng Phú', '264');
INSERT INTO services_ward (id, name, district_id) VALUES ('09517', 'Xã Quang Minh', '264');
INSERT INTO services_ward (id, name, district_id) VALUES ('09523', 'Xã Trung Chính', '264');
INSERT INTO services_ward (id, name, district_id) VALUES ('09529', 'Xã Bình Định', '264');
INSERT INTO services_ward (id, name, district_id) VALUES ('09532', 'Xã Phú Lương', '264');
INSERT INTO services_ward (id, name, district_id) VALUES ('09535', 'Xã Lâm Thao', '264');
INSERT INTO services_city (id, name) VALUES ('30', 'Tỉnh Hải Dương');
INSERT INTO services_district (id, name, city_id) VALUES ('288', 'Thành phố Hải Dương', '30');
INSERT INTO services_ward (id, name, district_id) VALUES ('10507', 'Phường Cẩm Thượng', '288');
INSERT INTO services_ward (id, name, district_id) VALUES ('10510', 'Phường Bình Hàn', '288');
INSERT INTO services_ward (id, name, district_id) VALUES ('10513', 'Phường Ngọc Châu', '288');
INSERT INTO services_ward (id, name, district_id) VALUES ('10514', 'Phường Nhị Châu', '288');
INSERT INTO services_ward (id, name, district_id) VALUES ('10516', 'Phường Quang Trung', '288');
INSERT INTO services_ward (id, name, district_id) VALUES ('10519', 'Phường Nguyễn Trãi', '288');
INSERT INTO services_ward (id, name, district_id) VALUES ('10525', 'Phường Trần Hưng Đạo', '288');
INSERT INTO services_ward (id, name, district_id) VALUES ('10528', 'Phường Trần Phú', '288');
INSERT INTO services_ward (id, name, district_id) VALUES ('10531', 'Phường Thanh Bình', '288');
INSERT INTO services_ward (id, name, district_id) VALUES ('10532', 'Phường Tân Bình', '288');
INSERT INTO services_ward (id, name, district_id) VALUES ('10534', 'Phường Lê Thanh Nghị', '288');
INSERT INTO services_ward (id, name, district_id) VALUES ('10537', 'Phường Hải Tân', '288');
INSERT INTO services_ward (id, name, district_id) VALUES ('10540', 'Phường Tứ Minh', '288');
INSERT INTO services_ward (id, name, district_id) VALUES ('10543', 'Phường Việt Hoà', '288');
INSERT INTO services_ward (id, name, district_id) VALUES ('10660', 'Phường Ái Quốc', '288');
INSERT INTO services_ward (id, name, district_id) VALUES ('10663', 'Xã An Thượng', '288');
INSERT INTO services_ward (id, name, district_id) VALUES ('10672', 'Phường Nam Đồng', '288');
INSERT INTO services_ward (id, name, district_id) VALUES ('10822', 'Xã Quyết Thắng', '288');
INSERT INTO services_ward (id, name, district_id) VALUES ('10837', 'Xã Tiền Tiến', '288');
INSERT INTO services_ward (id, name, district_id) VALUES ('11002', 'Phường Thạch Khôi', '288');
INSERT INTO services_ward (id, name, district_id) VALUES ('11005', 'Xã Liên Hồng', '288');
INSERT INTO services_ward (id, name, district_id) VALUES ('11011', 'Phường Tân Hưng', '288');
INSERT INTO services_ward (id, name, district_id) VALUES ('11017', 'Xã Gia Xuyên', '288');
INSERT INTO services_ward (id, name, district_id) VALUES ('11077', 'Xã Ngọc Sơn', '288');
INSERT INTO services_district (id, name, city_id) VALUES ('290', 'Thành phố Chí Linh', '30');
INSERT INTO services_ward (id, name, district_id) VALUES ('10546', 'Phường Phả Lại', '290');
INSERT INTO services_ward (id, name, district_id) VALUES ('10549', 'Phường Sao Đỏ', '290');
INSERT INTO services_ward (id, name, district_id) VALUES ('10552', 'Phường Bến Tắm', '290');
INSERT INTO services_ward (id, name, district_id) VALUES ('10555', 'Xã Hoàng Hoa Thám', '290');
INSERT INTO services_ward (id, name, district_id) VALUES ('10558', 'Xã Bắc An', '290');
INSERT INTO services_ward (id, name, district_id) VALUES ('10561', 'Xã Hưng Đạo', '290');
INSERT INTO services_ward (id, name, district_id) VALUES ('10564', 'Xã Lê Lợi', '290');
INSERT INTO services_ward (id, name, district_id) VALUES ('10567', 'Phường Hoàng Tiến', '290');
INSERT INTO services_ward (id, name, district_id) VALUES ('10570', 'Phường Cộng Hoà', '290');
INSERT INTO services_ward (id, name, district_id) VALUES ('10573', 'Phường Hoàng Tân', '290');
INSERT INTO services_ward (id, name, district_id) VALUES ('10576', 'Phường Cổ Thành', '290');
INSERT INTO services_ward (id, name, district_id) VALUES ('10579', 'Phường Văn An', '290');
INSERT INTO services_ward (id, name, district_id) VALUES ('10582', 'Phường Chí Minh', '290');
INSERT INTO services_ward (id, name, district_id) VALUES ('10585', 'Phường Văn Đức', '290');
INSERT INTO services_ward (id, name, district_id) VALUES ('10588', 'Phường Thái Học', '290');
INSERT INTO services_ward (id, name, district_id) VALUES ('10591', 'Xã Nhân Huệ', '290');
INSERT INTO services_ward (id, name, district_id) VALUES ('10594', 'Phường An Lạc', '290');
INSERT INTO services_ward (id, name, district_id) VALUES ('10600', 'Phường Đồng Lạc', '290');
INSERT INTO services_ward (id, name, district_id) VALUES ('10603', 'Phường Tân Dân', '290');
INSERT INTO services_district (id, name, city_id) VALUES ('291', 'Huyện Nam Sách', '30');
INSERT INTO services_ward (id, name, district_id) VALUES ('10606', 'Thị trấn Nam Sách', '291');
INSERT INTO services_ward (id, name, district_id) VALUES ('10609', 'Xã Nam Hưng', '291');
INSERT INTO services_ward (id, name, district_id) VALUES ('10612', 'Xã Nam Tân', '291');
INSERT INTO services_ward (id, name, district_id) VALUES ('10615', 'Xã Hợp Tiến', '291');
INSERT INTO services_ward (id, name, district_id) VALUES ('10618', 'Xã Hiệp Cát', '291');
INSERT INTO services_ward (id, name, district_id) VALUES ('10621', 'Xã Quốc Tuấn', '291');
INSERT INTO services_ward (id, name, district_id) VALUES ('10630', 'Xã An Bình', '291');
INSERT INTO services_ward (id, name, district_id) VALUES ('10633', 'Xã Trần Phú', '291');
INSERT INTO services_ward (id, name, district_id) VALUES ('10636', 'Xã An Sơn', '291');
INSERT INTO services_ward (id, name, district_id) VALUES ('10639', 'Xã Cộng Hòa', '291');
INSERT INTO services_ward (id, name, district_id) VALUES ('10642', 'Xã Thái Tân', '291');
INSERT INTO services_ward (id, name, district_id) VALUES ('10645', 'Xã An Phú', '291');
INSERT INTO services_ward (id, name, district_id) VALUES ('10654', 'Xã Hồng Phong', '291');
INSERT INTO services_ward (id, name, district_id) VALUES ('10657', 'Xã Đồng Lạc', '291');
INSERT INTO services_ward (id, name, district_id) VALUES ('10666', 'Xã Minh Tân', '291');
INSERT INTO services_district (id, name, city_id) VALUES ('292', 'Thị xã Kinh Môn', '30');
INSERT INTO services_ward (id, name, district_id) VALUES ('10675', 'Phường An Lưu', '292');
INSERT INTO services_ward (id, name, district_id) VALUES ('10678', 'Xã Bạch Đằng', '292');
INSERT INTO services_ward (id, name, district_id) VALUES ('10681', 'Phường Thất Hùng', '292');
INSERT INTO services_ward (id, name, district_id) VALUES ('10684', 'Xã Lê Ninh', '292');
INSERT INTO services_ward (id, name, district_id) VALUES ('10693', 'Phường Phạm Thái', '292');
INSERT INTO services_ward (id, name, district_id) VALUES ('10696', 'Phường Duy Tân', '292');
INSERT INTO services_ward (id, name, district_id) VALUES ('10699', 'Phường Tân Dân', '292');
INSERT INTO services_ward (id, name, district_id) VALUES ('10702', 'Phường Minh Tân', '292');
INSERT INTO services_ward (id, name, district_id) VALUES ('10705', 'Xã Quang Thành', '292');
INSERT INTO services_ward (id, name, district_id) VALUES ('10708', 'Xã Hiệp Hòa', '292');
INSERT INTO services_ward (id, name, district_id) VALUES ('10714', 'Phường Phú Thứ', '292');
INSERT INTO services_ward (id, name, district_id) VALUES ('10717', 'Xã Thăng Long', '292');
INSERT INTO services_ward (id, name, district_id) VALUES ('10720', 'Xã Lạc Long', '292');
INSERT INTO services_ward (id, name, district_id) VALUES ('10723', 'Phường An Sinh', '292');
INSERT INTO services_ward (id, name, district_id) VALUES ('10726', 'Phường Hiệp Sơn', '292');
INSERT INTO services_ward (id, name, district_id) VALUES ('10729', 'Xã Thượng Quận', '292');
INSERT INTO services_ward (id, name, district_id) VALUES ('10732', 'Phường An Phụ', '292');
INSERT INTO services_ward (id, name, district_id) VALUES ('10735', 'Phường Hiệp An', '292');
INSERT INTO services_ward (id, name, district_id) VALUES ('10738', 'Phường Long Xuyên', '292');
INSERT INTO services_ward (id, name, district_id) VALUES ('10741', 'Phường Thái Thịnh', '292');
INSERT INTO services_ward (id, name, district_id) VALUES ('10744', 'Phường Hiến Thành', '292');
INSERT INTO services_ward (id, name, district_id) VALUES ('10747', 'Xã Minh Hòa', '292');
INSERT INTO services_district (id, name, city_id) VALUES ('293', 'Huyện Kim Thành', '30');
INSERT INTO services_ward (id, name, district_id) VALUES ('10750', 'Thị trấn Phú Thái', '293');
INSERT INTO services_ward (id, name, district_id) VALUES ('10756', 'Xã Lai Khê', '293');
INSERT INTO services_ward (id, name, district_id) VALUES ('10762', 'Xã Vũ Dũng', '293');
INSERT INTO services_ward (id, name, district_id) VALUES ('10768', 'Xã Tuấn Việt', '293');
INSERT INTO services_ward (id, name, district_id) VALUES ('10771', 'Xã Kim Xuyên', '293');
INSERT INTO services_ward (id, name, district_id) VALUES ('10777', 'Xã Ngũ Phúc', '293');
INSERT INTO services_ward (id, name, district_id) VALUES ('10780', 'Xã Kim Anh', '293');
INSERT INTO services_ward (id, name, district_id) VALUES ('10783', 'Xã Kim Liên', '293');
INSERT INTO services_ward (id, name, district_id) VALUES ('10786', 'Xã Kim Tân', '293');
INSERT INTO services_ward (id, name, district_id) VALUES ('10792', 'Xã Kim Đính', '293');
INSERT INTO services_ward (id, name, district_id) VALUES ('10798', 'Xã Hòa Bình', '293');
INSERT INTO services_ward (id, name, district_id) VALUES ('10801', 'Xã Tam Kỳ', '293');
INSERT INTO services_ward (id, name, district_id) VALUES ('10804', 'Xã Đồng Cẩm', '293');
INSERT INTO services_ward (id, name, district_id) VALUES ('10810', 'Xã Đại Đức', '293');
INSERT INTO services_district (id, name, city_id) VALUES ('294', 'Huyện Thanh Hà', '30');
INSERT INTO services_ward (id, name, district_id) VALUES ('10813', 'Thị trấn Thanh Hà', '294');
INSERT INTO services_ward (id, name, district_id) VALUES ('10816', 'Xã Hồng Lạc', '294');
INSERT INTO services_ward (id, name, district_id) VALUES ('10825', 'Xã Tân Việt', '294');
INSERT INTO services_ward (id, name, district_id) VALUES ('10828', 'Xã Cẩm Việt', '294');
INSERT INTO services_ward (id, name, district_id) VALUES ('10831', 'Xã Thanh An', '294');
INSERT INTO services_ward (id, name, district_id) VALUES ('10834', 'Xã Thanh Lang', '294');
INSERT INTO services_ward (id, name, district_id) VALUES ('10840', 'Xã Tân An', '294');
INSERT INTO services_ward (id, name, district_id) VALUES ('10843', 'Xã Liên Mạc', '294');
INSERT INTO services_ward (id, name, district_id) VALUES ('10846', 'Xã Thanh Hải', '294');
INSERT INTO services_ward (id, name, district_id) VALUES ('10855', 'Xã Thanh Xuân', '294');
INSERT INTO services_ward (id, name, district_id) VALUES ('10861', 'Xã Thanh Tân', '294');
INSERT INTO services_ward (id, name, district_id) VALUES ('10864', 'Xã An Phượng', '294');
INSERT INTO services_ward (id, name, district_id) VALUES ('10867', 'Xã Thanh Sơn', '294');
INSERT INTO services_ward (id, name, district_id) VALUES ('10876', 'Xã Thanh Quang', '294');
INSERT INTO services_ward (id, name, district_id) VALUES ('10879', 'Xã Thanh Hồng', '294');
INSERT INTO services_ward (id, name, district_id) VALUES ('10882', 'Xã Vĩnh Cường', '294');
INSERT INTO services_district (id, name, city_id) VALUES ('295', 'Huyện Cẩm Giàng', '30');
INSERT INTO services_ward (id, name, district_id) VALUES ('10888', 'Thị trấn Cẩm Giang', '295');
INSERT INTO services_ward (id, name, district_id) VALUES ('10891', 'Thị trấn Lai Cách', '295');
INSERT INTO services_ward (id, name, district_id) VALUES ('10894', 'Xã Cẩm Hưng', '295');
INSERT INTO services_ward (id, name, district_id) VALUES ('10897', 'Xã Cẩm Hoàng', '295');
INSERT INTO services_ward (id, name, district_id) VALUES ('10900', 'Xã Cẩm Văn', '295');
INSERT INTO services_ward (id, name, district_id) VALUES ('10903', 'Xã Ngọc Liên', '295');
INSERT INTO services_ward (id, name, district_id) VALUES ('10909', 'Xã Cẩm Vũ', '295');
INSERT INTO services_ward (id, name, district_id) VALUES ('10912', 'Xã Đức Chính', '295');
INSERT INTO services_ward (id, name, district_id) VALUES ('10918', 'Xã Định Sơn', '295');
INSERT INTO services_ward (id, name, district_id) VALUES ('10924', 'Xã Lương Điền', '295');
INSERT INTO services_ward (id, name, district_id) VALUES ('10927', 'Xã Cao An', '295');
INSERT INTO services_ward (id, name, district_id) VALUES ('10930', 'Xã Tân Trường', '295');
INSERT INTO services_ward (id, name, district_id) VALUES ('10933', 'Xã Phúc Điền', '295');
INSERT INTO services_ward (id, name, district_id) VALUES ('10939', 'Xã Cẩm Đông', '295');
INSERT INTO services_ward (id, name, district_id) VALUES ('10942', 'Xã Cẩm Đoài', '295');
INSERT INTO services_district (id, name, city_id) VALUES ('296', 'Huyện Bình Giang', '30');
INSERT INTO services_ward (id, name, district_id) VALUES ('10945', 'Thị trấn Kẻ Sặt', '296');
INSERT INTO services_ward (id, name, district_id) VALUES ('10951', 'Xã Vĩnh Hưng', '296');
INSERT INTO services_ward (id, name, district_id) VALUES ('10954', 'Xã Hùng Thắng', '296');
INSERT INTO services_ward (id, name, district_id) VALUES ('10960', 'Xã Vĩnh Hồng', '296');
INSERT INTO services_ward (id, name, district_id) VALUES ('10963', 'Xã Long Xuyên', '296');
INSERT INTO services_ward (id, name, district_id) VALUES ('10966', 'Xã Tân Việt', '296');
INSERT INTO services_ward (id, name, district_id) VALUES ('10969', 'Xã Thúc Kháng', '296');
INSERT INTO services_ward (id, name, district_id) VALUES ('10972', 'Xã Tân Hồng', '296');
INSERT INTO services_ward (id, name, district_id) VALUES ('10978', 'Xã Hồng Khê', '296');
INSERT INTO services_ward (id, name, district_id) VALUES ('10981', 'Xã Thái Minh', '296');
INSERT INTO services_ward (id, name, district_id) VALUES ('10984', 'Xã Cổ Bì', '296');
INSERT INTO services_ward (id, name, district_id) VALUES ('10987', 'Xã Nhân Quyền', '296');
INSERT INTO services_ward (id, name, district_id) VALUES ('10990', 'Xã Thái Dương', '296');
INSERT INTO services_ward (id, name, district_id) VALUES ('10993', 'Xã Thái Hòa', '296');
INSERT INTO services_ward (id, name, district_id) VALUES ('10996', 'Xã Bình Xuyên', '296');
INSERT INTO services_district (id, name, city_id) VALUES ('297', 'Huyện Gia Lộc', '30');
INSERT INTO services_ward (id, name, district_id) VALUES ('10999', 'Thị trấn Gia Lộc', '297');
INSERT INTO services_ward (id, name, district_id) VALUES ('11008', 'Xã Thống Nhất', '297');
INSERT INTO services_ward (id, name, district_id) VALUES ('11020', 'Xã Yết Kiêu', '297');
INSERT INTO services_ward (id, name, district_id) VALUES ('11035', 'Xã Gia Phúc', '297');
INSERT INTO services_ward (id, name, district_id) VALUES ('11038', 'Xã Gia Tiến', '297');
INSERT INTO services_ward (id, name, district_id) VALUES ('11041', 'Xã Lê Lợi', '297');
INSERT INTO services_ward (id, name, district_id) VALUES ('11044', 'Xã Toàn Thắng', '297');
INSERT INTO services_ward (id, name, district_id) VALUES ('11047', 'Xã Hoàng Diệu', '297');
INSERT INTO services_ward (id, name, district_id) VALUES ('11050', 'Xã Hồng Hưng', '297');
INSERT INTO services_ward (id, name, district_id) VALUES ('11053', 'Xã Phạm Trấn', '297');
INSERT INTO services_ward (id, name, district_id) VALUES ('11056', 'Xã Đoàn Thượng', '297');
INSERT INTO services_ward (id, name, district_id) VALUES ('11059', 'Xã Thống Kênh', '297');
INSERT INTO services_ward (id, name, district_id) VALUES ('11065', 'Xã Nhật Quang', '297');
INSERT INTO services_ward (id, name, district_id) VALUES ('11071', 'Xã Quang Đức', '297');
INSERT INTO services_district (id, name, city_id) VALUES ('298', 'Huyện Tứ Kỳ', '30');
INSERT INTO services_ward (id, name, district_id) VALUES ('11074', 'Thị trấn Tứ Kỳ', '298');
INSERT INTO services_ward (id, name, district_id) VALUES ('11083', 'Xã Đại Sơn', '298');
INSERT INTO services_ward (id, name, district_id) VALUES ('11086', 'Xã Hưng Đạo', '298');
INSERT INTO services_ward (id, name, district_id) VALUES ('11092', 'Xã Bình Lăng', '298');
INSERT INTO services_ward (id, name, district_id) VALUES ('11095', 'Xã Chí Minh', '298');
INSERT INTO services_ward (id, name, district_id) VALUES ('11098', 'Xã Kỳ Sơn', '298');
INSERT INTO services_ward (id, name, district_id) VALUES ('11101', 'Xã Quang Phục', '298');
INSERT INTO services_ward (id, name, district_id) VALUES ('11113', 'Xã Tân Kỳ', '298');
INSERT INTO services_ward (id, name, district_id) VALUES ('11116', 'Xã Quang Khải', '298');
INSERT INTO services_ward (id, name, district_id) VALUES ('11119', 'Xã Đại Hợp', '298');
INSERT INTO services_ward (id, name, district_id) VALUES ('11122', 'Xã Dân An', '298');
INSERT INTO services_ward (id, name, district_id) VALUES ('11125', 'Xã An Thanh', '298');
INSERT INTO services_ward (id, name, district_id) VALUES ('11128', 'Xã Minh Đức', '298');
INSERT INTO services_ward (id, name, district_id) VALUES ('11131', 'Xã Văn Tố', '298');
INSERT INTO services_ward (id, name, district_id) VALUES ('11134', 'Xã Quang Trung', '298');
INSERT INTO services_ward (id, name, district_id) VALUES ('11140', 'Xã Lạc Phượng', '298');
INSERT INTO services_ward (id, name, district_id) VALUES ('11143', 'Xã Tiên Động', '298');
INSERT INTO services_ward (id, name, district_id) VALUES ('11146', 'Xã Nguyên Giáp', '298');
INSERT INTO services_ward (id, name, district_id) VALUES ('11149', 'Xã Hà Kỳ', '298');
INSERT INTO services_ward (id, name, district_id) VALUES ('11152', 'Xã Hà Thanh', '298');
INSERT INTO services_district (id, name, city_id) VALUES ('299', 'Huyện Ninh Giang', '30');
INSERT INTO services_ward (id, name, district_id) VALUES ('11161', 'Xã Ứng Hoè', '299');
INSERT INTO services_ward (id, name, district_id) VALUES ('11164', 'Xã Nghĩa An', '299');
INSERT INTO services_ward (id, name, district_id) VALUES ('11167', 'Xã Đức Phúc', '299');
INSERT INTO services_ward (id, name, district_id) VALUES ('11173', 'Xã An Đức', '299');
INSERT INTO services_ward (id, name, district_id) VALUES ('11179', 'Xã Tân Hương', '299');
INSERT INTO services_ward (id, name, district_id) VALUES ('11185', 'Xã Vĩnh Hòa', '299');
INSERT INTO services_ward (id, name, district_id) VALUES ('11188', 'Xã Bình Xuyên', '299');
INSERT INTO services_ward (id, name, district_id) VALUES ('11197', 'Xã Tân Phong', '299');
INSERT INTO services_ward (id, name, district_id) VALUES ('11203', 'Thị trấn Ninh Giang', '299');
INSERT INTO services_ward (id, name, district_id) VALUES ('11206', 'Xã Tân Quang', '299');
INSERT INTO services_ward (id, name, district_id) VALUES ('11215', 'Xã Hồng Dụ', '299');
INSERT INTO services_ward (id, name, district_id) VALUES ('11218', 'Xã Văn Hội', '299');
INSERT INTO services_ward (id, name, district_id) VALUES ('11224', 'Xã Hồng Phong', '299');
INSERT INTO services_ward (id, name, district_id) VALUES ('11227', 'Xã Hiệp Lực', '299');
INSERT INTO services_ward (id, name, district_id) VALUES ('11230', 'Xã Kiến Phúc', '299');
INSERT INTO services_ward (id, name, district_id) VALUES ('11233', 'Xã Hưng Long', '299');
INSERT INTO services_district (id, name, city_id) VALUES ('300', 'Huyện Thanh Miện', '30');
INSERT INTO services_ward (id, name, district_id) VALUES ('11239', 'Thị trấn Thanh Miện', '300');
INSERT INTO services_ward (id, name, district_id) VALUES ('11242', 'Xã Thanh Tùng', '300');
INSERT INTO services_ward (id, name, district_id) VALUES ('11245', 'Xã Phạm Kha', '300');
INSERT INTO services_ward (id, name, district_id) VALUES ('11248', 'Xã Ngô Quyền', '300');
INSERT INTO services_ward (id, name, district_id) VALUES ('11251', 'Xã Đoàn Tùng', '300');
INSERT INTO services_ward (id, name, district_id) VALUES ('11254', 'Xã Hồng Quang', '300');
INSERT INTO services_ward (id, name, district_id) VALUES ('11257', 'Xã Tân Trào', '300');
INSERT INTO services_ward (id, name, district_id) VALUES ('11260', 'Xã Lam Sơn', '300');
INSERT INTO services_ward (id, name, district_id) VALUES ('11263', 'Xã Đoàn Kết', '300');
INSERT INTO services_ward (id, name, district_id) VALUES ('11266', 'Xã Lê Hồng', '300');
INSERT INTO services_ward (id, name, district_id) VALUES ('11269', 'Xã Tứ Cường', '300');
INSERT INTO services_ward (id, name, district_id) VALUES ('11275', 'Xã Ngũ Hùng', '300');
INSERT INTO services_ward (id, name, district_id) VALUES ('11278', 'Xã Cao Thắng', '300');
INSERT INTO services_ward (id, name, district_id) VALUES ('11281', 'Xã Chi Lăng Bắc', '300');
INSERT INTO services_ward (id, name, district_id) VALUES ('11284', 'Xã Chi Lăng Nam', '300');
INSERT INTO services_ward (id, name, district_id) VALUES ('11287', 'Xã Thanh Giang', '300');
INSERT INTO services_ward (id, name, district_id) VALUES ('11293', 'Xã Hồng Phong', '300');
INSERT INTO services_city (id, name) VALUES ('31', 'Thành phố Hải Phòng');
INSERT INTO services_district (id, name, city_id) VALUES ('303', 'Quận Hồng Bàng', '31');
INSERT INTO services_ward (id, name, district_id) VALUES ('11296', 'Phường Quán Toan', '303');
INSERT INTO services_ward (id, name, district_id) VALUES ('11299', 'Phường Hùng Vương', '303');
INSERT INTO services_ward (id, name, district_id) VALUES ('11302', 'Phường Sở Dầu', '303');
INSERT INTO services_ward (id, name, district_id) VALUES ('11305', 'Phường Thượng Lý', '303');
INSERT INTO services_ward (id, name, district_id) VALUES ('11311', 'Phường Minh Khai', '303');
INSERT INTO services_ward (id, name, district_id) VALUES ('11320', 'Phường Hoàng Văn Thụ', '303');
INSERT INTO services_ward (id, name, district_id) VALUES ('11323', 'Phường Phan Bội Châu', '303');
INSERT INTO services_ward (id, name, district_id) VALUES ('11587', 'Phường Đại Bản', '303');
INSERT INTO services_ward (id, name, district_id) VALUES ('11599', 'Phường An Hưng', '303');
INSERT INTO services_ward (id, name, district_id) VALUES ('11602', 'Phường An Hồng', '303');
INSERT INTO services_district (id, name, city_id) VALUES ('304', 'Quận Ngô Quyền', '31');
INSERT INTO services_ward (id, name, district_id) VALUES ('11329', 'Phường Máy Chai', '304');
INSERT INTO services_ward (id, name, district_id) VALUES ('11335', 'Phường Vạn Mỹ', '304');
INSERT INTO services_ward (id, name, district_id) VALUES ('11338', 'Phường Cầu Tre', '304');
INSERT INTO services_ward (id, name, district_id) VALUES ('11341', 'Phường Gia Viên', '304');
INSERT INTO services_ward (id, name, district_id) VALUES ('11344', 'Phường Cầu Đất', '304');
INSERT INTO services_ward (id, name, district_id) VALUES ('11350', 'Phường Đông Khê', '304');
INSERT INTO services_ward (id, name, district_id) VALUES ('11359', 'Phường Đằng Giang', '304');
INSERT INTO services_ward (id, name, district_id) VALUES ('11365', 'Phường Lạch Tray', '304');
INSERT INTO services_district (id, name, city_id) VALUES ('305', 'Quận Lê Chân', '31');
INSERT INTO services_ward (id, name, district_id) VALUES ('11371', 'Phường An Biên', '305');
INSERT INTO services_ward (id, name, district_id) VALUES ('11383', 'Phường Trần Nguyên Hãn', '305');
INSERT INTO services_ward (id, name, district_id) VALUES ('11395', 'Phường Hàng Kênh', '305');
INSERT INTO services_ward (id, name, district_id) VALUES ('11401', 'Phường An Dương', '305');
INSERT INTO services_ward (id, name, district_id) VALUES ('11404', 'Phường Dư Hàng Kênh', '305');
INSERT INTO services_ward (id, name, district_id) VALUES ('11405', 'Phường Kênh Dương', '305');
INSERT INTO services_ward (id, name, district_id) VALUES ('11407', 'Phường Vĩnh Niệm', '305');
INSERT INTO services_district (id, name, city_id) VALUES ('306', 'Quận Hải An', '31');
INSERT INTO services_ward (id, name, district_id) VALUES ('11410', 'Phường Đông Hải 1', '306');
INSERT INTO services_ward (id, name, district_id) VALUES ('11411', 'Phường Đông Hải 2', '306');
INSERT INTO services_ward (id, name, district_id) VALUES ('11413', 'Phường Đằng Lâm', '306');
INSERT INTO services_ward (id, name, district_id) VALUES ('11414', 'Phường Thành Tô', '306');
INSERT INTO services_ward (id, name, district_id) VALUES ('11416', 'Phường Đằng Hải', '306');
INSERT INTO services_ward (id, name, district_id) VALUES ('11419', 'Phường Nam Hải', '306');
INSERT INTO services_ward (id, name, district_id) VALUES ('11422', 'Phường Cát Bi', '306');
INSERT INTO services_ward (id, name, district_id) VALUES ('11425', 'Phường Tràng Cát', '306');
INSERT INTO services_district (id, name, city_id) VALUES ('307', 'Quận Kiến An', '31');
INSERT INTO services_ward (id, name, district_id) VALUES ('11431', 'Phường Đồng Hoà', '307');
INSERT INTO services_ward (id, name, district_id) VALUES ('11434', 'Phường Bắc Sơn', '307');
INSERT INTO services_ward (id, name, district_id) VALUES ('11437', 'Phường Nam Sơn', '307');
INSERT INTO services_ward (id, name, district_id) VALUES ('11440', 'Phường Ngọc Sơn', '307');
INSERT INTO services_ward (id, name, district_id) VALUES ('11443', 'Phường Trần Thành Ngọ', '307');
INSERT INTO services_ward (id, name, district_id) VALUES ('11446', 'Phường Văn Đẩu', '307');
INSERT INTO services_ward (id, name, district_id) VALUES ('11449', 'Phường Bắc Hà', '307');
INSERT INTO services_district (id, name, city_id) VALUES ('308', 'Quận Đồ Sơn', '31');
INSERT INTO services_ward (id, name, district_id) VALUES ('11455', 'Phường Ngọc Xuyên', '308');
INSERT INTO services_ward (id, name, district_id) VALUES ('11458', 'Phường Hải Sơn', '308');
INSERT INTO services_ward (id, name, district_id) VALUES ('11461', 'Phường Vạn Hương', '308');
INSERT INTO services_ward (id, name, district_id) VALUES ('11465', 'Phường Minh Đức', '308');
INSERT INTO services_ward (id, name, district_id) VALUES ('11467', 'Phường Bàng La', '308');
INSERT INTO services_ward (id, name, district_id) VALUES ('11737', 'Phường Hợp Đức', '308');
INSERT INTO services_district (id, name, city_id) VALUES ('309', 'Quận Dương Kinh', '31');
INSERT INTO services_ward (id, name, district_id) VALUES ('11683', 'Phường Đa Phúc', '309');
INSERT INTO services_ward (id, name, district_id) VALUES ('11686', 'Phường Hưng Đạo', '309');
INSERT INTO services_ward (id, name, district_id) VALUES ('11689', 'Phường Anh Dũng', '309');
INSERT INTO services_ward (id, name, district_id) VALUES ('11692', 'Phường Hải Thành', '309');
INSERT INTO services_ward (id, name, district_id) VALUES ('11707', 'Phường Hoà Nghĩa', '309');
INSERT INTO services_ward (id, name, district_id) VALUES ('11740', 'Phường Tân Thành', '309');
INSERT INTO services_district (id, name, city_id) VALUES ('311', 'Thành phố Thuỷ Nguyên', '31');
INSERT INTO services_ward (id, name, district_id) VALUES ('11473', 'Phường Minh Đức', '311');
INSERT INTO services_ward (id, name, district_id) VALUES ('11485', 'Xã Liên Xuân', '311');
INSERT INTO services_ward (id, name, district_id) VALUES ('11488', 'Phường Lưu Kiếm', '311');
INSERT INTO services_ward (id, name, district_id) VALUES ('11500', 'Xã Bạch Đằng', '311');
INSERT INTO services_ward (id, name, district_id) VALUES ('11503', 'Xã Ninh Sơn', '311');
INSERT INTO services_ward (id, name, district_id) VALUES ('11506', 'Phường Quảng Thanh', '311');
INSERT INTO services_ward (id, name, district_id) VALUES ('11512', 'Phường Trần Hưng Đạo', '311');
INSERT INTO services_ward (id, name, district_id) VALUES ('11518', 'Xã Quang Trung', '311');
INSERT INTO services_ward (id, name, district_id) VALUES ('11521', 'Phường Lê Hồng Phong', '311');
INSERT INTO services_ward (id, name, district_id) VALUES ('11527', 'Phường Hoà Bình', '311');
INSERT INTO services_ward (id, name, district_id) VALUES ('11530', 'Phường Thủy Hà', '311');
INSERT INTO services_ward (id, name, district_id) VALUES ('11533', 'Phường An Lư', '311');
INSERT INTO services_ward (id, name, district_id) VALUES ('11539', 'Phường Phạm Ngũ Lão', '311');
INSERT INTO services_ward (id, name, district_id) VALUES ('11542', 'Phường Nam Triệu Giang', '311');
INSERT INTO services_ward (id, name, district_id) VALUES ('11545', 'Phường Tam Hưng', '311');
INSERT INTO services_ward (id, name, district_id) VALUES ('11551', 'Phường Lập Lễ', '311');
INSERT INTO services_ward (id, name, district_id) VALUES ('11557', 'Phường Thiên Hương', '311');
INSERT INTO services_ward (id, name, district_id) VALUES ('11560', 'Phường Thuỷ Đường', '311');
INSERT INTO services_ward (id, name, district_id) VALUES ('11569', 'Phường Hoàng Lâm', '311');
INSERT INTO services_ward (id, name, district_id) VALUES ('11572', 'Phường Hoa Động', '311');
INSERT INTO services_ward (id, name, district_id) VALUES ('11578', 'Phường Dương Quan', '311');
INSERT INTO services_district (id, name, city_id) VALUES ('312', 'Quận An Dương', '31');
INSERT INTO services_ward (id, name, district_id) VALUES ('11581', 'Phường Lê Lợi', '312');
INSERT INTO services_ward (id, name, district_id) VALUES ('11584', 'Phường Lê Thiện', '312');
INSERT INTO services_ward (id, name, district_id) VALUES ('11590', 'Phường An Hoà', '312');
INSERT INTO services_ward (id, name, district_id) VALUES ('11593', 'Phường Hồng Phong', '312');
INSERT INTO services_ward (id, name, district_id) VALUES ('11596', 'Phường Tân Tiến', '312');
INSERT INTO services_ward (id, name, district_id) VALUES ('11608', 'Phường Nam Sơn', '312');
INSERT INTO services_ward (id, name, district_id) VALUES ('11614', 'Phường An Hải', '312');
INSERT INTO services_ward (id, name, district_id) VALUES ('11617', 'Phường Đồng Thái', '312');
INSERT INTO services_ward (id, name, district_id) VALUES ('11623', 'Phường An Đồng', '312');
INSERT INTO services_ward (id, name, district_id) VALUES ('11626', 'Phường Hồng Thái', '312');
INSERT INTO services_district (id, name, city_id) VALUES ('313', 'Huyện An Lão', '31');
INSERT INTO services_ward (id, name, district_id) VALUES ('11629', 'Thị trấn An Lão', '313');
INSERT INTO services_ward (id, name, district_id) VALUES ('11632', 'Xã Bát Trang', '313');
INSERT INTO services_ward (id, name, district_id) VALUES ('11635', 'Xã Trường Thọ', '313');
INSERT INTO services_ward (id, name, district_id) VALUES ('11638', 'Xã Trường Thành', '313');
INSERT INTO services_ward (id, name, district_id) VALUES ('11641', 'Xã An Tiến', '313');
INSERT INTO services_ward (id, name, district_id) VALUES ('11644', 'Xã Quang Hưng', '313');
INSERT INTO services_ward (id, name, district_id) VALUES ('11647', 'Xã Quang Trung', '313');
INSERT INTO services_ward (id, name, district_id) VALUES ('11650', 'Xã Quốc Tuấn', '313');
INSERT INTO services_ward (id, name, district_id) VALUES ('11653', 'Xã An Thắng', '313');
INSERT INTO services_ward (id, name, district_id) VALUES ('11656', 'Thị trấn Trường Sơn', '313');
INSERT INTO services_ward (id, name, district_id) VALUES ('11659', 'Xã Tân Dân', '313');
INSERT INTO services_ward (id, name, district_id) VALUES ('11662', 'Xã Thái Sơn', '313');
INSERT INTO services_ward (id, name, district_id) VALUES ('11665', 'Xã Tân Viên', '313');
INSERT INTO services_ward (id, name, district_id) VALUES ('11668', 'Xã Mỹ Đức', '313');
INSERT INTO services_ward (id, name, district_id) VALUES ('11671', 'Xã Chiến Thắng', '313');
INSERT INTO services_ward (id, name, district_id) VALUES ('11674', 'Xã An Thọ', '313');
INSERT INTO services_ward (id, name, district_id) VALUES ('11677', 'Xã An Thái', '313');
INSERT INTO services_district (id, name, city_id) VALUES ('314', 'Huyện Kiến Thuỵ', '31');
INSERT INTO services_ward (id, name, district_id) VALUES ('11680', 'Thị trấn Núi Đối', '314');
INSERT INTO services_ward (id, name, district_id) VALUES ('11695', 'Xã Đông Phương', '314');
INSERT INTO services_ward (id, name, district_id) VALUES ('11698', 'Xã Thuận Thiên', '314');
INSERT INTO services_ward (id, name, district_id) VALUES ('11701', 'Xã Hữu Bằng', '314');
INSERT INTO services_ward (id, name, district_id) VALUES ('11704', 'Xã Đại Đồng', '314');
INSERT INTO services_ward (id, name, district_id) VALUES ('11710', 'Xã Ngũ Phúc', '314');
INSERT INTO services_ward (id, name, district_id) VALUES ('11713', 'Xã Kiến Quốc', '314');
INSERT INTO services_ward (id, name, district_id) VALUES ('11716', 'Xã Du Lễ', '314');
INSERT INTO services_ward (id, name, district_id) VALUES ('11722', 'Xã Thanh Sơn', '314');
INSERT INTO services_ward (id, name, district_id) VALUES ('11725', 'Xã Minh Tân', '314');
INSERT INTO services_ward (id, name, district_id) VALUES ('11728', 'Xã Kiến Hưng', '314');
INSERT INTO services_ward (id, name, district_id) VALUES ('11734', 'Xã Tân Phong', '314');
INSERT INTO services_ward (id, name, district_id) VALUES ('11743', 'Xã Tân Trào', '314');
INSERT INTO services_ward (id, name, district_id) VALUES ('11746', 'Xã Đoàn Xá', '314');
INSERT INTO services_ward (id, name, district_id) VALUES ('11749', 'Xã Tú Sơn', '314');
INSERT INTO services_ward (id, name, district_id) VALUES ('11752', 'Xã Đại Hợp', '314');
INSERT INTO services_district (id, name, city_id) VALUES ('315', 'Huyện Tiên Lãng', '31');
INSERT INTO services_ward (id, name, district_id) VALUES ('11755', 'Thị trấn Tiên Lãng', '315');
INSERT INTO services_ward (id, name, district_id) VALUES ('11758', 'Xã Đại Thắng', '315');
INSERT INTO services_ward (id, name, district_id) VALUES ('11761', 'Xã Tiên Cường', '315');
INSERT INTO services_ward (id, name, district_id) VALUES ('11764', 'Xã Tự Cường', '315');
INSERT INTO services_ward (id, name, district_id) VALUES ('11770', 'Xã Quyết Tiến', '315');
INSERT INTO services_ward (id, name, district_id) VALUES ('11773', 'Xã Khởi Nghĩa', '315');
INSERT INTO services_ward (id, name, district_id) VALUES ('11776', 'Xã Tiên Thanh', '315');
INSERT INTO services_ward (id, name, district_id) VALUES ('11779', 'Xã Cấp Tiến', '315');
INSERT INTO services_ward (id, name, district_id) VALUES ('11782', 'Xã Kiến Thiết', '315');
INSERT INTO services_ward (id, name, district_id) VALUES ('11785', 'Xã Đoàn Lập', '315');
INSERT INTO services_ward (id, name, district_id) VALUES ('11791', 'Xã Tân Minh', '315');
INSERT INTO services_ward (id, name, district_id) VALUES ('11797', 'Xã Tiên Thắng', '315');
INSERT INTO services_ward (id, name, district_id) VALUES ('11800', 'Xã Tiên Minh', '315');
INSERT INTO services_ward (id, name, district_id) VALUES ('11803', 'Xã Bắc Hưng', '315');
INSERT INTO services_ward (id, name, district_id) VALUES ('11806', 'Xã Nam Hưng', '315');
INSERT INTO services_ward (id, name, district_id) VALUES ('11809', 'Xã Hùng Thắng', '315');
INSERT INTO services_ward (id, name, district_id) VALUES ('11812', 'Xã Tây Hưng', '315');
INSERT INTO services_ward (id, name, district_id) VALUES ('11815', 'Xã Đông Hưng', '315');
INSERT INTO services_ward (id, name, district_id) VALUES ('11821', 'Xã Vinh Quang', '315');
INSERT INTO services_district (id, name, city_id) VALUES ('316', 'Huyện Vĩnh Bảo', '31');
INSERT INTO services_ward (id, name, district_id) VALUES ('11824', 'Thị trấn Vĩnh Bảo', '316');
INSERT INTO services_ward (id, name, district_id) VALUES ('11827', 'Xã Dũng Tiến', '316');
INSERT INTO services_ward (id, name, district_id) VALUES ('11830', 'Xã Giang Biên', '316');
INSERT INTO services_ward (id, name, district_id) VALUES ('11833', 'Xã Thắng Thuỷ', '316');
INSERT INTO services_ward (id, name, district_id) VALUES ('11836', 'Xã Trung Lập', '316');
INSERT INTO services_ward (id, name, district_id) VALUES ('11839', 'Xã Việt Tiến', '316');
INSERT INTO services_ward (id, name, district_id) VALUES ('11842', 'Xã Vĩnh An', '316');
INSERT INTO services_ward (id, name, district_id) VALUES ('11848', 'Xã Vĩnh Hoà', '316');
INSERT INTO services_ward (id, name, district_id) VALUES ('11851', 'Xã Hùng Tiến', '316');
INSERT INTO services_ward (id, name, district_id) VALUES ('11857', 'Xã Tân Hưng', '316');
INSERT INTO services_ward (id, name, district_id) VALUES ('11860', 'Xã Tân Liên', '316');
INSERT INTO services_ward (id, name, district_id) VALUES ('11866', 'Xã Vĩnh Hưng', '316');
INSERT INTO services_ward (id, name, district_id) VALUES ('11875', 'Xã Vĩnh Hải', '316');
INSERT INTO services_ward (id, name, district_id) VALUES ('11881', 'Xã Liên Am', '316');
INSERT INTO services_ward (id, name, district_id) VALUES ('11884', 'Xã Lý Học', '316');
INSERT INTO services_ward (id, name, district_id) VALUES ('11887', 'Xã Tam Cường', '316');
INSERT INTO services_ward (id, name, district_id) VALUES ('11890', 'Xã Hoà Bình', '316');
INSERT INTO services_ward (id, name, district_id) VALUES ('11893', 'Xã Tiền Phong', '316');
INSERT INTO services_ward (id, name, district_id) VALUES ('11902', 'Xã Cao Minh', '316');
INSERT INTO services_ward (id, name, district_id) VALUES ('11911', 'Xã Trấn Dương', '316');
INSERT INTO services_district (id, name, city_id) VALUES ('317', 'Huyện Cát Hải', '31');
INSERT INTO services_ward (id, name, district_id) VALUES ('11914', 'Thị trấn Cát Bà', '317');
INSERT INTO services_ward (id, name, district_id) VALUES ('11917', 'Thị trấn Cát Hải', '317');
INSERT INTO services_ward (id, name, district_id) VALUES ('11920', 'Xã Nghĩa Lộ', '317');
INSERT INTO services_ward (id, name, district_id) VALUES ('11923', 'Xã Đồng Bài', '317');
INSERT INTO services_ward (id, name, district_id) VALUES ('11926', 'Xã Hoàng Châu', '317');
INSERT INTO services_ward (id, name, district_id) VALUES ('11929', 'Xã Văn Phong', '317');
INSERT INTO services_ward (id, name, district_id) VALUES ('11932', 'Xã Phù Long', '317');
INSERT INTO services_ward (id, name, district_id) VALUES ('11935', 'Xã Gia Luận', '317');
INSERT INTO services_ward (id, name, district_id) VALUES ('11938', 'Xã Hiền Hào', '317');
INSERT INTO services_ward (id, name, district_id) VALUES ('11941', 'Xã Trân Châu', '317');
INSERT INTO services_ward (id, name, district_id) VALUES ('11944', 'Xã Việt Hải', '317');
INSERT INTO services_ward (id, name, district_id) VALUES ('11947', 'Xã Xuân Đám', '317');
INSERT INTO services_district (id, name, city_id) VALUES ('318', 'Huyện Bạch Long Vĩ', '31');
INSERT INTO services_city (id, name) VALUES ('33', 'Tỉnh Hưng Yên');
INSERT INTO services_district (id, name, city_id) VALUES ('323', 'Thành phố Hưng Yên', '33');
INSERT INTO services_ward (id, name, district_id) VALUES ('11950', 'Phường Lam Sơn', '323');
INSERT INTO services_ward (id, name, district_id) VALUES ('11953', 'Phường Hiến Nam', '323');
INSERT INTO services_ward (id, name, district_id) VALUES ('11956', 'Phường An Tảo', '323');
INSERT INTO services_ward (id, name, district_id) VALUES ('11959', 'Phường Lê Lợi', '323');
INSERT INTO services_ward (id, name, district_id) VALUES ('11962', 'Phường Minh Khai', '323');
INSERT INTO services_ward (id, name, district_id) VALUES ('11968', 'Phường Hồng Châu', '323');
INSERT INTO services_ward (id, name, district_id) VALUES ('11971', 'Xã Trung Nghĩa', '323');
INSERT INTO services_ward (id, name, district_id) VALUES ('11974', 'Xã Liên Phương', '323');
INSERT INTO services_ward (id, name, district_id) VALUES ('11977', 'Xã Phương Nam', '323');
INSERT INTO services_ward (id, name, district_id) VALUES ('11980', 'Xã Quảng Châu', '323');
INSERT INTO services_ward (id, name, district_id) VALUES ('11983', 'Xã Bảo Khê', '323');
INSERT INTO services_ward (id, name, district_id) VALUES ('12331', 'Xã Phú Cường', '323');
INSERT INTO services_ward (id, name, district_id) VALUES ('12334', 'Xã Hùng Cường', '323');
INSERT INTO services_ward (id, name, district_id) VALUES ('12385', 'Xã Tân Hưng', '323');
INSERT INTO services_ward (id, name, district_id) VALUES ('12388', 'Xã Hoàng Hanh', '323');
INSERT INTO services_district (id, name, city_id) VALUES ('325', 'Huyện Văn Lâm', '33');
INSERT INTO services_ward (id, name, district_id) VALUES ('11986', 'Thị trấn Như Quỳnh', '325');
INSERT INTO services_ward (id, name, district_id) VALUES ('11989', 'Xã Lạc Đạo', '325');
INSERT INTO services_ward (id, name, district_id) VALUES ('11992', 'Xã Chỉ Đạo', '325');
INSERT INTO services_ward (id, name, district_id) VALUES ('11995', 'Xã Đại Đồng', '325');
INSERT INTO services_ward (id, name, district_id) VALUES ('11998', 'Xã Việt Hưng', '325');
INSERT INTO services_ward (id, name, district_id) VALUES ('12001', 'Xã Tân Quang', '325');
INSERT INTO services_ward (id, name, district_id) VALUES ('12004', 'Xã Đình Dù', '325');
INSERT INTO services_ward (id, name, district_id) VALUES ('12007', 'Xã Minh Hải', '325');
INSERT INTO services_ward (id, name, district_id) VALUES ('12010', 'Xã Lương Tài', '325');
INSERT INTO services_ward (id, name, district_id) VALUES ('12013', 'Xã Trưng Trắc', '325');
INSERT INTO services_ward (id, name, district_id) VALUES ('12016', 'Xã Lạc Hồng', '325');
INSERT INTO services_district (id, name, city_id) VALUES ('326', 'Huyện Văn Giang', '33');
INSERT INTO services_ward (id, name, district_id) VALUES ('12019', 'Thị trấn Văn Giang', '326');
INSERT INTO services_ward (id, name, district_id) VALUES ('12022', 'Xã Xuân Quan', '326');
INSERT INTO services_ward (id, name, district_id) VALUES ('12025', 'Xã Cửu Cao', '326');
INSERT INTO services_ward (id, name, district_id) VALUES ('12028', 'Xã Phụng Công', '326');
INSERT INTO services_ward (id, name, district_id) VALUES ('12031', 'Xã Nghĩa Trụ', '326');
INSERT INTO services_ward (id, name, district_id) VALUES ('12034', 'Xã Long Hưng', '326');
INSERT INTO services_ward (id, name, district_id) VALUES ('12037', 'Xã Vĩnh Khúc', '326');
INSERT INTO services_ward (id, name, district_id) VALUES ('12040', 'Xã Liên Nghĩa', '326');
INSERT INTO services_ward (id, name, district_id) VALUES ('12043', 'Xã Tân Tiến', '326');
INSERT INTO services_ward (id, name, district_id) VALUES ('12046', 'Xã Thắng Lợi', '326');
INSERT INTO services_ward (id, name, district_id) VALUES ('12049', 'Xã Mễ Sở', '326');
INSERT INTO services_district (id, name, city_id) VALUES ('327', 'Huyện Yên Mỹ', '33');
INSERT INTO services_ward (id, name, district_id) VALUES ('12052', 'Thị trấn Yên Mỹ', '327');
INSERT INTO services_ward (id, name, district_id) VALUES ('12055', 'Xã Nguyễn Văn Linh', '327');
INSERT INTO services_ward (id, name, district_id) VALUES ('12061', 'Xã Đồng Than', '327');
INSERT INTO services_ward (id, name, district_id) VALUES ('12064', 'Xã Ngọc Long', '327');
INSERT INTO services_ward (id, name, district_id) VALUES ('12067', 'Xã Liêu Xá', '327');
INSERT INTO services_ward (id, name, district_id) VALUES ('12070', 'Xã Hoàn Long', '327');
INSERT INTO services_ward (id, name, district_id) VALUES ('12073', 'Xã Tân Lập', '327');
INSERT INTO services_ward (id, name, district_id) VALUES ('12076', 'Xã Thanh Long', '327');
INSERT INTO services_ward (id, name, district_id) VALUES ('12079', 'Xã Yên Phú', '327');
INSERT INTO services_ward (id, name, district_id) VALUES ('12085', 'Xã Trung Hòa', '327');
INSERT INTO services_ward (id, name, district_id) VALUES ('12091', 'Xã Việt Yên', '327');
INSERT INTO services_ward (id, name, district_id) VALUES ('12100', 'Xã Tân Minh', '327');
INSERT INTO services_district (id, name, city_id) VALUES ('328', 'Thị xã Mỹ Hào', '33');
INSERT INTO services_ward (id, name, district_id) VALUES ('12103', 'Phường Bần Yên Nhân', '328');
INSERT INTO services_ward (id, name, district_id) VALUES ('12106', 'Phường Phan Đình Phùng', '328');
INSERT INTO services_ward (id, name, district_id) VALUES ('12109', 'Xã Cẩm Xá', '328');
INSERT INTO services_ward (id, name, district_id) VALUES ('12112', 'Xã Dương Quang', '328');
INSERT INTO services_ward (id, name, district_id) VALUES ('12115', 'Xã Hòa Phong', '328');
INSERT INTO services_ward (id, name, district_id) VALUES ('12118', 'Phường Nhân Hòa', '328');
INSERT INTO services_ward (id, name, district_id) VALUES ('12121', 'Phường Dị Sử', '328');
INSERT INTO services_ward (id, name, district_id) VALUES ('12124', 'Phường Bạch Sam', '328');
INSERT INTO services_ward (id, name, district_id) VALUES ('12127', 'Phường Minh Đức', '328');
INSERT INTO services_ward (id, name, district_id) VALUES ('12130', 'Phường Phùng Chí Kiên', '328');
INSERT INTO services_ward (id, name, district_id) VALUES ('12133', 'Xã Xuân Dục', '328');
INSERT INTO services_ward (id, name, district_id) VALUES ('12136', 'Xã Ngọc Lâm', '328');
INSERT INTO services_ward (id, name, district_id) VALUES ('12139', 'Xã Hưng Long', '328');
INSERT INTO services_district (id, name, city_id) VALUES ('329', 'Huyện Ân Thi', '33');
INSERT INTO services_ward (id, name, district_id) VALUES ('12142', 'Thị trấn Ân Thi', '329');
INSERT INTO services_ward (id, name, district_id) VALUES ('12145', 'Xã Phù Ủng', '329');
INSERT INTO services_ward (id, name, district_id) VALUES ('12148', 'Xã Bắc Sơn', '329');
INSERT INTO services_ward (id, name, district_id) VALUES ('12151', 'Xã Bãi Sậy', '329');
INSERT INTO services_ward (id, name, district_id) VALUES ('12154', 'Xã Đào Dương', '329');
INSERT INTO services_ward (id, name, district_id) VALUES ('12157', 'Xã Quang Vinh', '329');
INSERT INTO services_ward (id, name, district_id) VALUES ('12160', 'Xã Vân Du', '329');
INSERT INTO services_ward (id, name, district_id) VALUES ('12166', 'Xã Xuân Trúc', '329');
INSERT INTO services_ward (id, name, district_id) VALUES ('12169', 'Xã Hoàng Hoa Thám', '329');
INSERT INTO services_ward (id, name, district_id) VALUES ('12172', 'Xã Quảng Lãng', '329');
INSERT INTO services_ward (id, name, district_id) VALUES ('12175', 'Xã Đa Lộc', '329');
INSERT INTO services_ward (id, name, district_id) VALUES ('12178', 'Xã Đặng Lễ', '329');
INSERT INTO services_ward (id, name, district_id) VALUES ('12181', 'Xã Cẩm Ninh', '329');
INSERT INTO services_ward (id, name, district_id) VALUES ('12184', 'Xã Nguyễn Trãi', '329');
INSERT INTO services_ward (id, name, district_id) VALUES ('12190', 'Xã Hồ Tùng Mậu', '329');
INSERT INTO services_ward (id, name, district_id) VALUES ('12193', 'Xã Tiền Phong', '329');
INSERT INTO services_ward (id, name, district_id) VALUES ('12196', 'Xã Hồng Quang', '329');
INSERT INTO services_ward (id, name, district_id) VALUES ('12202', 'Xã Hạ Lễ', '329');
INSERT INTO services_district (id, name, city_id) VALUES ('330', 'Huyện Khoái Châu', '33');
INSERT INTO services_ward (id, name, district_id) VALUES ('12205', 'Thị trấn Khoái Châu', '330');
INSERT INTO services_ward (id, name, district_id) VALUES ('12208', 'Xã Đông Tảo', '330');
INSERT INTO services_ward (id, name, district_id) VALUES ('12211', 'Xã Bình Minh', '330');
INSERT INTO services_ward (id, name, district_id) VALUES ('12214', 'Xã Phạm Hồng Thái', '330');
INSERT INTO services_ward (id, name, district_id) VALUES ('12220', 'Xã Ông Đình', '330');
INSERT INTO services_ward (id, name, district_id) VALUES ('12223', 'Xã Tân Dân', '330');
INSERT INTO services_ward (id, name, district_id) VALUES ('12226', 'Xã Tứ Dân', '330');
INSERT INTO services_ward (id, name, district_id) VALUES ('12229', 'Xã An Vĩ', '330');
INSERT INTO services_ward (id, name, district_id) VALUES ('12232', 'Xã Đông Kết', '330');
INSERT INTO services_ward (id, name, district_id) VALUES ('12238', 'Xã Dân Tiến', '330');
INSERT INTO services_ward (id, name, district_id) VALUES ('12244', 'Xã Đồng Tiến', '330');
INSERT INTO services_ward (id, name, district_id) VALUES ('12247', 'Xã Tân Châu', '330');
INSERT INTO services_ward (id, name, district_id) VALUES ('12250', 'Xã Liên Khê', '330');
INSERT INTO services_ward (id, name, district_id) VALUES ('12253', 'Xã Phùng Hưng', '330');
INSERT INTO services_ward (id, name, district_id) VALUES ('12256', 'Xã Việt Hòa', '330');
INSERT INTO services_ward (id, name, district_id) VALUES ('12259', 'Xã Đông Ninh', '330');
INSERT INTO services_ward (id, name, district_id) VALUES ('12262', 'Xã Đại Tập', '330');
INSERT INTO services_ward (id, name, district_id) VALUES ('12265', 'Xã Chí Minh', '330');
INSERT INTO services_ward (id, name, district_id) VALUES ('12271', 'Xã Thuần Hưng', '330');
INSERT INTO services_ward (id, name, district_id) VALUES ('12274', 'Xã Nguyễn Huệ', '330');
INSERT INTO services_district (id, name, city_id) VALUES ('331', 'Huyện Kim Động', '33');
INSERT INTO services_ward (id, name, district_id) VALUES ('12280', 'Thị trấn Lương Bằng', '331');
INSERT INTO services_ward (id, name, district_id) VALUES ('12283', 'Xã Nghĩa Dân', '331');
INSERT INTO services_ward (id, name, district_id) VALUES ('12286', 'Xã Toàn Thắng', '331');
INSERT INTO services_ward (id, name, district_id) VALUES ('12289', 'Xã Vĩnh Xá', '331');
INSERT INTO services_ward (id, name, district_id) VALUES ('12292', 'Xã Phạm Ngũ Lão', '331');
INSERT INTO services_ward (id, name, district_id) VALUES ('12295', 'Xã Phú Thọ', '331');
INSERT INTO services_ward (id, name, district_id) VALUES ('12298', 'Xã Đồng Thanh', '331');
INSERT INTO services_ward (id, name, district_id) VALUES ('12301', 'Xã Song Mai', '331');
INSERT INTO services_ward (id, name, district_id) VALUES ('12304', 'Xã Chính Nghĩa', '331');
INSERT INTO services_ward (id, name, district_id) VALUES ('12313', 'Xã Mai Động', '331');
INSERT INTO services_ward (id, name, district_id) VALUES ('12316', 'Xã Đức Hợp', '331');
INSERT INTO services_ward (id, name, district_id) VALUES ('12319', 'Xã Hùng An', '331');
INSERT INTO services_ward (id, name, district_id) VALUES ('12322', 'Xã Ngọc Thanh', '331');
INSERT INTO services_ward (id, name, district_id) VALUES ('12325', 'Xã Diên Hồng', '331');
INSERT INTO services_ward (id, name, district_id) VALUES ('12328', 'Xã Hiệp Cường', '331');
INSERT INTO services_district (id, name, city_id) VALUES ('332', 'Huyện Tiên Lữ', '33');
INSERT INTO services_ward (id, name, district_id) VALUES ('12337', 'Thị trấn Vương', '332');
INSERT INTO services_ward (id, name, district_id) VALUES ('12340', 'Xã Hưng Đạo', '332');
INSERT INTO services_ward (id, name, district_id) VALUES ('12346', 'Xã Nhật Tân', '332');
INSERT INTO services_ward (id, name, district_id) VALUES ('12352', 'Xã Lệ Xá', '332');
INSERT INTO services_ward (id, name, district_id) VALUES ('12355', 'Xã An Viên', '332');
INSERT INTO services_ward (id, name, district_id) VALUES ('12361', 'Xã Trung Dũng', '332');
INSERT INTO services_ward (id, name, district_id) VALUES ('12364', 'Xã Hải Thắng', '332');
INSERT INTO services_ward (id, name, district_id) VALUES ('12367', 'Xã Thủ Sỹ', '332');
INSERT INTO services_ward (id, name, district_id) VALUES ('12370', 'Xã Thiện Phiến', '332');
INSERT INTO services_ward (id, name, district_id) VALUES ('12373', 'Xã Thụy Lôi', '332');
INSERT INTO services_ward (id, name, district_id) VALUES ('12376', 'Xã Cương Chính', '332');
INSERT INTO services_district (id, name, city_id) VALUES ('333', 'Huyện Phù Cừ', '33');
INSERT INTO services_ward (id, name, district_id) VALUES ('12391', 'Thị trấn Trần Cao', '333');
INSERT INTO services_ward (id, name, district_id) VALUES ('12394', 'Xã Minh Tân', '333');
INSERT INTO services_ward (id, name, district_id) VALUES ('12397', 'Xã Phan Sào Nam', '333');
INSERT INTO services_ward (id, name, district_id) VALUES ('12400', 'Xã Quang Hưng', '333');
INSERT INTO services_ward (id, name, district_id) VALUES ('12403', 'Xã Minh Hoàng', '333');
INSERT INTO services_ward (id, name, district_id) VALUES ('12406', 'Xã Đoàn Đào', '333');
INSERT INTO services_ward (id, name, district_id) VALUES ('12409', 'Xã Tống Phan', '333');
INSERT INTO services_ward (id, name, district_id) VALUES ('12412', 'Xã Đình Cao', '333');
INSERT INTO services_ward (id, name, district_id) VALUES ('12415', 'Xã Nhật Quang', '333');
INSERT INTO services_ward (id, name, district_id) VALUES ('12421', 'Xã Tam Đa', '333');
INSERT INTO services_ward (id, name, district_id) VALUES ('12424', 'Xã Tiên Tiến', '333');
INSERT INTO services_ward (id, name, district_id) VALUES ('12427', 'Xã Nguyên Hòa', '333');
INSERT INTO services_ward (id, name, district_id) VALUES ('12430', 'Xã Tống Trân', '333');
INSERT INTO services_city (id, name) VALUES ('34', 'Tỉnh Thái Bình');
INSERT INTO services_district (id, name, city_id) VALUES ('336', 'Thành phố Thái Bình', '34');
INSERT INTO services_ward (id, name, district_id) VALUES ('12433', 'Phường Lê Hồng Phong', '336');
INSERT INTO services_ward (id, name, district_id) VALUES ('12436', 'Phường Bồ Xuyên', '336');
INSERT INTO services_ward (id, name, district_id) VALUES ('12439', 'Phường Đề Thám', '336');
INSERT INTO services_ward (id, name, district_id) VALUES ('12442', 'Phường Kỳ Bá', '336');
INSERT INTO services_ward (id, name, district_id) VALUES ('12445', 'Phường Quang Trung', '336');
INSERT INTO services_ward (id, name, district_id) VALUES ('12448', 'Phường Phú Khánh', '336');
INSERT INTO services_ward (id, name, district_id) VALUES ('12451', 'Phường Tiền Phong', '336');
INSERT INTO services_ward (id, name, district_id) VALUES ('12452', 'Phường Trần Hưng Đạo', '336');
INSERT INTO services_ward (id, name, district_id) VALUES ('12454', 'Phường Trần Lãm', '336');
INSERT INTO services_ward (id, name, district_id) VALUES ('12457', 'Xã Đông Hòa', '336');
INSERT INTO services_ward (id, name, district_id) VALUES ('12460', 'Phường Hoàng Diệu', '336');
INSERT INTO services_ward (id, name, district_id) VALUES ('12463', 'Xã Phú Xuân', '336');
INSERT INTO services_ward (id, name, district_id) VALUES ('12466', 'Xã Vũ Phúc', '336');
INSERT INTO services_ward (id, name, district_id) VALUES ('12469', 'Xã Vũ Chính', '336');
INSERT INTO services_ward (id, name, district_id) VALUES ('12817', 'Xã Đông Mỹ', '336');
INSERT INTO services_ward (id, name, district_id) VALUES ('12820', 'Xã Đông Thọ', '336');
INSERT INTO services_ward (id, name, district_id) VALUES ('13084', 'Xã Vũ Đông', '336');
INSERT INTO services_ward (id, name, district_id) VALUES ('13108', 'Xã Vũ Lạc', '336');
INSERT INTO services_ward (id, name, district_id) VALUES ('13225', 'Xã Tân Bình', '336');
INSERT INTO services_district (id, name, city_id) VALUES ('338', 'Huyện Quỳnh Phụ', '34');
INSERT INTO services_ward (id, name, district_id) VALUES ('12472', 'Thị trấn Quỳnh Côi', '338');
INSERT INTO services_ward (id, name, district_id) VALUES ('12475', 'Xã An Khê', '338');
INSERT INTO services_ward (id, name, district_id) VALUES ('12478', 'Xã An Đồng', '338');
INSERT INTO services_ward (id, name, district_id) VALUES ('12481', 'Xã Quỳnh Hoa', '338');
INSERT INTO services_ward (id, name, district_id) VALUES ('12484', 'Xã Quỳnh Lâm', '338');
INSERT INTO services_ward (id, name, district_id) VALUES ('12487', 'Xã Quỳnh Thọ', '338');
INSERT INTO services_ward (id, name, district_id) VALUES ('12490', 'Xã An Hiệp', '338');
INSERT INTO services_ward (id, name, district_id) VALUES ('12493', 'Xã Quỳnh Hoàng', '338');
INSERT INTO services_ward (id, name, district_id) VALUES ('12496', 'Xã Quỳnh Giao', '338');
INSERT INTO services_ward (id, name, district_id) VALUES ('12499', 'Xã An Thái', '338');
INSERT INTO services_ward (id, name, district_id) VALUES ('12502', 'Xã An Cầu', '338');
INSERT INTO services_ward (id, name, district_id) VALUES ('12505', 'Xã Quỳnh Hồng', '338');
INSERT INTO services_ward (id, name, district_id) VALUES ('12508', 'Xã Quỳnh Khê', '338');
INSERT INTO services_ward (id, name, district_id) VALUES ('12511', 'Xã Quỳnh Minh', '338');
INSERT INTO services_ward (id, name, district_id) VALUES ('12514', 'Xã An Ninh', '338');
INSERT INTO services_ward (id, name, district_id) VALUES ('12517', 'Xã Quỳnh Ngọc', '338');
INSERT INTO services_ward (id, name, district_id) VALUES ('12520', 'Xã Quỳnh Hải', '338');
INSERT INTO services_ward (id, name, district_id) VALUES ('12523', 'Thị trấn An Bài', '338');
INSERT INTO services_ward (id, name, district_id) VALUES ('12526', 'Xã An Ấp', '338');
INSERT INTO services_ward (id, name, district_id) VALUES ('12529', 'Xã Quỳnh Hội', '338');
INSERT INTO services_ward (id, name, district_id) VALUES ('12532', 'Xã Châu Sơn', '338');
INSERT INTO services_ward (id, name, district_id) VALUES ('12535', 'Xã Quỳnh Mỹ', '338');
INSERT INTO services_ward (id, name, district_id) VALUES ('12538', 'Xã An Quí', '338');
INSERT INTO services_ward (id, name, district_id) VALUES ('12541', 'Xã An Thanh', '338');
INSERT INTO services_ward (id, name, district_id) VALUES ('12547', 'Xã An Vũ', '338');
INSERT INTO services_ward (id, name, district_id) VALUES ('12550', 'Xã An Lễ', '338');
INSERT INTO services_ward (id, name, district_id) VALUES ('12553', 'Xã Quỳnh Hưng', '338');
INSERT INTO services_ward (id, name, district_id) VALUES ('12559', 'Xã An Mỹ', '338');
INSERT INTO services_ward (id, name, district_id) VALUES ('12562', 'Xã Quỳnh Nguyên', '338');
INSERT INTO services_ward (id, name, district_id) VALUES ('12565', 'Xã An Vinh', '338');
INSERT INTO services_ward (id, name, district_id) VALUES ('12571', 'Xã An Dục', '338');
INSERT INTO services_ward (id, name, district_id) VALUES ('12574', 'Xã Đông Hải', '338');
INSERT INTO services_ward (id, name, district_id) VALUES ('12577', 'Xã Trang Bảo Xá', '338');
INSERT INTO services_ward (id, name, district_id) VALUES ('12580', 'Xã An Tràng', '338');
INSERT INTO services_ward (id, name, district_id) VALUES ('12583', 'Xã Đồng Tiến', '338');
INSERT INTO services_district (id, name, city_id) VALUES ('339', 'Huyện Hưng Hà', '34');
INSERT INTO services_ward (id, name, district_id) VALUES ('12586', 'Thị trấn Hưng Hà', '339');
INSERT INTO services_ward (id, name, district_id) VALUES ('12589', 'Xã Quang Trung', '339');
INSERT INTO services_ward (id, name, district_id) VALUES ('12592', 'Xã Tân Lễ', '339');
INSERT INTO services_ward (id, name, district_id) VALUES ('12595', 'Xã Cộng Hòa', '339');
INSERT INTO services_ward (id, name, district_id) VALUES ('12601', 'Xã Canh Tân', '339');
INSERT INTO services_ward (id, name, district_id) VALUES ('12604', 'Xã Hòa Tiến', '339');
INSERT INTO services_ward (id, name, district_id) VALUES ('12610', 'Xã Tân Tiến', '339');
INSERT INTO services_ward (id, name, district_id) VALUES ('12613', 'Thị trấn Hưng Nhân', '339');
INSERT INTO services_ward (id, name, district_id) VALUES ('12616', 'Xã Đoan Hùng', '339');
INSERT INTO services_ward (id, name, district_id) VALUES ('12619', 'Xã Duyên Hải', '339');
INSERT INTO services_ward (id, name, district_id) VALUES ('12622', 'Xã Tân Hòa', '339');
INSERT INTO services_ward (id, name, district_id) VALUES ('12625', 'Xã Văn Cẩm', '339');
INSERT INTO services_ward (id, name, district_id) VALUES ('12628', 'Xã Bắc Sơn', '339');
INSERT INTO services_ward (id, name, district_id) VALUES ('12631', 'Xã Đông Đô', '339');
INSERT INTO services_ward (id, name, district_id) VALUES ('12634', 'Xã Phúc Khánh', '339');
INSERT INTO services_ward (id, name, district_id) VALUES ('12637', 'Xã Liên Hiệp', '339');
INSERT INTO services_ward (id, name, district_id) VALUES ('12640', 'Xã Tây Đô', '339');
INSERT INTO services_ward (id, name, district_id) VALUES ('12643', 'Xã Thống Nhất', '339');
INSERT INTO services_ward (id, name, district_id) VALUES ('12646', 'Xã Tiến Đức', '339');
INSERT INTO services_ward (id, name, district_id) VALUES ('12649', 'Xã Thái Hưng', '339');
INSERT INTO services_ward (id, name, district_id) VALUES ('12652', 'Xã Thái Phương', '339');
INSERT INTO services_ward (id, name, district_id) VALUES ('12655', 'Xã Hòa Bình', '339');
INSERT INTO services_ward (id, name, district_id) VALUES ('12656', 'Xã Chi Lăng', '339');
INSERT INTO services_ward (id, name, district_id) VALUES ('12658', 'Xã Minh Khai', '339');
INSERT INTO services_ward (id, name, district_id) VALUES ('12661', 'Xã Hồng An', '339');
INSERT INTO services_ward (id, name, district_id) VALUES ('12664', 'Xã Kim Chung', '339');
INSERT INTO services_ward (id, name, district_id) VALUES ('12667', 'Xã Hồng Lĩnh', '339');
INSERT INTO services_ward (id, name, district_id) VALUES ('12670', 'Xã Minh Tân', '339');
INSERT INTO services_ward (id, name, district_id) VALUES ('12673', 'Xã Văn Lang', '339');
INSERT INTO services_ward (id, name, district_id) VALUES ('12676', 'Xã Độc Lập', '339');
INSERT INTO services_ward (id, name, district_id) VALUES ('12679', 'Xã Chí Hòa', '339');
INSERT INTO services_ward (id, name, district_id) VALUES ('12682', 'Xã Minh Hòa', '339');
INSERT INTO services_ward (id, name, district_id) VALUES ('12685', 'Xã Hồng Minh', '339');
INSERT INTO services_district (id, name, city_id) VALUES ('340', 'Huyện Đông Hưng', '34');
INSERT INTO services_ward (id, name, district_id) VALUES ('12688', 'Thị trấn Đông Hưng', '340');
INSERT INTO services_ward (id, name, district_id) VALUES ('12694', 'Xã Đông Phương', '340');
INSERT INTO services_ward (id, name, district_id) VALUES ('12700', 'Xã Liên An Đô', '340');
INSERT INTO services_ward (id, name, district_id) VALUES ('12703', 'Xã Đông Sơn', '340');
INSERT INTO services_ward (id, name, district_id) VALUES ('12706', 'Xã Đông Cường', '340');
INSERT INTO services_ward (id, name, district_id) VALUES ('12709', 'Xã Phú Lương', '340');
INSERT INTO services_ward (id, name, district_id) VALUES ('12712', 'Xã Mê Linh', '340');
INSERT INTO services_ward (id, name, district_id) VALUES ('12715', 'Xã Lô Giang', '340');
INSERT INTO services_ward (id, name, district_id) VALUES ('12718', 'Xã Đông La', '340');
INSERT INTO services_ward (id, name, district_id) VALUES ('12721', 'Xã Minh Tân', '340');
INSERT INTO services_ward (id, name, district_id) VALUES ('12724', 'Xã Đông Xá', '340');
INSERT INTO services_ward (id, name, district_id) VALUES ('12730', 'Xã Nguyên Xá', '340');
INSERT INTO services_ward (id, name, district_id) VALUES ('12736', 'Xã Phong Dương Tiến', '340');
INSERT INTO services_ward (id, name, district_id) VALUES ('12739', 'Xã Hồng Việt', '340');
INSERT INTO services_ward (id, name, district_id) VALUES ('12745', 'Xã Hà Giang', '340');
INSERT INTO services_ward (id, name, district_id) VALUES ('12748', 'Xã Đông Kinh', '340');
INSERT INTO services_ward (id, name, district_id) VALUES ('12751', 'Xã Đông Hợp', '340');
INSERT INTO services_ward (id, name, district_id) VALUES ('12754', 'Xã Thăng Long', '340');
INSERT INTO services_ward (id, name, district_id) VALUES ('12757', 'Xã Đông Các', '340');
INSERT INTO services_ward (id, name, district_id) VALUES ('12760', 'Xã Phú Châu', '340');
INSERT INTO services_ward (id, name, district_id) VALUES ('12763', 'Xã Liên Hoa', '340');
INSERT INTO services_ward (id, name, district_id) VALUES ('12769', 'Xã Đông Tân', '340');
INSERT INTO services_ward (id, name, district_id) VALUES ('12772', 'Xã Đông Vinh', '340');
INSERT INTO services_ward (id, name, district_id) VALUES ('12775', 'Xã Xuân Quang Động', '340');
INSERT INTO services_ward (id, name, district_id) VALUES ('12778', 'Xã Hồng Bạch', '340');
INSERT INTO services_ward (id, name, district_id) VALUES ('12784', 'Xã Trọng Quan', '340');
INSERT INTO services_ward (id, name, district_id) VALUES ('12790', 'Xã Hồng Giang', '340');
INSERT INTO services_ward (id, name, district_id) VALUES ('12793', 'Xã Đông Quan', '340');
INSERT INTO services_ward (id, name, district_id) VALUES ('12802', 'Xã Đông Á', '340');
INSERT INTO services_ward (id, name, district_id) VALUES ('12808', 'Xã Đông Hoàng', '340');
INSERT INTO services_ward (id, name, district_id) VALUES ('12811', 'Xã Đông Dương', '340');
INSERT INTO services_ward (id, name, district_id) VALUES ('12823', 'Xã Minh Phú', '340');
INSERT INTO services_district (id, name, city_id) VALUES ('341', 'Huyện Thái Thụy', '34');
INSERT INTO services_ward (id, name, district_id) VALUES ('12826', 'Thị trấn Diêm Điền', '341');
INSERT INTO services_ward (id, name, district_id) VALUES ('12832', 'Xã Thụy Trường', '341');
INSERT INTO services_ward (id, name, district_id) VALUES ('12841', 'Xã Hồng Dũng', '341');
INSERT INTO services_ward (id, name, district_id) VALUES ('12844', 'Xã Thụy Quỳnh', '341');
INSERT INTO services_ward (id, name, district_id) VALUES ('12847', 'Xã An Tân', '341');
INSERT INTO services_ward (id, name, district_id) VALUES ('12850', 'Xã Thụy Ninh', '341');
INSERT INTO services_ward (id, name, district_id) VALUES ('12853', 'Xã Thụy Hưng', '341');
INSERT INTO services_ward (id, name, district_id) VALUES ('12856', 'Xã Thụy Việt', '341');
INSERT INTO services_ward (id, name, district_id) VALUES ('12859', 'Xã Thụy Văn', '341');
INSERT INTO services_ward (id, name, district_id) VALUES ('12862', 'Xã Thụy Xuân', '341');
INSERT INTO services_ward (id, name, district_id) VALUES ('12865', 'Xã Dương Phúc', '341');
INSERT INTO services_ward (id, name, district_id) VALUES ('12868', 'Xã Thụy Trình', '341');
INSERT INTO services_ward (id, name, district_id) VALUES ('12871', 'Xã Thụy Bình', '341');
INSERT INTO services_ward (id, name, district_id) VALUES ('12874', 'Xã Thụy Chính', '341');
INSERT INTO services_ward (id, name, district_id) VALUES ('12877', 'Xã Thụy Dân', '341');
INSERT INTO services_ward (id, name, district_id) VALUES ('12880', 'Xã Thụy Hải', '341');
INSERT INTO services_ward (id, name, district_id) VALUES ('12889', 'Xã Thụy Liên', '341');
INSERT INTO services_ward (id, name, district_id) VALUES ('12892', 'Xã Thụy Duyên', '341');
INSERT INTO services_ward (id, name, district_id) VALUES ('12898', 'Xã Thụy Thanh', '341');
INSERT INTO services_ward (id, name, district_id) VALUES ('12901', 'Xã Thụy Sơn', '341');
INSERT INTO services_ward (id, name, district_id) VALUES ('12904', 'Xã Thụy Phong', '341');
INSERT INTO services_ward (id, name, district_id) VALUES ('12907', 'Xã Thái Thượng', '341');
INSERT INTO services_ward (id, name, district_id) VALUES ('12910', 'Xã Thái Nguyên', '341');
INSERT INTO services_ward (id, name, district_id) VALUES ('12916', 'Xã Dương Hồng Thủy', '341');
INSERT INTO services_ward (id, name, district_id) VALUES ('12919', 'Xã Thái Giang', '341');
INSERT INTO services_ward (id, name, district_id) VALUES ('12922', 'Xã Hòa An', '341');
INSERT INTO services_ward (id, name, district_id) VALUES ('12925', 'Xã Sơn Hà', '341');
INSERT INTO services_ward (id, name, district_id) VALUES ('12934', 'Xã Thái Phúc', '341');
INSERT INTO services_ward (id, name, district_id) VALUES ('12937', 'Xã Thái Hưng', '341');
INSERT INTO services_ward (id, name, district_id) VALUES ('12940', 'Xã Thái Đô', '341');
INSERT INTO services_ward (id, name, district_id) VALUES ('12943', 'Xã Thái Xuyên', '341');
INSERT INTO services_ward (id, name, district_id) VALUES ('12949', 'Xã Mỹ Lộc', '341');
INSERT INTO services_ward (id, name, district_id) VALUES ('12958', 'Xã Tân Học', '341');
INSERT INTO services_ward (id, name, district_id) VALUES ('12961', 'Xã Thái Thịnh', '341');
INSERT INTO services_ward (id, name, district_id) VALUES ('12964', 'Xã Thuần Thành', '341');
INSERT INTO services_ward (id, name, district_id) VALUES ('12967', 'Xã Thái Thọ', '341');
INSERT INTO services_district (id, name, city_id) VALUES ('342', 'Huyện Tiền Hải', '34');
INSERT INTO services_ward (id, name, district_id) VALUES ('12970', 'Thị trấn Tiền Hải', '342');
INSERT INTO services_ward (id, name, district_id) VALUES ('12976', 'Xã Đông Trà', '342');
INSERT INTO services_ward (id, name, district_id) VALUES ('12979', 'Xã Đông Long', '342');
INSERT INTO services_ward (id, name, district_id) VALUES ('12985', 'Xã Vũ Lăng', '342');
INSERT INTO services_ward (id, name, district_id) VALUES ('12988', 'Xã Đông Xuyên', '342');
INSERT INTO services_ward (id, name, district_id) VALUES ('12991', 'Xã Tây Lương', '342');
INSERT INTO services_ward (id, name, district_id) VALUES ('12994', 'Xã Tây Ninh', '342');
INSERT INTO services_ward (id, name, district_id) VALUES ('12997', 'Xã Đông Quang', '342');
INSERT INTO services_ward (id, name, district_id) VALUES ('13000', 'Xã Đông Hoàng', '342');
INSERT INTO services_ward (id, name, district_id) VALUES ('13003', 'Xã Đông Minh', '342');
INSERT INTO services_ward (id, name, district_id) VALUES ('13012', 'Xã An Ninh', '342');
INSERT INTO services_ward (id, name, district_id) VALUES ('13018', 'Xã Đông Cơ', '342');
INSERT INTO services_ward (id, name, district_id) VALUES ('13021', 'Xã Tây Giang', '342');
INSERT INTO services_ward (id, name, district_id) VALUES ('13024', 'Xã Đông Lâm', '342');
INSERT INTO services_ward (id, name, district_id) VALUES ('13027', 'Xã Phương Công', '342');
INSERT INTO services_ward (id, name, district_id) VALUES ('13030', 'Xã Ái Quốc', '342');
INSERT INTO services_ward (id, name, district_id) VALUES ('13036', 'Xã Nam Cường', '342');
INSERT INTO services_ward (id, name, district_id) VALUES ('13039', 'Xã Vân Trường', '342');
INSERT INTO services_ward (id, name, district_id) VALUES ('13045', 'Xã Nam Chính', '342');
INSERT INTO services_ward (id, name, district_id) VALUES ('13048', 'Xã Bắc Hải', '342');
INSERT INTO services_ward (id, name, district_id) VALUES ('13051', 'Xã Nam Thịnh', '342');
INSERT INTO services_ward (id, name, district_id) VALUES ('13054', 'Xã Nam Hà', '342');
INSERT INTO services_ward (id, name, district_id) VALUES ('13057', 'Xã Nam Tiến', '342');
INSERT INTO services_ward (id, name, district_id) VALUES ('13060', 'Xã Nam Trung', '342');
INSERT INTO services_ward (id, name, district_id) VALUES ('13063', 'Xã Nam Hồng', '342');
INSERT INTO services_ward (id, name, district_id) VALUES ('13066', 'Xã Nam Hưng', '342');
INSERT INTO services_ward (id, name, district_id) VALUES ('13069', 'Xã Nam Hải', '342');
INSERT INTO services_ward (id, name, district_id) VALUES ('13072', 'Xã Nam Phú', '342');
INSERT INTO services_district (id, name, city_id) VALUES ('343', 'Huyện Kiến Xương', '34');
INSERT INTO services_ward (id, name, district_id) VALUES ('13075', 'Thị trấn Kiến Xương', '343');
INSERT INTO services_ward (id, name, district_id) VALUES ('13078', 'Xã Trà Giang', '343');
INSERT INTO services_ward (id, name, district_id) VALUES ('13081', 'Xã Quốc Tuấn', '343');
INSERT INTO services_ward (id, name, district_id) VALUES ('13087', 'Xã An Bình', '343');
INSERT INTO services_ward (id, name, district_id) VALUES ('13090', 'Xã Tây Sơn', '343');
INSERT INTO services_ward (id, name, district_id) VALUES ('13093', 'Xã Hồng Thái', '343');
INSERT INTO services_ward (id, name, district_id) VALUES ('13096', 'Xã Bình Nguyên', '343');
INSERT INTO services_ward (id, name, district_id) VALUES ('13102', 'Xã Lê Lợi', '343');
INSERT INTO services_ward (id, name, district_id) VALUES ('13111', 'Xã Vũ Lễ', '343');
INSERT INTO services_ward (id, name, district_id) VALUES ('13114', 'Xã Thanh Tân', '343');
INSERT INTO services_ward (id, name, district_id) VALUES ('13120', 'Xã Thống Nhất', '343');
INSERT INTO services_ward (id, name, district_id) VALUES ('13126', 'Xã Vũ Ninh', '343');
INSERT INTO services_ward (id, name, district_id) VALUES ('13129', 'Xã Vũ An', '343');
INSERT INTO services_ward (id, name, district_id) VALUES ('13132', 'Xã Quang Lịch', '343');
INSERT INTO services_ward (id, name, district_id) VALUES ('13135', 'Xã Hòa Bình', '343');
INSERT INTO services_ward (id, name, district_id) VALUES ('13138', 'Xã Bình Minh', '343');
INSERT INTO services_ward (id, name, district_id) VALUES ('13141', 'Xã Vũ Quí', '343');
INSERT INTO services_ward (id, name, district_id) VALUES ('13144', 'Xã Quang Bình', '343');
INSERT INTO services_ward (id, name, district_id) VALUES ('13150', 'Xã Vũ Trung', '343');
INSERT INTO services_ward (id, name, district_id) VALUES ('13156', 'Xã Vũ Công', '343');
INSERT INTO services_ward (id, name, district_id) VALUES ('13159', 'Xã Hồng Vũ', '343');
INSERT INTO services_ward (id, name, district_id) VALUES ('13162', 'Xã Quang Minh', '343');
INSERT INTO services_ward (id, name, district_id) VALUES ('13165', 'Xã Quang Trung', '343');
INSERT INTO services_ward (id, name, district_id) VALUES ('13171', 'Xã Minh Quang', '343');
INSERT INTO services_ward (id, name, district_id) VALUES ('13177', 'Xã Minh Tân', '343');
INSERT INTO services_ward (id, name, district_id) VALUES ('13180', 'Xã Nam Bình', '343');
INSERT INTO services_ward (id, name, district_id) VALUES ('13183', 'Xã Bình Thanh', '343');
INSERT INTO services_ward (id, name, district_id) VALUES ('13186', 'Xã Bình Định', '343');
INSERT INTO services_ward (id, name, district_id) VALUES ('13189', 'Xã Hồng Tiến', '343');
INSERT INTO services_district (id, name, city_id) VALUES ('344', 'Huyện Vũ Thư', '34');
INSERT INTO services_ward (id, name, district_id) VALUES ('13276', 'Xã Vũ Vân', '344');
INSERT INTO services_ward (id, name, district_id) VALUES ('13192', 'Thị trấn Vũ Thư', '344');
INSERT INTO services_ward (id, name, district_id) VALUES ('13195', 'Xã Hồng Lý', '344');
INSERT INTO services_ward (id, name, district_id) VALUES ('13198', 'Xã Đồng Thanh', '344');
INSERT INTO services_ward (id, name, district_id) VALUES ('13201', 'Xã Xuân Hòa', '344');
INSERT INTO services_ward (id, name, district_id) VALUES ('13204', 'Xã Hiệp Hòa', '344');
INSERT INTO services_ward (id, name, district_id) VALUES ('13207', 'Xã Phúc Thành', '344');
INSERT INTO services_ward (id, name, district_id) VALUES ('13210', 'Xã Tân Phong', '344');
INSERT INTO services_ward (id, name, district_id) VALUES ('13213', 'Xã Song Lãng', '344');
INSERT INTO services_ward (id, name, district_id) VALUES ('13216', 'Xã Tân Hòa', '344');
INSERT INTO services_ward (id, name, district_id) VALUES ('13219', 'Xã Việt Hùng', '344');
INSERT INTO services_ward (id, name, district_id) VALUES ('13222', 'Xã Minh Lãng', '344');
INSERT INTO services_ward (id, name, district_id) VALUES ('13228', 'Xã Minh Khai', '344');
INSERT INTO services_ward (id, name, district_id) VALUES ('13231', 'Xã Dũng Nghĩa', '344');
INSERT INTO services_ward (id, name, district_id) VALUES ('13234', 'Xã Minh Quang', '344');
INSERT INTO services_ward (id, name, district_id) VALUES ('13237', 'Xã Tam Quang', '344');
INSERT INTO services_ward (id, name, district_id) VALUES ('13240', 'Xã Tân Lập', '344');
INSERT INTO services_ward (id, name, district_id) VALUES ('13243', 'Xã Bách Thuận', '344');
INSERT INTO services_ward (id, name, district_id) VALUES ('13246', 'Xã Tự Tân', '344');
INSERT INTO services_ward (id, name, district_id) VALUES ('13249', 'Xã Song An', '344');
INSERT INTO services_ward (id, name, district_id) VALUES ('13252', 'Xã Trung An', '344');
INSERT INTO services_ward (id, name, district_id) VALUES ('13255', 'Xã Vũ Hội', '344');
INSERT INTO services_ward (id, name, district_id) VALUES ('13258', 'Xã Hòa Bình', '344');
INSERT INTO services_ward (id, name, district_id) VALUES ('13261', 'Xã Nguyên Xá', '344');
INSERT INTO services_ward (id, name, district_id) VALUES ('13264', 'Xã Việt Thuận', '344');
INSERT INTO services_ward (id, name, district_id) VALUES ('13267', 'Xã Vũ Vinh', '344');
INSERT INTO services_ward (id, name, district_id) VALUES ('13270', 'Xã Vũ Đoài', '344');
INSERT INTO services_ward (id, name, district_id) VALUES ('13273', 'Xã Vũ Tiến', '344');
INSERT INTO services_ward (id, name, district_id) VALUES ('13279', 'Xã Duy Nhất', '344');
INSERT INTO services_ward (id, name, district_id) VALUES ('13282', 'Xã Hồng Phong', '344');
INSERT INTO services_city (id, name) VALUES ('35', 'Tỉnh Hà Nam');
INSERT INTO services_district (id, name, city_id) VALUES ('347', 'Thành phố Phủ Lý', '35');
INSERT INTO services_ward (id, name, district_id) VALUES ('13285', 'Phường Quang Trung', '347');
INSERT INTO services_ward (id, name, district_id) VALUES ('13291', 'Phường Lê Hồng Phong', '347');
INSERT INTO services_ward (id, name, district_id) VALUES ('13294', 'Phường Châu Cầu', '347');
INSERT INTO services_ward (id, name, district_id) VALUES ('13303', 'Phường Lam Hạ', '347');
INSERT INTO services_ward (id, name, district_id) VALUES ('13306', 'Xã Phù Vân', '347');
INSERT INTO services_ward (id, name, district_id) VALUES ('13309', 'Phường Liêm Chính', '347');
INSERT INTO services_ward (id, name, district_id) VALUES ('13315', 'Phường Thanh Châu', '347');
INSERT INTO services_ward (id, name, district_id) VALUES ('13318', 'Phường Châu Sơn', '347');
INSERT INTO services_ward (id, name, district_id) VALUES ('13366', 'Phường Tân Hiệp', '347');
INSERT INTO services_ward (id, name, district_id) VALUES ('13426', 'Xã Kim Bình', '347');
INSERT INTO services_ward (id, name, district_id) VALUES ('13444', 'Phường Tân Liêm', '347');
INSERT INTO services_ward (id, name, district_id) VALUES ('13459', 'Phường Thanh Tuyền', '347');
INSERT INTO services_ward (id, name, district_id) VALUES ('13507', 'Xã Đinh Xá', '347');
INSERT INTO services_ward (id, name, district_id) VALUES ('13513', 'Xã Trịnh Xá', '347');
INSERT INTO services_district (id, name, city_id) VALUES ('349', 'Thị xã Duy Tiên', '35');
INSERT INTO services_ward (id, name, district_id) VALUES ('13321', 'Phường Đồng Văn', '349');
INSERT INTO services_ward (id, name, district_id) VALUES ('13324', 'Phường Hòa Mạc', '349');
INSERT INTO services_ward (id, name, district_id) VALUES ('13327', 'Xã Mộc Hoàn', '349');
INSERT INTO services_ward (id, name, district_id) VALUES ('13330', 'Phường Châu Giang', '349');
INSERT INTO services_ward (id, name, district_id) VALUES ('13333', 'Phường Bạch Thượng', '349');
INSERT INTO services_ward (id, name, district_id) VALUES ('13336', 'Phường Duy Minh', '349');
INSERT INTO services_ward (id, name, district_id) VALUES ('13342', 'Phường Duy Hải', '349');
INSERT INTO services_ward (id, name, district_id) VALUES ('13345', 'Xã Chuyên Ngoại', '349');
INSERT INTO services_ward (id, name, district_id) VALUES ('13348', 'Phường Yên Bắc', '349');
INSERT INTO services_ward (id, name, district_id) VALUES ('13351', 'Xã Trác Văn', '349');
INSERT INTO services_ward (id, name, district_id) VALUES ('13354', 'Phường Tiên Nội', '349');
INSERT INTO services_ward (id, name, district_id) VALUES ('13357', 'Phường Hoàng Đông', '349');
INSERT INTO services_ward (id, name, district_id) VALUES ('13360', 'Xã Yên Nam', '349');
INSERT INTO services_ward (id, name, district_id) VALUES ('13363', 'Xã Tiên Ngoại', '349');
INSERT INTO services_ward (id, name, district_id) VALUES ('13369', 'Xã Tiên Sơn', '349');
INSERT INTO services_district (id, name, city_id) VALUES ('350', 'Thị xã Kim Bảng', '35');
INSERT INTO services_ward (id, name, district_id) VALUES ('13384', 'Phường Quế', '350');
INSERT INTO services_ward (id, name, district_id) VALUES ('13387', 'Xã Nguyễn Úy', '350');
INSERT INTO services_ward (id, name, district_id) VALUES ('13390', 'Phường Đại Cương', '350');
INSERT INTO services_ward (id, name, district_id) VALUES ('13393', 'Phường Lê Hồ', '350');
INSERT INTO services_ward (id, name, district_id) VALUES ('13396', 'Phường Tượng Lĩnh', '350');
INSERT INTO services_ward (id, name, district_id) VALUES ('13402', 'Phường Tân Tựu', '350');
INSERT INTO services_ward (id, name, district_id) VALUES ('13405', 'Phường Đồng Hóa', '350');
INSERT INTO services_ward (id, name, district_id) VALUES ('13408', 'Xã Hoàng Tây', '350');
INSERT INTO services_ward (id, name, district_id) VALUES ('13411', 'Phường Tân Sơn', '350');
INSERT INTO services_ward (id, name, district_id) VALUES ('13414', 'Xã Thụy Lôi', '350');
INSERT INTO services_ward (id, name, district_id) VALUES ('13417', 'Xã Văn Xá', '350');
INSERT INTO services_ward (id, name, district_id) VALUES ('13420', 'Xã Khả Phong', '350');
INSERT INTO services_ward (id, name, district_id) VALUES ('13423', 'Phường Ngọc Sơn', '350');
INSERT INTO services_ward (id, name, district_id) VALUES ('13429', 'Phường Ba Sao', '350');
INSERT INTO services_ward (id, name, district_id) VALUES ('13432', 'Xã Liên Sơn', '350');
INSERT INTO services_ward (id, name, district_id) VALUES ('13435', 'Phường Thi Sơn', '350');
INSERT INTO services_ward (id, name, district_id) VALUES ('13438', 'Xã Thanh Sơn', '350');
INSERT INTO services_district (id, name, city_id) VALUES ('351', 'Huyện Thanh Liêm', '35');
INSERT INTO services_ward (id, name, district_id) VALUES ('13441', 'Thị trấn Kiện Khê', '351');
INSERT INTO services_ward (id, name, district_id) VALUES ('13450', 'Xã Liêm Phong', '351');
INSERT INTO services_ward (id, name, district_id) VALUES ('13453', 'Xã Thanh Hà', '351');
INSERT INTO services_ward (id, name, district_id) VALUES ('13456', 'Xã Liêm Cần', '351');
INSERT INTO services_ward (id, name, district_id) VALUES ('13465', 'Xã Liêm Thuận', '351');
INSERT INTO services_ward (id, name, district_id) VALUES ('13468', 'Xã Thanh Thủy', '351');
INSERT INTO services_ward (id, name, district_id) VALUES ('13471', 'Xã Thanh Phong', '351');
INSERT INTO services_ward (id, name, district_id) VALUES ('13474', 'Thị trấn Tân Thanh', '351');
INSERT INTO services_ward (id, name, district_id) VALUES ('13477', 'Xã Thanh Tân', '351');
INSERT INTO services_ward (id, name, district_id) VALUES ('13480', 'Xã Liêm Túc', '351');
INSERT INTO services_ward (id, name, district_id) VALUES ('13483', 'Xã Liêm Sơn', '351');
INSERT INTO services_ward (id, name, district_id) VALUES ('13486', 'Xã Thanh Hương', '351');
INSERT INTO services_ward (id, name, district_id) VALUES ('13489', 'Xã Thanh Nghị', '351');
INSERT INTO services_ward (id, name, district_id) VALUES ('13492', 'Xã Thanh Tâm', '351');
INSERT INTO services_ward (id, name, district_id) VALUES ('13495', 'Xã Thanh Nguyên', '351');
INSERT INTO services_ward (id, name, district_id) VALUES ('13498', 'Xã Thanh Hải', '351');
INSERT INTO services_district (id, name, city_id) VALUES ('352', 'Huyện Bình Lục', '35');
INSERT INTO services_ward (id, name, district_id) VALUES ('13501', 'Thị trấn Bình Mỹ', '352');
INSERT INTO services_ward (id, name, district_id) VALUES ('13504', 'Xã Bình Nghĩa', '352');
INSERT INTO services_ward (id, name, district_id) VALUES ('13510', 'Xã Tràng An', '352');
INSERT INTO services_ward (id, name, district_id) VALUES ('13516', 'Xã Đồng Du', '352');
INSERT INTO services_ward (id, name, district_id) VALUES ('13519', 'Xã Ngọc Lũ', '352');
INSERT INTO services_ward (id, name, district_id) VALUES ('13525', 'Xã Đồn Xá', '352');
INSERT INTO services_ward (id, name, district_id) VALUES ('13528', 'Xã An Ninh', '352');
INSERT INTO services_ward (id, name, district_id) VALUES ('13531', 'Xã Bồ Đề', '352');
INSERT INTO services_ward (id, name, district_id) VALUES ('13540', 'Xã Bình An', '352');
INSERT INTO services_ward (id, name, district_id) VALUES ('13543', 'Xã Vũ Bản', '352');
INSERT INTO services_ward (id, name, district_id) VALUES ('13546', 'Xã Trung Lương', '352');
INSERT INTO services_ward (id, name, district_id) VALUES ('13552', 'Xã An Đổ', '352');
INSERT INTO services_ward (id, name, district_id) VALUES ('13555', 'Xã La Sơn', '352');
INSERT INTO services_ward (id, name, district_id) VALUES ('13558', 'Xã Tiêu Động', '352');
INSERT INTO services_ward (id, name, district_id) VALUES ('13561', 'Xã An Lão', '352');
INSERT INTO services_district (id, name, city_id) VALUES ('353', 'Huyện Lý Nhân', '35');
INSERT INTO services_ward (id, name, district_id) VALUES ('13567', 'Xã Hợp Lý', '353');
INSERT INTO services_ward (id, name, district_id) VALUES ('13570', 'Xã Nguyên Lý', '353');
INSERT INTO services_ward (id, name, district_id) VALUES ('13573', 'Xã Chính Lý', '353');
INSERT INTO services_ward (id, name, district_id) VALUES ('13576', 'Xã Chân Lý', '353');
INSERT INTO services_ward (id, name, district_id) VALUES ('13579', 'Xã Đạo Lý', '353');
INSERT INTO services_ward (id, name, district_id) VALUES ('13582', 'Xã Công Lý', '353');
INSERT INTO services_ward (id, name, district_id) VALUES ('13585', 'Xã Văn Lý', '353');
INSERT INTO services_ward (id, name, district_id) VALUES ('13588', 'Xã Bắc Lý', '353');
INSERT INTO services_ward (id, name, district_id) VALUES ('13591', 'Xã Đức Lý', '353');
INSERT INTO services_ward (id, name, district_id) VALUES ('13594', 'Xã Trần Hưng Đạo', '353');
INSERT INTO services_ward (id, name, district_id) VALUES ('13597', 'Thị trấn Vĩnh Trụ', '353');
INSERT INTO services_ward (id, name, district_id) VALUES ('13600', 'Xã Nhân Thịnh', '353');
INSERT INTO services_ward (id, name, district_id) VALUES ('13606', 'Xã Nhân Khang', '353');
INSERT INTO services_ward (id, name, district_id) VALUES ('13609', 'Xã Nhân Mỹ', '353');
INSERT INTO services_ward (id, name, district_id) VALUES ('13612', 'Xã Nhân Nghĩa', '353');
INSERT INTO services_ward (id, name, district_id) VALUES ('13615', 'Xã Nhân Chính', '353');
INSERT INTO services_ward (id, name, district_id) VALUES ('13618', 'Xã Nhân Bình', '353');
INSERT INTO services_ward (id, name, district_id) VALUES ('13621', 'Xã Phú Phúc', '353');
INSERT INTO services_ward (id, name, district_id) VALUES ('13624', 'Xã Xuân Khê', '353');
INSERT INTO services_ward (id, name, district_id) VALUES ('13627', 'Xã Tiến Thắng', '353');
INSERT INTO services_ward (id, name, district_id) VALUES ('13630', 'Xã Hòa Hậu', '353');
INSERT INTO services_city (id, name) VALUES ('36', 'Tỉnh Nam Định');
INSERT INTO services_district (id, name, city_id) VALUES ('356', 'Thành phố Nam Định', '36');
INSERT INTO services_ward (id, name, district_id) VALUES ('13636', 'Phường Vị Xuyên', '356');
INSERT INTO services_ward (id, name, district_id) VALUES ('13657', 'Phường Trường Thi', '356');
INSERT INTO services_ward (id, name, district_id) VALUES ('13666', 'Phường Trần Hưng Đạo', '356');
INSERT INTO services_ward (id, name, district_id) VALUES ('13669', 'Phường Cửa Bắc', '356');
INSERT INTO services_ward (id, name, district_id) VALUES ('13678', 'Phường Năng Tĩnh', '356');
INSERT INTO services_ward (id, name, district_id) VALUES ('13681', 'Phường Quang Trung', '356');
INSERT INTO services_ward (id, name, district_id) VALUES ('13684', 'Phường Lộc Hạ', '356');
INSERT INTO services_ward (id, name, district_id) VALUES ('13687', 'Phường Lộc Vượng', '356');
INSERT INTO services_ward (id, name, district_id) VALUES ('13690', 'Phường Cửa Nam', '356');
INSERT INTO services_ward (id, name, district_id) VALUES ('13693', 'Phường Lộc Hòa', '356');
INSERT INTO services_ward (id, name, district_id) VALUES ('13696', 'Phường Nam Phong', '356');
INSERT INTO services_ward (id, name, district_id) VALUES ('13699', 'Phường Mỹ Xá', '356');
INSERT INTO services_ward (id, name, district_id) VALUES ('13705', 'Phường Nam Vân', '356');
INSERT INTO services_ward (id, name, district_id) VALUES ('13708', 'Phường Hưng Lộc', '356');
INSERT INTO services_ward (id, name, district_id) VALUES ('13711', 'Xã Mỹ Hà', '356');
INSERT INTO services_ward (id, name, district_id) VALUES ('13717', 'Xã Mỹ Thắng', '356');
INSERT INTO services_ward (id, name, district_id) VALUES ('13720', 'Xã Mỹ Trung', '356');
INSERT INTO services_ward (id, name, district_id) VALUES ('13723', 'Xã Mỹ Tân', '356');
INSERT INTO services_ward (id, name, district_id) VALUES ('13726', 'Xã Mỹ Phúc', '356');
INSERT INTO services_ward (id, name, district_id) VALUES ('13732', 'Xã Mỹ Thuận', '356');
INSERT INTO services_ward (id, name, district_id) VALUES ('13735', 'Xã Mỹ Lộc', '356');
INSERT INTO services_district (id, name, city_id) VALUES ('359', 'Huyện Vụ Bản', '36');
INSERT INTO services_ward (id, name, district_id) VALUES ('13741', 'Thị trấn Gôi', '359');
INSERT INTO services_ward (id, name, district_id) VALUES ('13747', 'Xã Hiển Khánh', '359');
INSERT INTO services_ward (id, name, district_id) VALUES ('13750', 'Xã Minh Tân', '359');
INSERT INTO services_ward (id, name, district_id) VALUES ('13753', 'Xã Hợp Hưng', '359');
INSERT INTO services_ward (id, name, district_id) VALUES ('13756', 'Xã Đại An', '359');
INSERT INTO services_ward (id, name, district_id) VALUES ('13762', 'Xã Cộng Hòa', '359');
INSERT INTO services_ward (id, name, district_id) VALUES ('13765', 'Xã Trung Thành', '359');
INSERT INTO services_ward (id, name, district_id) VALUES ('13768', 'Xã Quang Trung', '359');
INSERT INTO services_ward (id, name, district_id) VALUES ('13777', 'Xã Thành Lợi', '359');
INSERT INTO services_ward (id, name, district_id) VALUES ('13780', 'Xã Kim Thái', '359');
INSERT INTO services_ward (id, name, district_id) VALUES ('13783', 'Xã Liên Minh', '359');
INSERT INTO services_ward (id, name, district_id) VALUES ('13786', 'Xã Đại Thắng', '359');
INSERT INTO services_ward (id, name, district_id) VALUES ('13789', 'Xã Tam Thanh', '359');
INSERT INTO services_ward (id, name, district_id) VALUES ('13792', 'Xã Vĩnh Hào', '359');
INSERT INTO services_district (id, name, city_id) VALUES ('360', 'Huyện Ý Yên', '36');
INSERT INTO services_ward (id, name, district_id) VALUES ('13795', 'Thị trấn Lâm', '360');
INSERT INTO services_ward (id, name, district_id) VALUES ('13801', 'Xã Trung Nghĩa', '360');
INSERT INTO services_ward (id, name, district_id) VALUES ('13807', 'Xã Tân Minh', '360');
INSERT INTO services_ward (id, name, district_id) VALUES ('13810', 'Xã Yên Thọ', '360');
INSERT INTO services_ward (id, name, district_id) VALUES ('13819', 'Xã Phú Hưng', '360');
INSERT INTO services_ward (id, name, district_id) VALUES ('13822', 'Xã Yên Chính', '360');
INSERT INTO services_ward (id, name, district_id) VALUES ('13825', 'Xã Yên Bình', '360');
INSERT INTO services_ward (id, name, district_id) VALUES ('13831', 'Xã Yên Mỹ', '360');
INSERT INTO services_ward (id, name, district_id) VALUES ('13834', 'Xã Yên Dương', '360');
INSERT INTO services_ward (id, name, district_id) VALUES ('13843', 'Xã Yên Khánh', '360');
INSERT INTO services_ward (id, name, district_id) VALUES ('13846', 'Xã Yên Phong', '360');
INSERT INTO services_ward (id, name, district_id) VALUES ('13849', 'Xã Yên Ninh', '360');
INSERT INTO services_ward (id, name, district_id) VALUES ('13852', 'Xã Yên Lương', '360');
INSERT INTO services_ward (id, name, district_id) VALUES ('13861', 'Xã Yên Tiến', '360');
INSERT INTO services_ward (id, name, district_id) VALUES ('13864', 'Xã Yên Thắng', '360');
INSERT INTO services_ward (id, name, district_id) VALUES ('13867', 'Xã Yên Phúc', '360');
INSERT INTO services_ward (id, name, district_id) VALUES ('13870', 'Xã Yên Cường', '360');
INSERT INTO services_ward (id, name, district_id) VALUES ('13873', 'Xã Yên Lộc', '360');
INSERT INTO services_ward (id, name, district_id) VALUES ('13876', 'Xã Hồng Quang', '360');
INSERT INTO services_ward (id, name, district_id) VALUES ('13879', 'Xã Yên Đồng', '360');
INSERT INTO services_ward (id, name, district_id) VALUES ('13882', 'Xã Yên Khang', '360');
INSERT INTO services_ward (id, name, district_id) VALUES ('13885', 'Xã Yên Nhân', '360');
INSERT INTO services_ward (id, name, district_id) VALUES ('13888', 'Xã Yên Trị', '360');
INSERT INTO services_district (id, name, city_id) VALUES ('361', 'Huyện Nghĩa Hưng', '36');
INSERT INTO services_ward (id, name, district_id) VALUES ('13891', 'Thị trấn Liễu Đề', '361');
INSERT INTO services_ward (id, name, district_id) VALUES ('13894', 'Thị trấn Rạng Đông', '361');
INSERT INTO services_ward (id, name, district_id) VALUES ('13900', 'Xã Đồng Thịnh', '361');
INSERT INTO services_ward (id, name, district_id) VALUES ('13906', 'Xã Nghĩa Thái', '361');
INSERT INTO services_ward (id, name, district_id) VALUES ('13909', 'Xã Hoàng Nam', '361');
INSERT INTO services_ward (id, name, district_id) VALUES ('13912', 'Xã Nghĩa Châu', '361');
INSERT INTO services_ward (id, name, district_id) VALUES ('13915', 'Xã Nghĩa Trung', '361');
INSERT INTO services_ward (id, name, district_id) VALUES ('13918', 'Xã Nghĩa Sơn', '361');
INSERT INTO services_ward (id, name, district_id) VALUES ('13921', 'Xã Nghĩa Lạc', '361');
INSERT INTO services_ward (id, name, district_id) VALUES ('13924', 'Xã Nghĩa Hồng', '361');
INSERT INTO services_ward (id, name, district_id) VALUES ('13927', 'Xã Nghĩa Phong', '361');
INSERT INTO services_ward (id, name, district_id) VALUES ('13930', 'Xã Nghĩa Phú', '361');
INSERT INTO services_ward (id, name, district_id) VALUES ('13939', 'Thị trấn Quỹ Nhất', '361');
INSERT INTO services_ward (id, name, district_id) VALUES ('13942', 'Xã Nghĩa Hùng', '361');
INSERT INTO services_ward (id, name, district_id) VALUES ('13945', 'Xã Nghĩa Lâm', '361');
INSERT INTO services_ward (id, name, district_id) VALUES ('13948', 'Xã Nghĩa Thành', '361');
INSERT INTO services_ward (id, name, district_id) VALUES ('13951', 'Xã Phúc Thắng', '361');
INSERT INTO services_ward (id, name, district_id) VALUES ('13954', 'Xã Nghĩa Lợi', '361');
INSERT INTO services_ward (id, name, district_id) VALUES ('13957', 'Xã Nghĩa Hải', '361');
INSERT INTO services_ward (id, name, district_id) VALUES ('13963', 'Xã Nam Điền', '361');
INSERT INTO services_district (id, name, city_id) VALUES ('362', 'Huyện Nam Trực', '36');
INSERT INTO services_ward (id, name, district_id) VALUES ('13966', 'Thị trấn Nam Giang', '362');
INSERT INTO services_ward (id, name, district_id) VALUES ('13972', 'Xã Nam Điền', '362');
INSERT INTO services_ward (id, name, district_id) VALUES ('13975', 'Xã Nghĩa An', '362');
INSERT INTO services_ward (id, name, district_id) VALUES ('13978', 'Xã Nam Thắng', '362');
INSERT INTO services_ward (id, name, district_id) VALUES ('13984', 'Xã Hồng Quang', '362');
INSERT INTO services_ward (id, name, district_id) VALUES ('13987', 'Xã Tân Thịnh', '362');
INSERT INTO services_ward (id, name, district_id) VALUES ('13990', 'Xã Nam Cường', '362');
INSERT INTO services_ward (id, name, district_id) VALUES ('13993', 'Xã Nam Hồng', '362');
INSERT INTO services_ward (id, name, district_id) VALUES ('13996', 'Xã Nam Hùng', '362');
INSERT INTO services_ward (id, name, district_id) VALUES ('13999', 'Xã Nam Hoa', '362');
INSERT INTO services_ward (id, name, district_id) VALUES ('14002', 'Xã Nam Dương', '362');
INSERT INTO services_ward (id, name, district_id) VALUES ('14005', 'Xã Nam Thanh', '362');
INSERT INTO services_ward (id, name, district_id) VALUES ('14008', 'Xã Nam Lợi', '362');
INSERT INTO services_ward (id, name, district_id) VALUES ('14011', 'Xã Bình Minh', '362');
INSERT INTO services_ward (id, name, district_id) VALUES ('14014', 'Xã Đồng Sơn', '362');
INSERT INTO services_ward (id, name, district_id) VALUES ('14017', 'Xã Nam Tiến', '362');
INSERT INTO services_ward (id, name, district_id) VALUES ('14020', 'Xã Nam Hải', '362');
INSERT INTO services_ward (id, name, district_id) VALUES ('14023', 'Xã Nam Thái', '362');
INSERT INTO services_district (id, name, city_id) VALUES ('363', 'Huyện Trực Ninh', '36');
INSERT INTO services_ward (id, name, district_id) VALUES ('14026', 'Thị trấn Cổ Lễ', '363');
INSERT INTO services_ward (id, name, district_id) VALUES ('14029', 'Xã Phương Định', '363');
INSERT INTO services_ward (id, name, district_id) VALUES ('14032', 'Xã Trực Chính', '363');
INSERT INTO services_ward (id, name, district_id) VALUES ('14035', 'Xã Trung Đông', '363');
INSERT INTO services_ward (id, name, district_id) VALUES ('14038', 'Xã Liêm Hải', '363');
INSERT INTO services_ward (id, name, district_id) VALUES ('14041', 'Xã Trực Tuấn', '363');
INSERT INTO services_ward (id, name, district_id) VALUES ('14044', 'Xã Việt Hùng', '363');
INSERT INTO services_ward (id, name, district_id) VALUES ('14047', 'Xã Trực Đạo', '363');
INSERT INTO services_ward (id, name, district_id) VALUES ('14050', 'Xã Trực Hưng', '363');
INSERT INTO services_ward (id, name, district_id) VALUES ('14053', 'Xã Trực Nội', '363');
INSERT INTO services_ward (id, name, district_id) VALUES ('14056', 'Thị trấn Cát Thành', '363');
INSERT INTO services_ward (id, name, district_id) VALUES ('14059', 'Xã Trực Thanh', '363');
INSERT INTO services_ward (id, name, district_id) VALUES ('14062', 'Xã Trực Khang', '363');
INSERT INTO services_ward (id, name, district_id) VALUES ('14065', 'Xã Trực Thuận', '363');
INSERT INTO services_ward (id, name, district_id) VALUES ('14068', 'Xã Trực Mỹ', '363');
INSERT INTO services_ward (id, name, district_id) VALUES ('14071', 'Xã Trực Đại', '363');
INSERT INTO services_ward (id, name, district_id) VALUES ('14074', 'Xã Trực Cường', '363');
INSERT INTO services_ward (id, name, district_id) VALUES ('14077', 'Thị trấn Ninh Cường', '363');
INSERT INTO services_ward (id, name, district_id) VALUES ('14080', 'Xã Trực Thái', '363');
INSERT INTO services_ward (id, name, district_id) VALUES ('14083', 'Xã Trực Hùng', '363');
INSERT INTO services_ward (id, name, district_id) VALUES ('14086', 'Xã Trực Thắng', '363');
INSERT INTO services_district (id, name, city_id) VALUES ('364', 'Huyện Xuân Trường', '36');
INSERT INTO services_ward (id, name, district_id) VALUES ('14089', 'Thị trấn Xuân Trường', '364');
INSERT INTO services_ward (id, name, district_id) VALUES ('14092', 'Xã Xuân Châu', '364');
INSERT INTO services_ward (id, name, district_id) VALUES ('14095', 'Xã Xuân Hồng', '364');
INSERT INTO services_ward (id, name, district_id) VALUES ('14098', 'Xã Xuân Thành', '364');
INSERT INTO services_ward (id, name, district_id) VALUES ('14101', 'Xã Xuân Thượng', '364');
INSERT INTO services_ward (id, name, district_id) VALUES ('14104', 'Xã Xuân Giang', '364');
INSERT INTO services_ward (id, name, district_id) VALUES ('14110', 'Xã Xuân Tân', '364');
INSERT INTO services_ward (id, name, district_id) VALUES ('14116', 'Xã Xuân Ngọc', '364');
INSERT INTO services_ward (id, name, district_id) VALUES ('14122', 'Xã Trà Lũ', '364');
INSERT INTO services_ward (id, name, district_id) VALUES ('14125', 'Xã Thọ Nghiệp', '364');
INSERT INTO services_ward (id, name, district_id) VALUES ('14128', 'Xã Xuân Phú', '364');
INSERT INTO services_ward (id, name, district_id) VALUES ('14134', 'Xã Xuân Vinh', '364');
INSERT INTO services_ward (id, name, district_id) VALUES ('14143', 'Xã Xuân Ninh', '364');
INSERT INTO services_ward (id, name, district_id) VALUES ('14146', 'Xã Xuân Phúc', '364');
INSERT INTO services_district (id, name, city_id) VALUES ('365', 'Huyện Giao Thủy', '36');
INSERT INTO services_ward (id, name, district_id) VALUES ('14152', 'Thị trấn Quất Lâm', '365');
INSERT INTO services_ward (id, name, district_id) VALUES ('14155', 'Xã Giao Hương', '365');
INSERT INTO services_ward (id, name, district_id) VALUES ('14158', 'Xã Hồng Thuận', '365');
INSERT INTO services_ward (id, name, district_id) VALUES ('14161', 'Xã Giao Thiện', '365');
INSERT INTO services_ward (id, name, district_id) VALUES ('14164', 'Xã Giao Thanh', '365');
INSERT INTO services_ward (id, name, district_id) VALUES ('14167', 'Thị trấn Giao Thủy', '365');
INSERT INTO services_ward (id, name, district_id) VALUES ('14170', 'Xã Bình Hòa', '365');
INSERT INTO services_ward (id, name, district_id) VALUES ('14176', 'Xã Giao Hà', '365');
INSERT INTO services_ward (id, name, district_id) VALUES ('14179', 'Xã Giao Nhân', '365');
INSERT INTO services_ward (id, name, district_id) VALUES ('14182', 'Xã Giao An', '365');
INSERT INTO services_ward (id, name, district_id) VALUES ('14185', 'Xã Giao Lạc', '365');
INSERT INTO services_ward (id, name, district_id) VALUES ('14188', 'Xã Giao Châu', '365');
INSERT INTO services_ward (id, name, district_id) VALUES ('14191', 'Xã Giao Tân', '365');
INSERT INTO services_ward (id, name, district_id) VALUES ('14194', 'Xã Giao Yến', '365');
INSERT INTO services_ward (id, name, district_id) VALUES ('14197', 'Xã Giao Xuân', '365');
INSERT INTO services_ward (id, name, district_id) VALUES ('14200', 'Xã Giao Thịnh', '365');
INSERT INTO services_ward (id, name, district_id) VALUES ('14203', 'Xã Giao Hải', '365');
INSERT INTO services_ward (id, name, district_id) VALUES ('14206', 'Xã Bạch Long', '365');
INSERT INTO services_ward (id, name, district_id) VALUES ('14209', 'Xã Giao Long', '365');
INSERT INTO services_ward (id, name, district_id) VALUES ('14212', 'Xã Giao Phong', '365');
INSERT INTO services_district (id, name, city_id) VALUES ('366', 'Huyện Hải Hậu', '36');
INSERT INTO services_ward (id, name, district_id) VALUES ('14215', 'Thị trấn Yên Định', '366');
INSERT INTO services_ward (id, name, district_id) VALUES ('14218', 'Thị trấn Cồn', '366');
INSERT INTO services_ward (id, name, district_id) VALUES ('14221', 'Thị trấn Thịnh Long', '366');
INSERT INTO services_ward (id, name, district_id) VALUES ('14224', 'Xã Hải Nam', '366');
INSERT INTO services_ward (id, name, district_id) VALUES ('14227', 'Xã Hải Trung', '366');
INSERT INTO services_ward (id, name, district_id) VALUES ('14233', 'Xã Hải Minh', '366');
INSERT INTO services_ward (id, name, district_id) VALUES ('14236', 'Xã Hải Anh', '366');
INSERT INTO services_ward (id, name, district_id) VALUES ('14248', 'Xã Hải Hưng', '366');
INSERT INTO services_ward (id, name, district_id) VALUES ('14254', 'Xã Hải Long', '366');
INSERT INTO services_ward (id, name, district_id) VALUES ('14260', 'Xã Hải Đường', '366');
INSERT INTO services_ward (id, name, district_id) VALUES ('14263', 'Xã Hải Lộc', '366');
INSERT INTO services_ward (id, name, district_id) VALUES ('14266', 'Xã Hải Quang', '366');
INSERT INTO services_ward (id, name, district_id) VALUES ('14269', 'Xã Hải Đông', '366');
INSERT INTO services_ward (id, name, district_id) VALUES ('14272', 'Xã Hải Sơn', '366');
INSERT INTO services_ward (id, name, district_id) VALUES ('14275', 'Xã Hải Tân', '366');
INSERT INTO services_ward (id, name, district_id) VALUES ('14281', 'Xã Hải Phong', '366');
INSERT INTO services_ward (id, name, district_id) VALUES ('14284', 'Xã Hải An', '366');
INSERT INTO services_ward (id, name, district_id) VALUES ('14287', 'Xã Hải Tây', '366');
INSERT INTO services_ward (id, name, district_id) VALUES ('14293', 'Xã Hải Phú', '366');
INSERT INTO services_ward (id, name, district_id) VALUES ('14296', 'Xã Hải Giang', '366');
INSERT INTO services_ward (id, name, district_id) VALUES ('14302', 'Xã Hải Ninh', '366');
INSERT INTO services_ward (id, name, district_id) VALUES ('14308', 'Xã Hải Xuân', '366');
INSERT INTO services_ward (id, name, district_id) VALUES ('14311', 'Xã Hải Châu', '366');
INSERT INTO services_ward (id, name, district_id) VALUES ('14317', 'Xã Hải Hòa', '366');
INSERT INTO services_city (id, name) VALUES ('37', 'Tỉnh Ninh Bình');
INSERT INTO services_district (id, name, city_id) VALUES ('370', 'Thành phố Tam Điệp', '37');
INSERT INTO services_ward (id, name, district_id) VALUES ('14362', 'Phường Bắc Sơn', '370');
INSERT INTO services_ward (id, name, district_id) VALUES ('14365', 'Phường Trung Sơn', '370');
INSERT INTO services_ward (id, name, district_id) VALUES ('14368', 'Phường Nam Sơn', '370');
INSERT INTO services_ward (id, name, district_id) VALUES ('14369', 'Phường Tây Sơn', '370');
INSERT INTO services_ward (id, name, district_id) VALUES ('14371', 'Xã Yên Sơn', '370');
INSERT INTO services_ward (id, name, district_id) VALUES ('14374', 'Phường Yên Bình', '370');
INSERT INTO services_ward (id, name, district_id) VALUES ('14375', 'Phường Tân Bình', '370');
INSERT INTO services_ward (id, name, district_id) VALUES ('14377', 'Xã Quang Sơn', '370');
INSERT INTO services_ward (id, name, district_id) VALUES ('14380', 'Xã Đông Sơn', '370');
INSERT INTO services_district (id, name, city_id) VALUES ('372', 'Huyện Nho Quan', '37');
INSERT INTO services_ward (id, name, district_id) VALUES ('14386', 'Xã Xích Thổ', '372');
INSERT INTO services_ward (id, name, district_id) VALUES ('14389', 'Xã Gia Lâm', '372');
INSERT INTO services_ward (id, name, district_id) VALUES ('14392', 'Xã Gia Sơn', '372');
INSERT INTO services_ward (id, name, district_id) VALUES ('14395', 'Xã Thạch Bình', '372');
INSERT INTO services_ward (id, name, district_id) VALUES ('14398', 'Xã Gia Thủy', '372');
INSERT INTO services_ward (id, name, district_id) VALUES ('14401', 'Xã Gia Tường', '372');
INSERT INTO services_ward (id, name, district_id) VALUES ('14404', 'Xã Cúc Phương', '372');
INSERT INTO services_ward (id, name, district_id) VALUES ('14407', 'Xã Phú Sơn', '372');
INSERT INTO services_ward (id, name, district_id) VALUES ('14410', 'Xã Đức Long', '372');
INSERT INTO services_ward (id, name, district_id) VALUES ('14413', 'Xã Lạc Vân', '372');
INSERT INTO services_ward (id, name, district_id) VALUES ('14416', 'Xã Đồng Phong', '372');
INSERT INTO services_ward (id, name, district_id) VALUES ('14419', 'Xã Yên Quang', '372');
INSERT INTO services_ward (id, name, district_id) VALUES ('14425', 'Xã Thượng Hòa', '372');
INSERT INTO services_ward (id, name, district_id) VALUES ('14428', 'Thị trấn Nho Quan', '372');
INSERT INTO services_ward (id, name, district_id) VALUES ('14431', 'Xã Văn Phương', '372');
INSERT INTO services_ward (id, name, district_id) VALUES ('14434', 'Xã Thanh Sơn', '372');
INSERT INTO services_ward (id, name, district_id) VALUES ('14437', 'Xã Phúc Sơn', '372');
INSERT INTO services_ward (id, name, district_id) VALUES ('14443', 'Xã Văn Phú', '372');
INSERT INTO services_ward (id, name, district_id) VALUES ('14446', 'Xã Phú Lộc', '372');
INSERT INTO services_ward (id, name, district_id) VALUES ('14449', 'Xã Kỳ Phú', '372');
INSERT INTO services_ward (id, name, district_id) VALUES ('14452', 'Xã Quỳnh Lưu', '372');
INSERT INTO services_ward (id, name, district_id) VALUES ('14458', 'Xã Phú Long', '372');
INSERT INTO services_ward (id, name, district_id) VALUES ('14461', 'Xã Quảng Lạc', '372');
INSERT INTO services_district (id, name, city_id) VALUES ('373', 'Huyện Gia Viễn', '37');
INSERT INTO services_ward (id, name, district_id) VALUES ('14464', 'Thị trấn Thịnh Vượng', '373');
INSERT INTO services_ward (id, name, district_id) VALUES ('14467', 'Xã Gia Hòa', '373');
INSERT INTO services_ward (id, name, district_id) VALUES ('14470', 'Xã Gia Hưng', '373');
INSERT INTO services_ward (id, name, district_id) VALUES ('14473', 'Xã Liên Sơn', '373');
INSERT INTO services_ward (id, name, district_id) VALUES ('14476', 'Xã Gia Thanh', '373');
INSERT INTO services_ward (id, name, district_id) VALUES ('14479', 'Xã Gia Vân', '373');
INSERT INTO services_ward (id, name, district_id) VALUES ('14482', 'Xã Gia Phú', '373');
INSERT INTO services_ward (id, name, district_id) VALUES ('14485', 'Xã Gia Xuân', '373');
INSERT INTO services_ward (id, name, district_id) VALUES ('14488', 'Xã Gia Lập', '373');
INSERT INTO services_ward (id, name, district_id) VALUES ('14494', 'Xã Gia Trấn', '373');
INSERT INTO services_ward (id, name, district_id) VALUES ('14500', 'Xã Gia Phương', '373');
INSERT INTO services_ward (id, name, district_id) VALUES ('14503', 'Xã Gia Tân', '373');
INSERT INTO services_ward (id, name, district_id) VALUES ('14506', 'Xã Tiến Thắng', '373');
INSERT INTO services_ward (id, name, district_id) VALUES ('14509', 'Xã Gia Trung', '373');
INSERT INTO services_ward (id, name, district_id) VALUES ('14512', 'Xã Gia Minh', '373');
INSERT INTO services_ward (id, name, district_id) VALUES ('14515', 'Xã Gia Lạc', '373');
INSERT INTO services_ward (id, name, district_id) VALUES ('14521', 'Xã Gia Sinh', '373');
INSERT INTO services_ward (id, name, district_id) VALUES ('14524', 'Xã Gia Phong', '373');
INSERT INTO services_district (id, name, city_id) VALUES ('374', 'Thành phố Hoa Lư', '37');
INSERT INTO services_ward (id, name, district_id) VALUES ('14320', 'Phường Đông Thành', '374');
INSERT INTO services_ward (id, name, district_id) VALUES ('14323', 'Phường Tân Thành', '374');
INSERT INTO services_ward (id, name, district_id) VALUES ('14329', 'Phường Vân Giang', '374');
INSERT INTO services_ward (id, name, district_id) VALUES ('14332', 'Phường Bích Đào', '374');
INSERT INTO services_ward (id, name, district_id) VALUES ('14338', 'Phường Nam Bình', '374');
INSERT INTO services_ward (id, name, district_id) VALUES ('14341', 'Phường Nam Thành', '374');
INSERT INTO services_ward (id, name, district_id) VALUES ('14344', 'Phường Ninh Khánh', '374');
INSERT INTO services_ward (id, name, district_id) VALUES ('14347', 'Xã Ninh Nhất', '374');
INSERT INTO services_ward (id, name, district_id) VALUES ('14350', 'Xã Ninh Tiến', '374');
INSERT INTO services_ward (id, name, district_id) VALUES ('14353', 'Phường Ninh Phúc', '374');
INSERT INTO services_ward (id, name, district_id) VALUES ('14356', 'Phường Ninh Sơn', '374');
INSERT INTO services_ward (id, name, district_id) VALUES ('14359', 'Phường Ninh Phong', '374');
INSERT INTO services_ward (id, name, district_id) VALUES ('14527', 'Phường Ninh Mỹ', '374');
INSERT INTO services_ward (id, name, district_id) VALUES ('14530', 'Phường Ninh Giang', '374');
INSERT INTO services_ward (id, name, district_id) VALUES ('14533', 'Xã Trường Yên', '374');
INSERT INTO services_ward (id, name, district_id) VALUES ('14536', 'Xã Ninh Khang', '374');
INSERT INTO services_ward (id, name, district_id) VALUES ('14542', 'Xã Ninh Hòa', '374');
INSERT INTO services_ward (id, name, district_id) VALUES ('14551', 'Xã Ninh Hải', '374');
INSERT INTO services_ward (id, name, district_id) VALUES ('14554', 'Xã Ninh Vân', '374');
INSERT INTO services_ward (id, name, district_id) VALUES ('14557', 'Xã Ninh An', '374');
INSERT INTO services_district (id, name, city_id) VALUES ('375', 'Huyện Yên Khánh', '37');
INSERT INTO services_ward (id, name, district_id) VALUES ('14560', 'Thị trấn Yên Ninh', '375');
INSERT INTO services_ward (id, name, district_id) VALUES ('14563', 'Xã Khánh Thiện', '375');
INSERT INTO services_ward (id, name, district_id) VALUES ('14566', 'Xã Khánh Phú', '375');
INSERT INTO services_ward (id, name, district_id) VALUES ('14569', 'Xã Khánh Hòa', '375');
INSERT INTO services_ward (id, name, district_id) VALUES ('14572', 'Xã Khánh Lợi', '375');
INSERT INTO services_ward (id, name, district_id) VALUES ('14575', 'Xã Khánh An', '375');
INSERT INTO services_ward (id, name, district_id) VALUES ('14578', 'Xã Khánh Cường', '375');
INSERT INTO services_ward (id, name, district_id) VALUES ('14581', 'Xã Khánh Cư', '375');
INSERT INTO services_ward (id, name, district_id) VALUES ('14587', 'Xã Khánh Hải', '375');
INSERT INTO services_ward (id, name, district_id) VALUES ('14590', 'Xã Khánh Trung', '375');
INSERT INTO services_ward (id, name, district_id) VALUES ('14593', 'Xã Khánh Mậu', '375');
INSERT INTO services_ward (id, name, district_id) VALUES ('14596', 'Xã Khánh Vân', '375');
INSERT INTO services_ward (id, name, district_id) VALUES ('14599', 'Xã Khánh Hội', '375');
INSERT INTO services_ward (id, name, district_id) VALUES ('14602', 'Xã Khánh Công', '375');
INSERT INTO services_ward (id, name, district_id) VALUES ('14608', 'Xã Khánh Thành', '375');
INSERT INTO services_ward (id, name, district_id) VALUES ('14611', 'Xã Khánh Nhạc', '375');
INSERT INTO services_ward (id, name, district_id) VALUES ('14614', 'Xã Khánh Thủy', '375');
INSERT INTO services_ward (id, name, district_id) VALUES ('14617', 'Xã Khánh Hồng', '375');
INSERT INTO services_district (id, name, city_id) VALUES ('376', 'Huyện Kim Sơn', '37');
INSERT INTO services_ward (id, name, district_id) VALUES ('14638', 'Xã Ân Hòa', '376');
INSERT INTO services_ward (id, name, district_id) VALUES ('14620', 'Thị trấn Phát Diệm', '376');
INSERT INTO services_ward (id, name, district_id) VALUES ('14623', 'Thị trấn Bình Minh', '376');
INSERT INTO services_ward (id, name, district_id) VALUES ('14629', 'Xã Hồi Ninh', '376');
INSERT INTO services_ward (id, name, district_id) VALUES ('14632', 'Xã Xuân Chính', '376');
INSERT INTO services_ward (id, name, district_id) VALUES ('14635', 'Xã Kim Định', '376');
INSERT INTO services_ward (id, name, district_id) VALUES ('14641', 'Xã Hùng Tiến', '376');
INSERT INTO services_ward (id, name, district_id) VALUES ('14647', 'Xã Quang Thiện', '376');
INSERT INTO services_ward (id, name, district_id) VALUES ('14650', 'Xã Như Hòa', '376');
INSERT INTO services_ward (id, name, district_id) VALUES ('14653', 'Xã Chất Bình', '376');
INSERT INTO services_ward (id, name, district_id) VALUES ('14656', 'Xã Đồng Hướng', '376');
INSERT INTO services_ward (id, name, district_id) VALUES ('14659', 'Xã Kim Chính', '376');
INSERT INTO services_ward (id, name, district_id) VALUES ('14662', 'Xã Thượng Kiệm', '376');
INSERT INTO services_ward (id, name, district_id) VALUES ('14668', 'Xã Tân Thành', '376');
INSERT INTO services_ward (id, name, district_id) VALUES ('14671', 'Xã Yên Lộc', '376');
INSERT INTO services_ward (id, name, district_id) VALUES ('14674', 'Xã Lai Thành', '376');
INSERT INTO services_ward (id, name, district_id) VALUES ('14677', 'Xã Định Hóa', '376');
INSERT INTO services_ward (id, name, district_id) VALUES ('14680', 'Xã Văn Hải', '376');
INSERT INTO services_ward (id, name, district_id) VALUES ('14683', 'Xã Kim Tân', '376');
INSERT INTO services_ward (id, name, district_id) VALUES ('14686', 'Xã Kim Mỹ', '376');
INSERT INTO services_ward (id, name, district_id) VALUES ('14689', 'Xã Cồn Thoi', '376');
INSERT INTO services_ward (id, name, district_id) VALUES ('14695', 'Xã Kim Trung', '376');
INSERT INTO services_ward (id, name, district_id) VALUES ('14698', 'Xã Kim Đông', '376');
INSERT INTO services_district (id, name, city_id) VALUES ('377', 'Huyện Yên Mô', '37');
INSERT INTO services_ward (id, name, district_id) VALUES ('14701', 'Thị trấn Yên Thịnh', '377');
INSERT INTO services_ward (id, name, district_id) VALUES ('14704', 'Xã Khánh Thượng', '377');
INSERT INTO services_ward (id, name, district_id) VALUES ('14707', 'Xã Khánh Dương', '377');
INSERT INTO services_ward (id, name, district_id) VALUES ('14719', 'Xã Yên Phong', '377');
INSERT INTO services_ward (id, name, district_id) VALUES ('14722', 'Xã Yên Hòa', '377');
INSERT INTO services_ward (id, name, district_id) VALUES ('14725', 'Xã Yên Thắng', '377');
INSERT INTO services_ward (id, name, district_id) VALUES ('14728', 'Xã Yên Từ', '377');
INSERT INTO services_ward (id, name, district_id) VALUES ('14734', 'Xã Yên Thành', '377');
INSERT INTO services_ward (id, name, district_id) VALUES ('14737', 'Xã Yên Nhân', '377');
INSERT INTO services_ward (id, name, district_id) VALUES ('14740', 'Xã Yên Mỹ', '377');
INSERT INTO services_ward (id, name, district_id) VALUES ('14743', 'Xã Yên Mạc', '377');
INSERT INTO services_ward (id, name, district_id) VALUES ('14746', 'Xã Yên Đồng', '377');
INSERT INTO services_ward (id, name, district_id) VALUES ('14749', 'Xã Yên Thái', '377');
INSERT INTO services_ward (id, name, district_id) VALUES ('14752', 'Xã Yên Lâm', '377');
INSERT INTO services_city (id, name) VALUES ('38', 'Tỉnh Thanh Hóa');
INSERT INTO services_district (id, name, city_id) VALUES ('380', 'Thành phố Thanh Hóa', '38');
INSERT INTO services_ward (id, name, district_id) VALUES ('16435', 'Phường An Hưng', '380');
INSERT INTO services_ward (id, name, district_id) VALUES ('14755', 'Phường Hàm Rồng', '380');
INSERT INTO services_ward (id, name, district_id) VALUES ('14758', 'Phường Đông Thọ', '380');
INSERT INTO services_ward (id, name, district_id) VALUES ('14761', 'Phường Nam Ngạn', '380');
INSERT INTO services_ward (id, name, district_id) VALUES ('14764', 'Phường Trường Thi', '380');
INSERT INTO services_ward (id, name, district_id) VALUES ('14767', 'Phường Điện Biên', '380');
INSERT INTO services_ward (id, name, district_id) VALUES ('14770', 'Phường Phú Sơn', '380');
INSERT INTO services_ward (id, name, district_id) VALUES ('14773', 'Phường Lam Sơn', '380');
INSERT INTO services_ward (id, name, district_id) VALUES ('14776', 'Phường Ba Đình', '380');
INSERT INTO services_ward (id, name, district_id) VALUES ('14779', 'Phường Ngọc Trạo', '380');
INSERT INTO services_ward (id, name, district_id) VALUES ('14782', 'Phường Đông Vệ', '380');
INSERT INTO services_ward (id, name, district_id) VALUES ('14785', 'Phường Đông Sơn', '380');
INSERT INTO services_ward (id, name, district_id) VALUES ('14791', 'Phường Đông Cương', '380');
INSERT INTO services_ward (id, name, district_id) VALUES ('14794', 'Phường Đông Hương', '380');
INSERT INTO services_ward (id, name, district_id) VALUES ('14797', 'Phường Đông Hải', '380');
INSERT INTO services_ward (id, name, district_id) VALUES ('14800', 'Phường Quảng Hưng', '380');
INSERT INTO services_ward (id, name, district_id) VALUES ('14803', 'Phường Quảng Thắng', '380');
INSERT INTO services_ward (id, name, district_id) VALUES ('14806', 'Phường Quảng Thành', '380');
INSERT INTO services_ward (id, name, district_id) VALUES ('15850', 'Xã Thiệu Vân', '380');
INSERT INTO services_ward (id, name, district_id) VALUES ('15856', 'Phường Thiệu Khánh', '380');
INSERT INTO services_ward (id, name, district_id) VALUES ('15859', 'Phường Thiệu Dương', '380');
INSERT INTO services_ward (id, name, district_id) VALUES ('15913', 'Phường Tào Xuyên', '380');
INSERT INTO services_ward (id, name, district_id) VALUES ('15922', 'Phường Long Anh', '380');
INSERT INTO services_ward (id, name, district_id) VALUES ('15925', 'Phường Hoằng Quang', '380');
INSERT INTO services_ward (id, name, district_id) VALUES ('15970', 'Phường Hoằng Đại', '380');
INSERT INTO services_ward (id, name, district_id) VALUES ('16378', 'Phường Rừng Thông', '380');
INSERT INTO services_ward (id, name, district_id) VALUES ('16381', 'Xã Đông Hoàng', '380');
INSERT INTO services_ward (id, name, district_id) VALUES ('16384', 'Xã Đông Ninh', '380');
INSERT INTO services_ward (id, name, district_id) VALUES ('16390', 'Xã Đông Hòa', '380');
INSERT INTO services_ward (id, name, district_id) VALUES ('16393', 'Xã Đông Yên', '380');
INSERT INTO services_ward (id, name, district_id) VALUES ('16396', 'Phường Đông Lĩnh', '380');
INSERT INTO services_ward (id, name, district_id) VALUES ('16399', 'Xã Đông Minh', '380');
INSERT INTO services_ward (id, name, district_id) VALUES ('16402', 'Xã Đông Thanh', '380');
INSERT INTO services_ward (id, name, district_id) VALUES ('16405', 'Xã Đông Tiến', '380');
INSERT INTO services_ward (id, name, district_id) VALUES ('16408', 'Xã Đông Khê', '380');
INSERT INTO services_ward (id, name, district_id) VALUES ('16414', 'Phường Đông Thịnh', '380');
INSERT INTO services_ward (id, name, district_id) VALUES ('16417', 'Xã Đông Văn', '380');
INSERT INTO services_ward (id, name, district_id) VALUES ('16420', 'Xã Đông Phú', '380');
INSERT INTO services_ward (id, name, district_id) VALUES ('16423', 'Xã Đông Nam', '380');
INSERT INTO services_ward (id, name, district_id) VALUES ('16426', 'Xã Đông Quang', '380');
INSERT INTO services_ward (id, name, district_id) VALUES ('16429', 'Xã Đông Vinh', '380');
INSERT INTO services_ward (id, name, district_id) VALUES ('16432', 'Phường Đông Tân', '380');
INSERT INTO services_ward (id, name, district_id) VALUES ('16441', 'Phường Quảng Thịnh', '380');
INSERT INTO services_ward (id, name, district_id) VALUES ('16459', 'Phường Quảng Đông', '380');
INSERT INTO services_ward (id, name, district_id) VALUES ('16507', 'Phường Quảng Cát', '380');
INSERT INTO services_ward (id, name, district_id) VALUES ('16522', 'Phường Quảng Phú', '380');
INSERT INTO services_ward (id, name, district_id) VALUES ('16525', 'Phường Quảng Tâm', '380');
INSERT INTO services_district (id, name, city_id) VALUES ('381', 'Thị xã Bỉm Sơn', '38');
INSERT INTO services_ward (id, name, district_id) VALUES ('14809', 'Phường Bắc Sơn', '381');
INSERT INTO services_ward (id, name, district_id) VALUES ('14812', 'Phường Ba Đình', '381');
INSERT INTO services_ward (id, name, district_id) VALUES ('14815', 'Phường Lam Sơn', '381');
INSERT INTO services_ward (id, name, district_id) VALUES ('14818', 'Phường Ngọc Trạo', '381');
INSERT INTO services_ward (id, name, district_id) VALUES ('14821', 'Phường Đông Sơn', '381');
INSERT INTO services_ward (id, name, district_id) VALUES ('14823', 'Phường Phú Sơn', '381');
INSERT INTO services_ward (id, name, district_id) VALUES ('14824', 'Xã Quang Trung', '381');
INSERT INTO services_district (id, name, city_id) VALUES ('382', 'Thành phố Sầm Sơn', '38');
INSERT INTO services_ward (id, name, district_id) VALUES ('14830', 'Phường Trung Sơn', '382');
INSERT INTO services_ward (id, name, district_id) VALUES ('14833', 'Phường Bắc Sơn', '382');
INSERT INTO services_ward (id, name, district_id) VALUES ('14836', 'Phường Trường Sơn', '382');
INSERT INTO services_ward (id, name, district_id) VALUES ('14839', 'Phường Quảng Cư', '382');
INSERT INTO services_ward (id, name, district_id) VALUES ('14842', 'Phường Quảng Tiến', '382');
INSERT INTO services_ward (id, name, district_id) VALUES ('16513', 'Xã Quảng Minh', '382');
INSERT INTO services_ward (id, name, district_id) VALUES ('16516', 'Xã Đại Hùng', '382');
INSERT INTO services_ward (id, name, district_id) VALUES ('16528', 'Phường Quảng Thọ', '382');
INSERT INTO services_ward (id, name, district_id) VALUES ('16531', 'Phường Quảng Châu', '382');
INSERT INTO services_ward (id, name, district_id) VALUES ('16534', 'Phường Quảng Vinh', '382');
INSERT INTO services_district (id, name, city_id) VALUES ('384', 'Huyện Mường Lát', '38');
INSERT INTO services_ward (id, name, district_id) VALUES ('14845', 'Thị trấn Mường Lát', '384');
INSERT INTO services_ward (id, name, district_id) VALUES ('14848', 'Xã Tam Chung', '384');
INSERT INTO services_ward (id, name, district_id) VALUES ('14854', 'Xã Mường Lý', '384');
INSERT INTO services_ward (id, name, district_id) VALUES ('14857', 'Xã Trung Lý', '384');
INSERT INTO services_ward (id, name, district_id) VALUES ('14860', 'Xã Quang Chiểu', '384');
INSERT INTO services_ward (id, name, district_id) VALUES ('14863', 'Xã Pù Nhi', '384');
INSERT INTO services_ward (id, name, district_id) VALUES ('14864', 'Xã Nhi Sơn', '384');
INSERT INTO services_ward (id, name, district_id) VALUES ('14866', 'Xã Mường Chanh', '384');
INSERT INTO services_district (id, name, city_id) VALUES ('385', 'Huyện Quan Hóa', '38');
INSERT INTO services_ward (id, name, district_id) VALUES ('14869', 'Thị trấn Hồi Xuân', '385');
INSERT INTO services_ward (id, name, district_id) VALUES ('14872', 'Xã Thành Sơn', '385');
INSERT INTO services_ward (id, name, district_id) VALUES ('14875', 'Xã Trung Sơn', '385');
INSERT INTO services_ward (id, name, district_id) VALUES ('14878', 'Xã Phú Thanh', '385');
INSERT INTO services_ward (id, name, district_id) VALUES ('14881', 'Xã Trung Thành', '385');
INSERT INTO services_ward (id, name, district_id) VALUES ('14884', 'Xã Phú Lệ', '385');
INSERT INTO services_ward (id, name, district_id) VALUES ('14887', 'Xã Phú Sơn', '385');
INSERT INTO services_ward (id, name, district_id) VALUES ('14890', 'Xã Phú Xuân', '385');
INSERT INTO services_ward (id, name, district_id) VALUES ('14896', 'Xã Hiền Chung', '385');
INSERT INTO services_ward (id, name, district_id) VALUES ('14899', 'Xã Hiền Kiệt', '385');
INSERT INTO services_ward (id, name, district_id) VALUES ('14902', 'Xã Nam Tiến', '385');
INSERT INTO services_ward (id, name, district_id) VALUES ('14908', 'Xã Thiên Phủ', '385');
INSERT INTO services_ward (id, name, district_id) VALUES ('14911', 'Xã Phú Nghiêm', '385');
INSERT INTO services_ward (id, name, district_id) VALUES ('14914', 'Xã Nam Xuân', '385');
INSERT INTO services_ward (id, name, district_id) VALUES ('14917', 'Xã Nam Động', '385');
INSERT INTO services_district (id, name, city_id) VALUES ('386', 'Huyện Bá Thước', '38');
INSERT INTO services_ward (id, name, district_id) VALUES ('14923', 'Thị trấn Cành Nàng', '386');
INSERT INTO services_ward (id, name, district_id) VALUES ('14926', 'Xã Điền Thượng', '386');
INSERT INTO services_ward (id, name, district_id) VALUES ('14929', 'Xã Điền Hạ', '386');
INSERT INTO services_ward (id, name, district_id) VALUES ('14932', 'Xã Điền Quang', '386');
INSERT INTO services_ward (id, name, district_id) VALUES ('14935', 'Xã Điền Trung', '386');
INSERT INTO services_ward (id, name, district_id) VALUES ('14938', 'Xã Thành Sơn', '386');
INSERT INTO services_ward (id, name, district_id) VALUES ('14941', 'Xã Lương Ngoại', '386');
INSERT INTO services_ward (id, name, district_id) VALUES ('14944', 'Xã Ái Thượng', '386');
INSERT INTO services_ward (id, name, district_id) VALUES ('14947', 'Xã Lương Nội', '386');
INSERT INTO services_ward (id, name, district_id) VALUES ('14950', 'Xã Điền Lư', '386');
INSERT INTO services_ward (id, name, district_id) VALUES ('14953', 'Xã Lương Trung', '386');
INSERT INTO services_ward (id, name, district_id) VALUES ('14956', 'Xã Lũng Niêm', '386');
INSERT INTO services_ward (id, name, district_id) VALUES ('14959', 'Xã Lũng Cao', '386');
INSERT INTO services_ward (id, name, district_id) VALUES ('14962', 'Xã Hạ Trung', '386');
INSERT INTO services_ward (id, name, district_id) VALUES ('14965', 'Xã Cổ Lũng', '386');
INSERT INTO services_ward (id, name, district_id) VALUES ('14968', 'Xã Thành Lâm', '386');
INSERT INTO services_ward (id, name, district_id) VALUES ('14971', 'Xã Ban Công', '386');
INSERT INTO services_ward (id, name, district_id) VALUES ('14974', 'Xã Kỳ Tân', '386');
INSERT INTO services_ward (id, name, district_id) VALUES ('14977', 'Xã Văn Nho', '386');
INSERT INTO services_ward (id, name, district_id) VALUES ('14980', 'Xã Thiết Ống', '386');
INSERT INTO services_ward (id, name, district_id) VALUES ('14986', 'Xã Thiết Kế', '386');
INSERT INTO services_district (id, name, city_id) VALUES ('387', 'Huyện Quan Sơn', '38');
INSERT INTO services_ward (id, name, district_id) VALUES ('14995', 'Xã Trung Xuân', '387');
INSERT INTO services_ward (id, name, district_id) VALUES ('14998', 'Xã Trung Thượng', '387');
INSERT INTO services_ward (id, name, district_id) VALUES ('14999', 'Xã Trung Tiến', '387');
INSERT INTO services_ward (id, name, district_id) VALUES ('15001', 'Xã Trung Hạ', '387');
INSERT INTO services_ward (id, name, district_id) VALUES ('15004', 'Xã Sơn Hà', '387');
INSERT INTO services_ward (id, name, district_id) VALUES ('15007', 'Xã Tam Thanh', '387');
INSERT INTO services_ward (id, name, district_id) VALUES ('15010', 'Xã Sơn Thủy', '387');
INSERT INTO services_ward (id, name, district_id) VALUES ('15013', 'Xã Na Mèo', '387');
INSERT INTO services_ward (id, name, district_id) VALUES ('15016', 'Thị trấn Sơn Lư', '387');
INSERT INTO services_ward (id, name, district_id) VALUES ('15019', 'Xã Tam Lư', '387');
INSERT INTO services_ward (id, name, district_id) VALUES ('15022', 'Xã Sơn Điện', '387');
INSERT INTO services_ward (id, name, district_id) VALUES ('15025', 'Xã Mường Mìn', '387');
INSERT INTO services_district (id, name, city_id) VALUES ('388', 'Huyện Lang Chánh', '38');
INSERT INTO services_ward (id, name, district_id) VALUES ('15031', 'Xã Yên Khương', '388');
INSERT INTO services_ward (id, name, district_id) VALUES ('15034', 'Xã Yên Thắng', '388');
INSERT INTO services_ward (id, name, district_id) VALUES ('15037', 'Xã Trí Nang', '388');
INSERT INTO services_ward (id, name, district_id) VALUES ('15040', 'Xã Giao An', '388');
INSERT INTO services_ward (id, name, district_id) VALUES ('15043', 'Xã Giao Thiện', '388');
INSERT INTO services_ward (id, name, district_id) VALUES ('15046', 'Xã Tân Phúc', '388');
INSERT INTO services_ward (id, name, district_id) VALUES ('15049', 'Xã Tam Văn', '388');
INSERT INTO services_ward (id, name, district_id) VALUES ('15052', 'Xã Lâm Phú', '388');
INSERT INTO services_ward (id, name, district_id) VALUES ('15055', 'Thị trấn Lang Chánh', '388');
INSERT INTO services_ward (id, name, district_id) VALUES ('15058', 'Xã Đồng Lương', '388');
INSERT INTO services_district (id, name, city_id) VALUES ('389', 'Huyện Ngọc Lặc', '38');
INSERT INTO services_ward (id, name, district_id) VALUES ('15061', 'Thị trấn Ngọc Lặc', '389');
INSERT INTO services_ward (id, name, district_id) VALUES ('15064', 'Xã Lam Sơn', '389');
INSERT INTO services_ward (id, name, district_id) VALUES ('15067', 'Xã Mỹ Tân', '389');
INSERT INTO services_ward (id, name, district_id) VALUES ('15070', 'Xã Thúy Sơn', '389');
INSERT INTO services_ward (id, name, district_id) VALUES ('15073', 'Xã Thạch Lập', '389');
INSERT INTO services_ward (id, name, district_id) VALUES ('15076', 'Xã Vân Âm', '389');
INSERT INTO services_ward (id, name, district_id) VALUES ('15079', 'Xã Cao Ngọc', '389');
INSERT INTO services_ward (id, name, district_id) VALUES ('15085', 'Xã Quang Trung', '389');
INSERT INTO services_ward (id, name, district_id) VALUES ('15088', 'Xã Đồng Thịnh', '389');
INSERT INTO services_ward (id, name, district_id) VALUES ('15091', 'Xã Ngọc Liên', '389');
INSERT INTO services_ward (id, name, district_id) VALUES ('15094', 'Xã Ngọc Sơn', '389');
INSERT INTO services_ward (id, name, district_id) VALUES ('15097', 'Xã Lộc Thịnh', '389');
INSERT INTO services_ward (id, name, district_id) VALUES ('15100', 'Xã Cao Thịnh', '389');
INSERT INTO services_ward (id, name, district_id) VALUES ('15103', 'Xã Ngọc Trung', '389');
INSERT INTO services_ward (id, name, district_id) VALUES ('15106', 'Xã Phùng Giáo', '389');
INSERT INTO services_ward (id, name, district_id) VALUES ('15109', 'Xã Phùng Minh', '389');
INSERT INTO services_ward (id, name, district_id) VALUES ('15112', 'Xã Phúc Thịnh', '389');
INSERT INTO services_ward (id, name, district_id) VALUES ('15115', 'Xã Nguyệt Ấn', '389');
INSERT INTO services_ward (id, name, district_id) VALUES ('15118', 'Xã Kiên Thọ', '389');
INSERT INTO services_ward (id, name, district_id) VALUES ('15121', 'Xã Minh Tiến', '389');
INSERT INTO services_ward (id, name, district_id) VALUES ('15124', 'Xã Minh Sơn', '389');
INSERT INTO services_district (id, name, city_id) VALUES ('390', 'Huyện Cẩm Thủy', '38');
INSERT INTO services_ward (id, name, district_id) VALUES ('15127', 'Thị trấn Phong Sơn', '390');
INSERT INTO services_ward (id, name, district_id) VALUES ('15133', 'Xã Cẩm Thành', '390');
INSERT INTO services_ward (id, name, district_id) VALUES ('15136', 'Xã Cẩm Quý', '390');
INSERT INTO services_ward (id, name, district_id) VALUES ('15139', 'Xã Cẩm Lương', '390');
INSERT INTO services_ward (id, name, district_id) VALUES ('15142', 'Xã Cẩm Thạch', '390');
INSERT INTO services_ward (id, name, district_id) VALUES ('15145', 'Xã Cẩm Liên', '390');
INSERT INTO services_ward (id, name, district_id) VALUES ('15148', 'Xã Cẩm Giang', '390');
INSERT INTO services_ward (id, name, district_id) VALUES ('15151', 'Xã Cẩm Bình', '390');
INSERT INTO services_ward (id, name, district_id) VALUES ('15154', 'Xã Cẩm Tú', '390');
INSERT INTO services_ward (id, name, district_id) VALUES ('15160', 'Xã Cẩm Châu', '390');
INSERT INTO services_ward (id, name, district_id) VALUES ('15163', 'Xã Cẩm Tâm', '390');
INSERT INTO services_ward (id, name, district_id) VALUES ('15169', 'Xã Cẩm Ngọc', '390');
INSERT INTO services_ward (id, name, district_id) VALUES ('15172', 'Xã Cẩm Long', '390');
INSERT INTO services_ward (id, name, district_id) VALUES ('15175', 'Xã Cẩm Yên', '390');
INSERT INTO services_ward (id, name, district_id) VALUES ('15178', 'Xã Cẩm Tân', '390');
INSERT INTO services_ward (id, name, district_id) VALUES ('15181', 'Xã Cẩm Phú', '390');
INSERT INTO services_ward (id, name, district_id) VALUES ('15184', 'Xã Cẩm Vân', '390');
INSERT INTO services_district (id, name, city_id) VALUES ('391', 'Huyện Thạch Thành', '38');
INSERT INTO services_ward (id, name, district_id) VALUES ('15187', 'Thị trấn Kim Tân', '391');
INSERT INTO services_ward (id, name, district_id) VALUES ('15190', 'Thị trấn Vân Du', '391');
INSERT INTO services_ward (id, name, district_id) VALUES ('15196', 'Xã Thạch Lâm', '391');
INSERT INTO services_ward (id, name, district_id) VALUES ('15199', 'Xã Thạch Quảng', '391');
INSERT INTO services_ward (id, name, district_id) VALUES ('15202', 'Xã Thạch Tượng', '391');
INSERT INTO services_ward (id, name, district_id) VALUES ('15205', 'Xã Thạch Cẩm', '391');
INSERT INTO services_ward (id, name, district_id) VALUES ('15208', 'Xã Thạch Sơn', '391');
INSERT INTO services_ward (id, name, district_id) VALUES ('15211', 'Xã Thạch Bình', '391');
INSERT INTO services_ward (id, name, district_id) VALUES ('15214', 'Xã Thạch Định', '391');
INSERT INTO services_ward (id, name, district_id) VALUES ('15220', 'Xã Thạch Long', '391');
INSERT INTO services_ward (id, name, district_id) VALUES ('15223', 'Xã Thành Mỹ', '391');
INSERT INTO services_ward (id, name, district_id) VALUES ('15226', 'Xã Thành Yên', '391');
INSERT INTO services_ward (id, name, district_id) VALUES ('15229', 'Xã Thành Vinh', '391');
INSERT INTO services_ward (id, name, district_id) VALUES ('15232', 'Xã Thành Minh', '391');
INSERT INTO services_ward (id, name, district_id) VALUES ('15235', 'Xã Thành Công', '391');
INSERT INTO services_ward (id, name, district_id) VALUES ('15238', 'Xã Thành Tân', '391');
INSERT INTO services_ward (id, name, district_id) VALUES ('15241', 'Xã Thành Trực', '391');
INSERT INTO services_ward (id, name, district_id) VALUES ('15247', 'Xã Thành Tâm', '391');
INSERT INTO services_ward (id, name, district_id) VALUES ('15250', 'Xã Thành An', '391');
INSERT INTO services_ward (id, name, district_id) VALUES ('15253', 'Xã Thành Thọ', '391');
INSERT INTO services_ward (id, name, district_id) VALUES ('15256', 'Xã Thành Tiến', '391');
INSERT INTO services_ward (id, name, district_id) VALUES ('15259', 'Xã Thành Long', '391');
INSERT INTO services_ward (id, name, district_id) VALUES ('15265', 'Xã Thành Hưng', '391');
INSERT INTO services_ward (id, name, district_id) VALUES ('15268', 'Xã Ngọc Trạo', '391');
INSERT INTO services_district (id, name, city_id) VALUES ('392', 'Huyện Hà Trung', '38');
INSERT INTO services_ward (id, name, district_id) VALUES ('15271', 'Thị trấn Hà Trung', '392');
INSERT INTO services_ward (id, name, district_id) VALUES ('15274', 'Thị trấn Hà Long', '392');
INSERT INTO services_ward (id, name, district_id) VALUES ('15277', 'Xã Hà Vinh', '392');
INSERT INTO services_ward (id, name, district_id) VALUES ('15280', 'Xã Hà Bắc', '392');
INSERT INTO services_ward (id, name, district_id) VALUES ('15283', 'Xã Hoạt Giang', '392');
INSERT INTO services_ward (id, name, district_id) VALUES ('15286', 'Xã Yên Dương', '392');
INSERT INTO services_ward (id, name, district_id) VALUES ('15292', 'Xã Hà Giang', '392');
INSERT INTO services_ward (id, name, district_id) VALUES ('15298', 'Xã Lĩnh Toại', '392');
INSERT INTO services_ward (id, name, district_id) VALUES ('15304', 'Xã Hà Ngọc', '392');
INSERT INTO services_ward (id, name, district_id) VALUES ('15307', 'Xã Yến Sơn', '392');
INSERT INTO services_ward (id, name, district_id) VALUES ('15313', 'Xã Hà Sơn', '392');
INSERT INTO services_ward (id, name, district_id) VALUES ('15316', 'Thị trấn Hà Lĩnh', '392');
INSERT INTO services_ward (id, name, district_id) VALUES ('15319', 'Xã Hà Đông', '392');
INSERT INTO services_ward (id, name, district_id) VALUES ('15322', 'Xã Hà Tân', '392');
INSERT INTO services_ward (id, name, district_id) VALUES ('15325', 'Xã Hà Tiến', '392');
INSERT INTO services_ward (id, name, district_id) VALUES ('15328', 'Xã Hà Bình', '392');
INSERT INTO services_ward (id, name, district_id) VALUES ('15331', 'Xã Thái Lai', '392');
INSERT INTO services_ward (id, name, district_id) VALUES ('15334', 'Xã Hà Châu', '392');
INSERT INTO services_ward (id, name, district_id) VALUES ('15343', 'Xã Hà Hải', '392');
INSERT INTO services_district (id, name, city_id) VALUES ('393', 'Huyện Vĩnh Lộc', '38');
INSERT INTO services_ward (id, name, district_id) VALUES ('15349', 'Thị trấn Vĩnh Lộc', '393');
INSERT INTO services_ward (id, name, district_id) VALUES ('15352', 'Xã Vĩnh Quang', '393');
INSERT INTO services_ward (id, name, district_id) VALUES ('15355', 'Xã Vĩnh Yên', '393');
INSERT INTO services_ward (id, name, district_id) VALUES ('15358', 'Xã Vĩnh Tiến', '393');
INSERT INTO services_ward (id, name, district_id) VALUES ('15361', 'Xã Vĩnh Long', '393');
INSERT INTO services_ward (id, name, district_id) VALUES ('15364', 'Xã Vĩnh Phúc', '393');
INSERT INTO services_ward (id, name, district_id) VALUES ('15367', 'Xã Vĩnh Hưng', '393');
INSERT INTO services_ward (id, name, district_id) VALUES ('15376', 'Xã Vĩnh Hòa', '393');
INSERT INTO services_ward (id, name, district_id) VALUES ('15379', 'Xã Vĩnh Hùng', '393');
INSERT INTO services_ward (id, name, district_id) VALUES ('15382', 'Xã Minh Tân', '393');
INSERT INTO services_ward (id, name, district_id) VALUES ('15385', 'Xã Ninh Khang', '393');
INSERT INTO services_ward (id, name, district_id) VALUES ('15388', 'Xã Vĩnh Thịnh', '393');
INSERT INTO services_ward (id, name, district_id) VALUES ('15391', 'Xã Vĩnh An', '393');
INSERT INTO services_district (id, name, city_id) VALUES ('394', 'Huyện Yên Định', '38');
INSERT INTO services_ward (id, name, district_id) VALUES ('15397', 'Thị trấn Thống Nhất', '394');
INSERT INTO services_ward (id, name, district_id) VALUES ('15403', 'Thị trấn Yên Lâm', '394');
INSERT INTO services_ward (id, name, district_id) VALUES ('15406', 'Xã Yên Tâm', '394');
INSERT INTO services_ward (id, name, district_id) VALUES ('15409', 'Xã Yên Phú', '394');
INSERT INTO services_ward (id, name, district_id) VALUES ('15412', 'Thị trấn Quý Lộc', '394');
INSERT INTO services_ward (id, name, district_id) VALUES ('15415', 'Xã Yên Thọ', '394');
INSERT INTO services_ward (id, name, district_id) VALUES ('15418', 'Xã Yên Trung', '394');
INSERT INTO services_ward (id, name, district_id) VALUES ('15421', 'Xã Yên Trường', '394');
INSERT INTO services_ward (id, name, district_id) VALUES ('15427', 'Xã Yên Phong', '394');
INSERT INTO services_ward (id, name, district_id) VALUES ('15430', 'Xã Yên Thái', '394');
INSERT INTO services_ward (id, name, district_id) VALUES ('15433', 'Xã Yên Hùng', '394');
INSERT INTO services_ward (id, name, district_id) VALUES ('15436', 'Xã Yên Thịnh', '394');
INSERT INTO services_ward (id, name, district_id) VALUES ('15442', 'Xã Yên Ninh', '394');
INSERT INTO services_ward (id, name, district_id) VALUES ('15445', 'Xã Định Tăng', '394');
INSERT INTO services_ward (id, name, district_id) VALUES ('15448', 'Xã Định Hòa', '394');
INSERT INTO services_ward (id, name, district_id) VALUES ('15451', 'Xã Định Thành', '394');
INSERT INTO services_ward (id, name, district_id) VALUES ('15454', 'Xã Định Công', '394');
INSERT INTO services_ward (id, name, district_id) VALUES ('15457', 'Xã Định Tân', '394');
INSERT INTO services_ward (id, name, district_id) VALUES ('15460', 'Xã Định Tiến', '394');
INSERT INTO services_ward (id, name, district_id) VALUES ('15463', 'Xã Định Long', '394');
INSERT INTO services_ward (id, name, district_id) VALUES ('15466', 'Xã Định Liên', '394');
INSERT INTO services_ward (id, name, district_id) VALUES ('15469', 'Thị trấn Quán Lào', '394');
INSERT INTO services_ward (id, name, district_id) VALUES ('15472', 'Xã Định Hưng', '394');
INSERT INTO services_ward (id, name, district_id) VALUES ('15475', 'Xã Định Hải', '394');
INSERT INTO services_ward (id, name, district_id) VALUES ('15478', 'Xã Định Bình', '394');
INSERT INTO services_district (id, name, city_id) VALUES ('395', 'Huyện Thọ Xuân', '38');
INSERT INTO services_ward (id, name, district_id) VALUES ('15493', 'Xã Xuân Hồng', '395');
INSERT INTO services_ward (id, name, district_id) VALUES ('15499', 'Thị trấn Thọ Xuân', '395');
INSERT INTO services_ward (id, name, district_id) VALUES ('15502', 'Xã Bắc Lương', '395');
INSERT INTO services_ward (id, name, district_id) VALUES ('15505', 'Xã Nam Giang', '395');
INSERT INTO services_ward (id, name, district_id) VALUES ('15508', 'Xã Xuân Phong', '395');
INSERT INTO services_ward (id, name, district_id) VALUES ('15511', 'Xã Thọ Lộc', '395');
INSERT INTO services_ward (id, name, district_id) VALUES ('15514', 'Xã Xuân Trường', '395');
INSERT INTO services_ward (id, name, district_id) VALUES ('15517', 'Xã Xuân Hòa', '395');
INSERT INTO services_ward (id, name, district_id) VALUES ('15520', 'Xã Thọ Hải', '395');
INSERT INTO services_ward (id, name, district_id) VALUES ('15523', 'Xã Tây Hồ', '395');
INSERT INTO services_ward (id, name, district_id) VALUES ('15526', 'Xã Xuân Giang', '395');
INSERT INTO services_ward (id, name, district_id) VALUES ('15532', 'Xã Xuân Sinh', '395');
INSERT INTO services_ward (id, name, district_id) VALUES ('15535', 'Xã Xuân Hưng', '395');
INSERT INTO services_ward (id, name, district_id) VALUES ('15538', 'Xã Thọ Diên', '395');
INSERT INTO services_ward (id, name, district_id) VALUES ('15541', 'Xã Thọ Lâm', '395');
INSERT INTO services_ward (id, name, district_id) VALUES ('15544', 'Xã Thọ Xương', '395');
INSERT INTO services_ward (id, name, district_id) VALUES ('15547', 'Xã Xuân Bái', '395');
INSERT INTO services_ward (id, name, district_id) VALUES ('15550', 'Xã Xuân Phú', '395');
INSERT INTO services_ward (id, name, district_id) VALUES ('15553', 'Thị trấn Sao Vàng', '395');
INSERT INTO services_ward (id, name, district_id) VALUES ('15556', 'Thị trấn Lam Sơn', '395');
INSERT INTO services_ward (id, name, district_id) VALUES ('15559', 'Xã Xuân Thiên', '395');
INSERT INTO services_ward (id, name, district_id) VALUES ('15565', 'Xã Thuận Minh', '395');
INSERT INTO services_ward (id, name, district_id) VALUES ('15568', 'Xã Thọ Lập', '395');
INSERT INTO services_ward (id, name, district_id) VALUES ('15571', 'Xã Quảng Phú', '395');
INSERT INTO services_ward (id, name, district_id) VALUES ('15574', 'Xã Xuân Tín', '395');
INSERT INTO services_ward (id, name, district_id) VALUES ('15577', 'Xã Phú Xuân', '395');
INSERT INTO services_ward (id, name, district_id) VALUES ('15583', 'Xã Xuân Lai', '395');
INSERT INTO services_ward (id, name, district_id) VALUES ('15586', 'Xã Xuân Lập', '395');
INSERT INTO services_ward (id, name, district_id) VALUES ('15592', 'Xã Xuân Minh', '395');
INSERT INTO services_ward (id, name, district_id) VALUES ('15598', 'Xã Trường Xuân', '395');
INSERT INTO services_district (id, name, city_id) VALUES ('396', 'Huyện Thường Xuân', '38');
INSERT INTO services_ward (id, name, district_id) VALUES ('15607', 'Xã Bát Mọt', '396');
INSERT INTO services_ward (id, name, district_id) VALUES ('15610', 'Xã Yên Nhân', '396');
INSERT INTO services_ward (id, name, district_id) VALUES ('15619', 'Xã Xuân Lẹ', '396');
INSERT INTO services_ward (id, name, district_id) VALUES ('15622', 'Xã Vạn Xuân', '396');
INSERT INTO services_ward (id, name, district_id) VALUES ('15628', 'Xã Lương Sơn', '396');
INSERT INTO services_ward (id, name, district_id) VALUES ('15631', 'Xã Xuân Cao', '396');
INSERT INTO services_ward (id, name, district_id) VALUES ('15634', 'Xã Luận Thành', '396');
INSERT INTO services_ward (id, name, district_id) VALUES ('15637', 'Xã Luận Khê', '396');
INSERT INTO services_ward (id, name, district_id) VALUES ('15640', 'Xã Xuân Thắng', '396');
INSERT INTO services_ward (id, name, district_id) VALUES ('15643', 'Xã Xuân Lộc', '396');
INSERT INTO services_ward (id, name, district_id) VALUES ('15646', 'Thị trấn Thường Xuân', '396');
INSERT INTO services_ward (id, name, district_id) VALUES ('15649', 'Xã Xuân Dương', '396');
INSERT INTO services_ward (id, name, district_id) VALUES ('15652', 'Xã Thọ Thanh', '396');
INSERT INTO services_ward (id, name, district_id) VALUES ('15655', 'Xã Ngọc Phụng', '396');
INSERT INTO services_ward (id, name, district_id) VALUES ('15658', 'Xã Xuân Chinh', '396');
INSERT INTO services_ward (id, name, district_id) VALUES ('15661', 'Xã Tân Thành', '396');
INSERT INTO services_district (id, name, city_id) VALUES ('397', 'Huyện Triệu Sơn', '38');
INSERT INTO services_ward (id, name, district_id) VALUES ('15664', 'Thị trấn Triệu Sơn', '397');
INSERT INTO services_ward (id, name, district_id) VALUES ('15667', 'Xã Thọ Sơn', '397');
INSERT INTO services_ward (id, name, district_id) VALUES ('15670', 'Xã Thọ Bình', '397');
INSERT INTO services_ward (id, name, district_id) VALUES ('15673', 'Xã Thọ Tiến', '397');
INSERT INTO services_ward (id, name, district_id) VALUES ('15676', 'Xã Hợp Lý', '397');
INSERT INTO services_ward (id, name, district_id) VALUES ('15679', 'Xã Hợp Tiến', '397');
INSERT INTO services_ward (id, name, district_id) VALUES ('15682', 'Xã Hợp Thành', '397');
INSERT INTO services_ward (id, name, district_id) VALUES ('15685', 'Xã Triệu Thành', '397');
INSERT INTO services_ward (id, name, district_id) VALUES ('15688', 'Xã Hợp Thắng', '397');
INSERT INTO services_ward (id, name, district_id) VALUES ('15691', 'Xã Minh Sơn', '397');
INSERT INTO services_ward (id, name, district_id) VALUES ('15700', 'Xã Dân Lực', '397');
INSERT INTO services_ward (id, name, district_id) VALUES ('15703', 'Xã Dân Lý', '397');
INSERT INTO services_ward (id, name, district_id) VALUES ('15706', 'Xã Dân Quyền', '397');
INSERT INTO services_ward (id, name, district_id) VALUES ('15709', 'Xã An Nông', '397');
INSERT INTO services_ward (id, name, district_id) VALUES ('15712', 'Xã Văn Sơn', '397');
INSERT INTO services_ward (id, name, district_id) VALUES ('15715', 'Xã Thái Hòa', '397');
INSERT INTO services_ward (id, name, district_id) VALUES ('15718', 'Thị trấn Nưa', '397');
INSERT INTO services_ward (id, name, district_id) VALUES ('15721', 'Xã Đồng Lợi', '397');
INSERT INTO services_ward (id, name, district_id) VALUES ('15724', 'Xã Đồng Tiến', '397');
INSERT INTO services_ward (id, name, district_id) VALUES ('15727', 'Xã Đồng Thắng', '397');
INSERT INTO services_ward (id, name, district_id) VALUES ('15730', 'Xã Tiến Nông', '397');
INSERT INTO services_ward (id, name, district_id) VALUES ('15733', 'Xã Khuyến Nông', '397');
INSERT INTO services_ward (id, name, district_id) VALUES ('15736', 'Xã Xuân Lộc', '397');
INSERT INTO services_ward (id, name, district_id) VALUES ('15742', 'Xã Thọ Dân', '397');
INSERT INTO services_ward (id, name, district_id) VALUES ('15745', 'Xã Xuân Thọ', '397');
INSERT INTO services_ward (id, name, district_id) VALUES ('15748', 'Xã Thọ Tân', '397');
INSERT INTO services_ward (id, name, district_id) VALUES ('15751', 'Xã Thọ Ngọc', '397');
INSERT INTO services_ward (id, name, district_id) VALUES ('15754', 'Xã Thọ Cường', '397');
INSERT INTO services_ward (id, name, district_id) VALUES ('15760', 'Xã Thọ Phú', '397');
INSERT INTO services_ward (id, name, district_id) VALUES ('15763', 'Xã Thọ Thế', '397');
INSERT INTO services_ward (id, name, district_id) VALUES ('15766', 'Xã Nông Trường', '397');
INSERT INTO services_ward (id, name, district_id) VALUES ('15769', 'Xã Bình Sơn', '397');
INSERT INTO services_district (id, name, city_id) VALUES ('398', 'Huyện Thiệu Hóa', '38');
INSERT INTO services_ward (id, name, district_id) VALUES ('15772', 'Thị trấn Thiệu Hóa', '398');
INSERT INTO services_ward (id, name, district_id) VALUES ('15775', 'Xã Thiệu Ngọc', '398');
INSERT INTO services_ward (id, name, district_id) VALUES ('15778', 'Xã Thiệu Vũ', '398');
INSERT INTO services_ward (id, name, district_id) VALUES ('15781', 'Xã Thiệu Phúc', '398');
INSERT INTO services_ward (id, name, district_id) VALUES ('15784', 'Xã Thiệu Tiến', '398');
INSERT INTO services_ward (id, name, district_id) VALUES ('15787', 'Xã Thiệu Công', '398');
INSERT INTO services_ward (id, name, district_id) VALUES ('15793', 'Xã Thiệu Long', '398');
INSERT INTO services_ward (id, name, district_id) VALUES ('15796', 'Xã Thiệu Giang', '398');
INSERT INTO services_ward (id, name, district_id) VALUES ('15799', 'Xã Thiệu Duy', '398');
INSERT INTO services_ward (id, name, district_id) VALUES ('15802', 'Xã Thiệu Nguyên', '398');
INSERT INTO services_ward (id, name, district_id) VALUES ('15805', 'Xã Thiệu Hợp', '398');
INSERT INTO services_ward (id, name, district_id) VALUES ('15808', 'Xã Thiệu Thịnh', '398');
INSERT INTO services_ward (id, name, district_id) VALUES ('15811', 'Xã Thiệu Quang', '398');
INSERT INTO services_ward (id, name, district_id) VALUES ('15814', 'Xã Thiệu Thành', '398');
INSERT INTO services_ward (id, name, district_id) VALUES ('15817', 'Xã Thiệu Toán', '398');
INSERT INTO services_ward (id, name, district_id) VALUES ('15820', 'Xã Thiệu Chính', '398');
INSERT INTO services_ward (id, name, district_id) VALUES ('15823', 'Xã Thiệu Hòa', '398');
INSERT INTO services_ward (id, name, district_id) VALUES ('15829', 'Thị trấn Hậu Hiền', '398');
INSERT INTO services_ward (id, name, district_id) VALUES ('15832', 'Xã Thiệu Viên', '398');
INSERT INTO services_ward (id, name, district_id) VALUES ('15835', 'Xã Thiệu Lý', '398');
INSERT INTO services_ward (id, name, district_id) VALUES ('15838', 'Xã Thiệu Vận', '398');
INSERT INTO services_ward (id, name, district_id) VALUES ('15841', 'Xã Thiệu Trung', '398');
INSERT INTO services_ward (id, name, district_id) VALUES ('15847', 'Xã Tân Châu', '398');
INSERT INTO services_ward (id, name, district_id) VALUES ('15853', 'Xã Thiệu Giao', '398');
INSERT INTO services_district (id, name, city_id) VALUES ('399', 'Huyện Hoằng Hóa', '38');
INSERT INTO services_ward (id, name, district_id) VALUES ('15865', 'Thị trấn Bút Sơn', '399');
INSERT INTO services_ward (id, name, district_id) VALUES ('15877', 'Xã Hoằng Xuân', '399');
INSERT INTO services_ward (id, name, district_id) VALUES ('15880', 'Xã Hoằng Giang', '399');
INSERT INTO services_ward (id, name, district_id) VALUES ('15883', 'Xã Hoằng Phú', '399');
INSERT INTO services_ward (id, name, district_id) VALUES ('15886', 'Xã Hoằng Quỳ', '399');
INSERT INTO services_ward (id, name, district_id) VALUES ('15889', 'Xã Hoằng Kim', '399');
INSERT INTO services_ward (id, name, district_id) VALUES ('15892', 'Xã Hoằng Trung', '399');
INSERT INTO services_ward (id, name, district_id) VALUES ('15895', 'Xã Hoằng Trinh', '399');
INSERT INTO services_ward (id, name, district_id) VALUES ('15901', 'Xã Hoằng Sơn', '399');
INSERT INTO services_ward (id, name, district_id) VALUES ('15907', 'Xã Hoằng Cát', '399');
INSERT INTO services_ward (id, name, district_id) VALUES ('15910', 'Xã Hoằng Xuyên', '399');
INSERT INTO services_ward (id, name, district_id) VALUES ('15916', 'Xã Hoằng Quý', '399');
INSERT INTO services_ward (id, name, district_id) VALUES ('15919', 'Xã Hoằng Hợp', '399');
INSERT INTO services_ward (id, name, district_id) VALUES ('15928', 'Xã Hoằng Đức', '399');
INSERT INTO services_ward (id, name, district_id) VALUES ('15937', 'Xã Hoằng Hà', '399');
INSERT INTO services_ward (id, name, district_id) VALUES ('15940', 'Xã Hoằng Đạt', '399');
INSERT INTO services_ward (id, name, district_id) VALUES ('15946', 'Xã Hoằng Đạo', '399');
INSERT INTO services_ward (id, name, district_id) VALUES ('15949', 'Xã Hoằng Thắng', '399');
INSERT INTO services_ward (id, name, district_id) VALUES ('15952', 'Xã Hoằng Đồng', '399');
INSERT INTO services_ward (id, name, district_id) VALUES ('15955', 'Xã Hoằng Thái', '399');
INSERT INTO services_ward (id, name, district_id) VALUES ('15958', 'Xã Hoằng Thịnh', '399');
INSERT INTO services_ward (id, name, district_id) VALUES ('15961', 'Xã Hoằng Thành', '399');
INSERT INTO services_ward (id, name, district_id) VALUES ('15964', 'Xã Hoằng Lộc', '399');
INSERT INTO services_ward (id, name, district_id) VALUES ('15967', 'Xã Hoằng Trạch', '399');
INSERT INTO services_ward (id, name, district_id) VALUES ('15973', 'Xã Hoằng Phong', '399');
INSERT INTO services_ward (id, name, district_id) VALUES ('15976', 'Xã Hoằng Lưu', '399');
INSERT INTO services_ward (id, name, district_id) VALUES ('15979', 'Xã Hoằng Châu', '399');
INSERT INTO services_ward (id, name, district_id) VALUES ('15982', 'Xã Hoằng Tân', '399');
INSERT INTO services_ward (id, name, district_id) VALUES ('15985', 'Xã Hoằng Yến', '399');
INSERT INTO services_ward (id, name, district_id) VALUES ('15988', 'Xã Hoằng Tiến', '399');
INSERT INTO services_ward (id, name, district_id) VALUES ('15991', 'Xã Hoằng Hải', '399');
INSERT INTO services_ward (id, name, district_id) VALUES ('15994', 'Xã Hoằng Ngọc', '399');
INSERT INTO services_ward (id, name, district_id) VALUES ('15997', 'Xã Hoằng Đông', '399');
INSERT INTO services_ward (id, name, district_id) VALUES ('16000', 'Xã Hoằng Thanh', '399');
INSERT INTO services_ward (id, name, district_id) VALUES ('16003', 'Xã Hoằng Phụ', '399');
INSERT INTO services_ward (id, name, district_id) VALUES ('16006', 'Xã Hoằng Trường', '399');
INSERT INTO services_district (id, name, city_id) VALUES ('400', 'Huyện Hậu Lộc', '38');
INSERT INTO services_ward (id, name, district_id) VALUES ('16075', 'Xã Hòa Lộc', '400');
INSERT INTO services_ward (id, name, district_id) VALUES ('16012', 'Thị trấn Hậu Lộc', '400');
INSERT INTO services_ward (id, name, district_id) VALUES ('16015', 'Xã Đồng Lộc', '400');
INSERT INTO services_ward (id, name, district_id) VALUES ('16018', 'Xã Đại Lộc', '400');
INSERT INTO services_ward (id, name, district_id) VALUES ('16021', 'Xã Triệu Lộc', '400');
INSERT INTO services_ward (id, name, district_id) VALUES ('16027', 'Xã Tiến Lộc', '400');
INSERT INTO services_ward (id, name, district_id) VALUES ('16030', 'Xã Lộc Sơn', '400');
INSERT INTO services_ward (id, name, district_id) VALUES ('16033', 'Xã Cầu Lộc', '400');
INSERT INTO services_ward (id, name, district_id) VALUES ('16036', 'Xã Thành Lộc', '400');
INSERT INTO services_ward (id, name, district_id) VALUES ('16042', 'Xã Tuy Lộc', '400');
INSERT INTO services_ward (id, name, district_id) VALUES ('16045', 'Xã Mỹ Lộc', '400');
INSERT INTO services_ward (id, name, district_id) VALUES ('16048', 'Xã Thuần Lộc', '400');
INSERT INTO services_ward (id, name, district_id) VALUES ('16057', 'Xã Xuân Lộc', '400');
INSERT INTO services_ward (id, name, district_id) VALUES ('16063', 'Xã Hoa Lộc', '400');
INSERT INTO services_ward (id, name, district_id) VALUES ('16066', 'Xã Liên Lộc', '400');
INSERT INTO services_ward (id, name, district_id) VALUES ('16069', 'Xã Quang Lộc', '400');
INSERT INTO services_ward (id, name, district_id) VALUES ('16072', 'Xã Phú Lộc', '400');
INSERT INTO services_ward (id, name, district_id) VALUES ('16078', 'Xã Minh Lộc', '400');
INSERT INTO services_ward (id, name, district_id) VALUES ('16081', 'Xã Hưng Lộc', '400');
INSERT INTO services_ward (id, name, district_id) VALUES ('16084', 'Xã Hải Lộc', '400');
INSERT INTO services_ward (id, name, district_id) VALUES ('16087', 'Xã Đa Lộc', '400');
INSERT INTO services_ward (id, name, district_id) VALUES ('16090', 'Xã Ngư Lộc', '400');
INSERT INTO services_district (id, name, city_id) VALUES ('401', 'Huyện Nga Sơn', '38');
INSERT INTO services_ward (id, name, district_id) VALUES ('16093', 'Thị trấn Nga Sơn', '401');
INSERT INTO services_ward (id, name, district_id) VALUES ('16096', 'Xã Ba Đình', '401');
INSERT INTO services_ward (id, name, district_id) VALUES ('16099', 'Xã Nga Vịnh', '401');
INSERT INTO services_ward (id, name, district_id) VALUES ('16102', 'Xã Nga Văn', '401');
INSERT INTO services_ward (id, name, district_id) VALUES ('16105', 'Xã Nga Thiện', '401');
INSERT INTO services_ward (id, name, district_id) VALUES ('16108', 'Xã Nga Tiến', '401');
INSERT INTO services_ward (id, name, district_id) VALUES ('16114', 'Xã Nga Phượng', '401');
INSERT INTO services_ward (id, name, district_id) VALUES ('16120', 'Xã Nga Hiệp', '401');
INSERT INTO services_ward (id, name, district_id) VALUES ('16123', 'Xã Nga Thanh', '401');
INSERT INTO services_ward (id, name, district_id) VALUES ('16132', 'Xã Nga Yên', '401');
INSERT INTO services_ward (id, name, district_id) VALUES ('16135', 'Xã Nga Giáp', '401');
INSERT INTO services_ward (id, name, district_id) VALUES ('16138', 'Xã Nga Hải', '401');
INSERT INTO services_ward (id, name, district_id) VALUES ('16141', 'Xã Nga Thành', '401');
INSERT INTO services_ward (id, name, district_id) VALUES ('16144', 'Xã Nga An', '401');
INSERT INTO services_ward (id, name, district_id) VALUES ('16147', 'Xã Nga Phú', '401');
INSERT INTO services_ward (id, name, district_id) VALUES ('16150', 'Xã Nga Điền', '401');
INSERT INTO services_ward (id, name, district_id) VALUES ('16153', 'Xã Nga Tân', '401');
INSERT INTO services_ward (id, name, district_id) VALUES ('16156', 'Xã Nga Thủy', '401');
INSERT INTO services_ward (id, name, district_id) VALUES ('16159', 'Xã Nga Liên', '401');
INSERT INTO services_ward (id, name, district_id) VALUES ('16162', 'Xã Nga Thái', '401');
INSERT INTO services_ward (id, name, district_id) VALUES ('16165', 'Xã Nga Thạch', '401');
INSERT INTO services_ward (id, name, district_id) VALUES ('16168', 'Xã Nga Thắng', '401');
INSERT INTO services_ward (id, name, district_id) VALUES ('16171', 'Xã Nga Trường', '401');
INSERT INTO services_district (id, name, city_id) VALUES ('402', 'Huyện Như Xuân', '38');
INSERT INTO services_ward (id, name, district_id) VALUES ('16174', 'Thị trấn Yên Cát', '402');
INSERT INTO services_ward (id, name, district_id) VALUES ('16177', 'Xã Bãi Trành', '402');
INSERT INTO services_ward (id, name, district_id) VALUES ('16180', 'Xã Xuân Hòa', '402');
INSERT INTO services_ward (id, name, district_id) VALUES ('16183', 'Xã Xuân Bình', '402');
INSERT INTO services_ward (id, name, district_id) VALUES ('16186', 'Xã Hóa Quỳ', '402');
INSERT INTO services_ward (id, name, district_id) VALUES ('16195', 'Xã Cát Vân', '402');
INSERT INTO services_ward (id, name, district_id) VALUES ('16198', 'Xã Cát Tân', '402');
INSERT INTO services_ward (id, name, district_id) VALUES ('16201', 'Xã Tân Bình', '402');
INSERT INTO services_ward (id, name, district_id) VALUES ('16204', 'Xã Bình Lương', '402');
INSERT INTO services_ward (id, name, district_id) VALUES ('16207', 'Xã Thanh Quân', '402');
INSERT INTO services_ward (id, name, district_id) VALUES ('16210', 'Xã Thanh Xuân', '402');
INSERT INTO services_ward (id, name, district_id) VALUES ('16213', 'Xã Thanh Hòa', '402');
INSERT INTO services_ward (id, name, district_id) VALUES ('16216', 'Xã Thanh Phong', '402');
INSERT INTO services_ward (id, name, district_id) VALUES ('16219', 'Xã Thanh Lâm', '402');
INSERT INTO services_ward (id, name, district_id) VALUES ('16222', 'Xã Thanh Sơn', '402');
INSERT INTO services_ward (id, name, district_id) VALUES ('16225', 'Xã Thượng Ninh', '402');
INSERT INTO services_district (id, name, city_id) VALUES ('403', 'Huyện Như Thanh', '38');
INSERT INTO services_ward (id, name, district_id) VALUES ('16228', 'Thị trấn Bến Sung', '403');
INSERT INTO services_ward (id, name, district_id) VALUES ('16231', 'Xã Cán Khê', '403');
INSERT INTO services_ward (id, name, district_id) VALUES ('16234', 'Xã Xuân Du', '403');
INSERT INTO services_ward (id, name, district_id) VALUES ('16240', 'Xã Phượng Nghi', '403');
INSERT INTO services_ward (id, name, district_id) VALUES ('16243', 'Xã Mậu Lâm', '403');
INSERT INTO services_ward (id, name, district_id) VALUES ('16246', 'Xã Xuân Khang', '403');
INSERT INTO services_ward (id, name, district_id) VALUES ('16249', 'Xã Phú Nhuận', '403');
INSERT INTO services_ward (id, name, district_id) VALUES ('16252', 'Xã Hải Long', '403');
INSERT INTO services_ward (id, name, district_id) VALUES ('16258', 'Xã Xuân Thái', '403');
INSERT INTO services_ward (id, name, district_id) VALUES ('16261', 'Xã Xuân Phúc', '403');
INSERT INTO services_ward (id, name, district_id) VALUES ('16264', 'Xã Yên Thọ', '403');
INSERT INTO services_ward (id, name, district_id) VALUES ('16267', 'Xã Yên Lạc', '403');
INSERT INTO services_ward (id, name, district_id) VALUES ('16273', 'Xã Thanh Tân', '403');
INSERT INTO services_ward (id, name, district_id) VALUES ('16276', 'Xã Thanh Kỳ', '403');
INSERT INTO services_district (id, name, city_id) VALUES ('404', 'Huyện Nông Cống', '38');
INSERT INTO services_ward (id, name, district_id) VALUES ('16279', 'Thị trấn Nông Cống', '404');
INSERT INTO services_ward (id, name, district_id) VALUES ('16282', 'Xã Tân Phúc', '404');
INSERT INTO services_ward (id, name, district_id) VALUES ('16285', 'Xã Tân Thọ', '404');
INSERT INTO services_ward (id, name, district_id) VALUES ('16288', 'Xã Hoàng Sơn', '404');
INSERT INTO services_ward (id, name, district_id) VALUES ('16291', 'Xã Tân Khang', '404');
INSERT INTO services_ward (id, name, district_id) VALUES ('16294', 'Xã Hoàng Giang', '404');
INSERT INTO services_ward (id, name, district_id) VALUES ('16297', 'Xã Trung Chính', '404');
INSERT INTO services_ward (id, name, district_id) VALUES ('16303', 'Xã Trung Thành', '404');
INSERT INTO services_ward (id, name, district_id) VALUES ('16309', 'Xã Tế Thắng', '404');
INSERT INTO services_ward (id, name, district_id) VALUES ('16315', 'Xã Tế Lợi', '404');
INSERT INTO services_ward (id, name, district_id) VALUES ('16318', 'Xã Tế Nông', '404');
INSERT INTO services_ward (id, name, district_id) VALUES ('16321', 'Xã Minh Nghĩa', '404');
INSERT INTO services_ward (id, name, district_id) VALUES ('16324', 'Xã Minh Khôi', '404');
INSERT INTO services_ward (id, name, district_id) VALUES ('16327', 'Xã Vạn Hòa', '404');
INSERT INTO services_ward (id, name, district_id) VALUES ('16330', 'Xã Trường Trung', '404');
INSERT INTO services_ward (id, name, district_id) VALUES ('16333', 'Xã Vạn Thắng', '404');
INSERT INTO services_ward (id, name, district_id) VALUES ('16336', 'Xã Trường Giang', '404');
INSERT INTO services_ward (id, name, district_id) VALUES ('16339', 'Xã Vạn Thiện', '404');
INSERT INTO services_ward (id, name, district_id) VALUES ('16342', 'Xã Thăng Long', '404');
INSERT INTO services_ward (id, name, district_id) VALUES ('16345', 'Xã Trường Minh', '404');
INSERT INTO services_ward (id, name, district_id) VALUES ('16348', 'Xã Trường Sơn', '404');
INSERT INTO services_ward (id, name, district_id) VALUES ('16351', 'Xã Thăng Bình', '404');
INSERT INTO services_ward (id, name, district_id) VALUES ('16354', 'Xã Công Liêm', '404');
INSERT INTO services_ward (id, name, district_id) VALUES ('16357', 'Xã Tượng Văn', '404');
INSERT INTO services_ward (id, name, district_id) VALUES ('16360', 'Xã Thăng Thọ', '404');
INSERT INTO services_ward (id, name, district_id) VALUES ('16363', 'Xã Tượng Lĩnh', '404');
INSERT INTO services_ward (id, name, district_id) VALUES ('16366', 'Xã Tượng Sơn', '404');
INSERT INTO services_ward (id, name, district_id) VALUES ('16369', 'Xã Công Chính', '404');
INSERT INTO services_ward (id, name, district_id) VALUES ('16375', 'Xã Yên Mỹ', '404');
INSERT INTO services_district (id, name, city_id) VALUES ('406', 'Huyện Quảng Xương', '38');
INSERT INTO services_ward (id, name, district_id) VALUES ('16438', 'Thị trấn Tân Phong', '406');
INSERT INTO services_ward (id, name, district_id) VALUES ('16447', 'Xã Quảng Trạch', '406');
INSERT INTO services_ward (id, name, district_id) VALUES ('16453', 'Xã Quảng Đức', '406');
INSERT INTO services_ward (id, name, district_id) VALUES ('16456', 'Xã Quảng Định', '406');
INSERT INTO services_ward (id, name, district_id) VALUES ('16462', 'Xã Quảng Nhân', '406');
INSERT INTO services_ward (id, name, district_id) VALUES ('16465', 'Xã Quảng Ninh', '406');
INSERT INTO services_ward (id, name, district_id) VALUES ('16468', 'Xã Quảng Bình', '406');
INSERT INTO services_ward (id, name, district_id) VALUES ('16471', 'Xã Quảng Hợp', '406');
INSERT INTO services_ward (id, name, district_id) VALUES ('16474', 'Xã Quảng Văn', '406');
INSERT INTO services_ward (id, name, district_id) VALUES ('16477', 'Xã Quảng Long', '406');
INSERT INTO services_ward (id, name, district_id) VALUES ('16480', 'Xã Quảng Yên', '406');
INSERT INTO services_ward (id, name, district_id) VALUES ('16483', 'Xã Quảng Hòa', '406');
INSERT INTO services_ward (id, name, district_id) VALUES ('16489', 'Xã Quảng Khê', '406');
INSERT INTO services_ward (id, name, district_id) VALUES ('16492', 'Xã Quảng Trung', '406');
INSERT INTO services_ward (id, name, district_id) VALUES ('16495', 'Xã Quảng Chính', '406');
INSERT INTO services_ward (id, name, district_id) VALUES ('16498', 'Xã Quảng Ngọc', '406');
INSERT INTO services_ward (id, name, district_id) VALUES ('16501', 'Xã Quảng Trường', '406');
INSERT INTO services_ward (id, name, district_id) VALUES ('16510', 'Xã Quảng Phúc', '406');
INSERT INTO services_ward (id, name, district_id) VALUES ('16519', 'Xã Quảng Giao', '406');
INSERT INTO services_ward (id, name, district_id) VALUES ('16540', 'Xã Quảng Hải', '406');
INSERT INTO services_ward (id, name, district_id) VALUES ('16543', 'Xã Quảng Lưu', '406');
INSERT INTO services_ward (id, name, district_id) VALUES ('16546', 'Xã Quảng Lộc', '406');
INSERT INTO services_ward (id, name, district_id) VALUES ('16549', 'Xã Tiên Trang', '406');
INSERT INTO services_ward (id, name, district_id) VALUES ('16552', 'Xã Quảng Nham', '406');
INSERT INTO services_ward (id, name, district_id) VALUES ('16555', 'Xã Quảng Thạch', '406');
INSERT INTO services_ward (id, name, district_id) VALUES ('16558', 'Xã Quảng Thái', '406');
INSERT INTO services_district (id, name, city_id) VALUES ('407', 'Thị xã Nghi Sơn', '38');
INSERT INTO services_ward (id, name, district_id) VALUES ('16561', 'Phường Hải Hòa', '407');
INSERT INTO services_ward (id, name, district_id) VALUES ('16564', 'Phường Hải Châu', '407');
INSERT INTO services_ward (id, name, district_id) VALUES ('16567', 'Xã Thanh Thủy', '407');
INSERT INTO services_ward (id, name, district_id) VALUES ('16570', 'Xã Thanh Sơn', '407');
INSERT INTO services_ward (id, name, district_id) VALUES ('16576', 'Phường Hải Ninh', '407');
INSERT INTO services_ward (id, name, district_id) VALUES ('16579', 'Xã Anh Sơn', '407');
INSERT INTO services_ward (id, name, district_id) VALUES ('16582', 'Xã Ngọc Lĩnh', '407');
INSERT INTO services_ward (id, name, district_id) VALUES ('16585', 'Phường Hải An', '407');
INSERT INTO services_ward (id, name, district_id) VALUES ('16591', 'Xã Các Sơn', '407');
INSERT INTO services_ward (id, name, district_id) VALUES ('16594', 'Phường Tân Dân', '407');
INSERT INTO services_ward (id, name, district_id) VALUES ('16597', 'Phường Hải Lĩnh', '407');
INSERT INTO services_ward (id, name, district_id) VALUES ('16600', 'Xã Định Hải', '407');
INSERT INTO services_ward (id, name, district_id) VALUES ('16603', 'Xã Phú Sơn', '407');
INSERT INTO services_ward (id, name, district_id) VALUES ('16606', 'Phường Ninh Hải', '407');
INSERT INTO services_ward (id, name, district_id) VALUES ('16609', 'Phường Nguyên Bình', '407');
INSERT INTO services_ward (id, name, district_id) VALUES ('16612', 'Xã Hải Nhân', '407');
INSERT INTO services_ward (id, name, district_id) VALUES ('16618', 'Phường Bình Minh', '407');
INSERT INTO services_ward (id, name, district_id) VALUES ('16621', 'Phường Hải Thanh', '407');
INSERT INTO services_ward (id, name, district_id) VALUES ('16624', 'Xã Phú Lâm', '407');
INSERT INTO services_ward (id, name, district_id) VALUES ('16627', 'Phường Xuân Lâm', '407');
INSERT INTO services_ward (id, name, district_id) VALUES ('16630', 'Phường Trúc Lâm', '407');
INSERT INTO services_ward (id, name, district_id) VALUES ('16633', 'Phường Hải Bình', '407');
INSERT INTO services_ward (id, name, district_id) VALUES ('16636', 'Xã Tân Trường', '407');
INSERT INTO services_ward (id, name, district_id) VALUES ('16639', 'Xã Tùng Lâm', '407');
INSERT INTO services_ward (id, name, district_id) VALUES ('16642', 'Phường Tĩnh Hải', '407');
INSERT INTO services_ward (id, name, district_id) VALUES ('16645', 'Phường Mai Lâm', '407');
INSERT INTO services_ward (id, name, district_id) VALUES ('16648', 'Xã Trường Lâm', '407');
INSERT INTO services_ward (id, name, district_id) VALUES ('16654', 'Phường Hải Thượng', '407');
INSERT INTO services_ward (id, name, district_id) VALUES ('16657', 'Xã Nghi Sơn', '407');
INSERT INTO services_ward (id, name, district_id) VALUES ('16660', 'Xã Hải Hà', '407');
INSERT INTO services_city (id, name) VALUES ('40', 'Tỉnh Nghệ An');
INSERT INTO services_district (id, name, city_id) VALUES ('412', 'Thành phố Vinh', '40');
INSERT INTO services_ward (id, name, district_id) VALUES ('16663', 'Phường Đông Vĩnh', '412');
INSERT INTO services_ward (id, name, district_id) VALUES ('16666', 'Phường Hà Huy Tập', '412');
INSERT INTO services_ward (id, name, district_id) VALUES ('16669', 'Phường Lê Lợi', '412');
INSERT INTO services_ward (id, name, district_id) VALUES ('16670', 'Phường Quán Bàu', '412');
INSERT INTO services_ward (id, name, district_id) VALUES ('16672', 'Phường Hưng Bình', '412');
INSERT INTO services_ward (id, name, district_id) VALUES ('16673', 'Phường Hưng Phúc', '412');
INSERT INTO services_ward (id, name, district_id) VALUES ('16675', 'Phường Hưng Dũng', '412');
INSERT INTO services_ward (id, name, district_id) VALUES ('16678', 'Phường Cửa Nam', '412');
INSERT INTO services_ward (id, name, district_id) VALUES ('16681', 'Phường Quang Trung', '412');
INSERT INTO services_ward (id, name, district_id) VALUES ('16690', 'Phường Trường Thi', '412');
INSERT INTO services_ward (id, name, district_id) VALUES ('16693', 'Phường Bến Thủy', '412');
INSERT INTO services_ward (id, name, district_id) VALUES ('16699', 'Phường Trung Đô', '412');
INSERT INTO services_ward (id, name, district_id) VALUES ('16702', 'Phường Nghi Phú', '412');
INSERT INTO services_ward (id, name, district_id) VALUES ('16705', 'Phường Hưng Đông', '412');
INSERT INTO services_ward (id, name, district_id) VALUES ('16708', 'Phường Hưng Lộc', '412');
INSERT INTO services_ward (id, name, district_id) VALUES ('16711', 'Xã Hưng Hòa', '412');
INSERT INTO services_ward (id, name, district_id) VALUES ('16714', 'Phường Vinh Tân', '412');
INSERT INTO services_ward (id, name, district_id) VALUES ('16717', 'Phường Nghi Thuỷ', '412');
INSERT INTO services_ward (id, name, district_id) VALUES ('16720', 'Phường Nghi Tân', '412');
INSERT INTO services_ward (id, name, district_id) VALUES ('16723', 'Phường Thu Thuỷ', '412');
INSERT INTO services_ward (id, name, district_id) VALUES ('16726', 'Phường Nghi Hòa', '412');
INSERT INTO services_ward (id, name, district_id) VALUES ('16729', 'Phường Nghi Hải', '412');
INSERT INTO services_ward (id, name, district_id) VALUES ('16732', 'Phường Nghi Hương', '412');
INSERT INTO services_ward (id, name, district_id) VALUES ('16735', 'Phường Nghi Thu', '412');
INSERT INTO services_ward (id, name, district_id) VALUES ('17902', 'Xã Nghi Phong', '412');
INSERT INTO services_ward (id, name, district_id) VALUES ('17905', 'Xã Nghi Xuân', '412');
INSERT INTO services_ward (id, name, district_id) VALUES ('17908', 'Xã Nghi Liên', '412');
INSERT INTO services_ward (id, name, district_id) VALUES ('17914', 'Xã Nghi Ân', '412');
INSERT INTO services_ward (id, name, district_id) VALUES ('17917', 'Xã Phúc Thọ', '412');
INSERT INTO services_ward (id, name, district_id) VALUES ('17920', 'Xã Nghi Kim', '412');
INSERT INTO services_ward (id, name, district_id) VALUES ('17923', 'Phường Nghi Đức', '412');
INSERT INTO services_ward (id, name, district_id) VALUES ('17926', 'Xã Nghi Thái', '412');
INSERT INTO services_ward (id, name, district_id) VALUES ('18013', 'Xã Hưng Chính', '412');
INSERT INTO services_district (id, name, city_id) VALUES ('414', 'Thị xã Thái Hoà', '40');
INSERT INTO services_ward (id, name, district_id) VALUES ('16939', 'Phường Hoà Hiếu', '414');
INSERT INTO services_ward (id, name, district_id) VALUES ('16993', 'Phường Quang Phong', '414');
INSERT INTO services_ward (id, name, district_id) VALUES ('16994', 'Phường Quang Tiến', '414');
INSERT INTO services_ward (id, name, district_id) VALUES ('17003', 'Phường Long Sơn', '414');
INSERT INTO services_ward (id, name, district_id) VALUES ('17005', 'Xã Nghĩa Tiến', '414');
INSERT INTO services_ward (id, name, district_id) VALUES ('17008', 'Xã Nghĩa Mỹ', '414');
INSERT INTO services_ward (id, name, district_id) VALUES ('17011', 'Xã Tây Hiếu', '414');
INSERT INTO services_ward (id, name, district_id) VALUES ('17014', 'Xã Nghĩa Thuận', '414');
INSERT INTO services_ward (id, name, district_id) VALUES ('17017', 'Xã Đông Hiếu', '414');
INSERT INTO services_district (id, name, city_id) VALUES ('415', 'Huyện Quế Phong', '40');
INSERT INTO services_ward (id, name, district_id) VALUES ('16738', 'Thị trấn Kim Sơn', '415');
INSERT INTO services_ward (id, name, district_id) VALUES ('16741', 'Xã Thông Thụ', '415');
INSERT INTO services_ward (id, name, district_id) VALUES ('16744', 'Xã Đồng Văn', '415');
INSERT INTO services_ward (id, name, district_id) VALUES ('16747', 'Xã Hạnh Dịch', '415');
INSERT INTO services_ward (id, name, district_id) VALUES ('16750', 'Xã Tiền Phong', '415');
INSERT INTO services_ward (id, name, district_id) VALUES ('16753', 'Xã Nậm Giải', '415');
INSERT INTO services_ward (id, name, district_id) VALUES ('16756', 'Xã Tri Lễ', '415');
INSERT INTO services_ward (id, name, district_id) VALUES ('16759', 'Xã Châu Kim', '415');
INSERT INTO services_ward (id, name, district_id) VALUES ('16763', 'Xã Mường Nọc', '415');
INSERT INTO services_ward (id, name, district_id) VALUES ('16765', 'Xã Châu Thôn', '415');
INSERT INTO services_ward (id, name, district_id) VALUES ('16768', 'Xã Nậm Nhoóng', '415');
INSERT INTO services_ward (id, name, district_id) VALUES ('16771', 'Xã Quang Phong', '415');
INSERT INTO services_ward (id, name, district_id) VALUES ('16774', 'Xã Căm Muộn', '415');
INSERT INTO services_district (id, name, city_id) VALUES ('416', 'Huyện Quỳ Châu', '40');
INSERT INTO services_ward (id, name, district_id) VALUES ('16777', 'Thị trấn Tân Lạc', '416');
INSERT INTO services_ward (id, name, district_id) VALUES ('16780', 'Xã Châu Bính', '416');
INSERT INTO services_ward (id, name, district_id) VALUES ('16783', 'Xã Châu Thuận', '416');
INSERT INTO services_ward (id, name, district_id) VALUES ('16786', 'Xã Châu Hội', '416');
INSERT INTO services_ward (id, name, district_id) VALUES ('16789', 'Xã Châu Nga', '416');
INSERT INTO services_ward (id, name, district_id) VALUES ('16792', 'Xã Châu Tiến', '416');
INSERT INTO services_ward (id, name, district_id) VALUES ('16795', 'Xã Châu Hạnh', '416');
INSERT INTO services_ward (id, name, district_id) VALUES ('16798', 'Xã Châu Thắng', '416');
INSERT INTO services_ward (id, name, district_id) VALUES ('16801', 'Xã Châu Phong', '416');
INSERT INTO services_ward (id, name, district_id) VALUES ('16804', 'Xã Châu Bình', '416');
INSERT INTO services_ward (id, name, district_id) VALUES ('16807', 'Xã Châu Hoàn', '416');
INSERT INTO services_ward (id, name, district_id) VALUES ('16810', 'Xã Diên Lãm', '416');
INSERT INTO services_district (id, name, city_id) VALUES ('417', 'Huyện Kỳ Sơn', '40');
INSERT INTO services_ward (id, name, district_id) VALUES ('16840', 'Xã Bảo Nam', '417');
INSERT INTO services_ward (id, name, district_id) VALUES ('16813', 'Thị trấn Mường Xén', '417');
INSERT INTO services_ward (id, name, district_id) VALUES ('16816', 'Xã Mỹ Lý', '417');
INSERT INTO services_ward (id, name, district_id) VALUES ('16819', 'Xã Bắc Lý', '417');
INSERT INTO services_ward (id, name, district_id) VALUES ('16822', 'Xã Keng Đu', '417');
INSERT INTO services_ward (id, name, district_id) VALUES ('16825', 'Xã Đoọc Mạy', '417');
INSERT INTO services_ward (id, name, district_id) VALUES ('16828', 'Xã Huồi Tụ', '417');
INSERT INTO services_ward (id, name, district_id) VALUES ('16831', 'Xã Mường Lống', '417');
INSERT INTO services_ward (id, name, district_id) VALUES ('16834', 'Xã Na Loi', '417');
INSERT INTO services_ward (id, name, district_id) VALUES ('16837', 'Xã Nậm Cắn', '417');
INSERT INTO services_ward (id, name, district_id) VALUES ('16843', 'Xã Phà Đánh', '417');
INSERT INTO services_ward (id, name, district_id) VALUES ('16846', 'Xã Bảo Thắng', '417');
INSERT INTO services_ward (id, name, district_id) VALUES ('16849', 'Xã Hữu Lập', '417');
INSERT INTO services_ward (id, name, district_id) VALUES ('16852', 'Xã Tà Cạ', '417');
INSERT INTO services_ward (id, name, district_id) VALUES ('16855', 'Xã Chiêu Lưu', '417');
INSERT INTO services_ward (id, name, district_id) VALUES ('16858', 'Xã Mường Típ', '417');
INSERT INTO services_ward (id, name, district_id) VALUES ('16861', 'Xã Hữu Kiệm', '417');
INSERT INTO services_ward (id, name, district_id) VALUES ('16864', 'Xã Tây Sơn', '417');
INSERT INTO services_ward (id, name, district_id) VALUES ('16867', 'Xã Mường Ải', '417');
INSERT INTO services_ward (id, name, district_id) VALUES ('16870', 'Xã Na Ngoi', '417');
INSERT INTO services_ward (id, name, district_id) VALUES ('16873', 'Xã Nậm Càn', '417');
INSERT INTO services_district (id, name, city_id) VALUES ('418', 'Huyện Tương Dương', '40');
INSERT INTO services_ward (id, name, district_id) VALUES ('16876', 'Thị trấn Thạch Giám', '418');
INSERT INTO services_ward (id, name, district_id) VALUES ('16879', 'Xã Mai Sơn', '418');
INSERT INTO services_ward (id, name, district_id) VALUES ('16882', 'Xã Nhôn Mai', '418');
INSERT INTO services_ward (id, name, district_id) VALUES ('16885', 'Xã Hữu Khuông', '418');
INSERT INTO services_ward (id, name, district_id) VALUES ('16900', 'Xã Yên Tĩnh', '418');
INSERT INTO services_ward (id, name, district_id) VALUES ('16903', 'Xã Nga My', '418');
INSERT INTO services_ward (id, name, district_id) VALUES ('16904', 'Xã Xiêng My', '418');
INSERT INTO services_ward (id, name, district_id) VALUES ('16906', 'Xã Lưỡng Minh', '418');
INSERT INTO services_ward (id, name, district_id) VALUES ('16909', 'Xã Yên Hòa', '418');
INSERT INTO services_ward (id, name, district_id) VALUES ('16912', 'Xã Yên Na', '418');
INSERT INTO services_ward (id, name, district_id) VALUES ('16915', 'Xã Lưu Kiền', '418');
INSERT INTO services_ward (id, name, district_id) VALUES ('16921', 'Xã Xá Lượng', '418');
INSERT INTO services_ward (id, name, district_id) VALUES ('16924', 'Xã Tam Thái', '418');
INSERT INTO services_ward (id, name, district_id) VALUES ('16927', 'Xã Tam Đình', '418');
INSERT INTO services_ward (id, name, district_id) VALUES ('16930', 'Xã Yên Thắng', '418');
INSERT INTO services_ward (id, name, district_id) VALUES ('16933', 'Xã Tam Quang', '418');
INSERT INTO services_ward (id, name, district_id) VALUES ('16936', 'Xã Tam Hợp', '418');
INSERT INTO services_district (id, name, city_id) VALUES ('419', 'Huyện Nghĩa Đàn', '40');
INSERT INTO services_ward (id, name, district_id) VALUES ('16941', 'Thị trấn Nghĩa Đàn', '419');
INSERT INTO services_ward (id, name, district_id) VALUES ('16942', 'Xã Nghĩa Mai', '419');
INSERT INTO services_ward (id, name, district_id) VALUES ('16945', 'Xã Nghĩa Yên', '419');
INSERT INTO services_ward (id, name, district_id) VALUES ('16948', 'Xã Nghĩa Lạc', '419');
INSERT INTO services_ward (id, name, district_id) VALUES ('16951', 'Xã Nghĩa Lâm', '419');
INSERT INTO services_ward (id, name, district_id) VALUES ('16954', 'Xã Nghĩa Sơn', '419');
INSERT INTO services_ward (id, name, district_id) VALUES ('16957', 'Xã Nghĩa Lợi', '419');
INSERT INTO services_ward (id, name, district_id) VALUES ('16960', 'Xã Nghĩa Bình', '419');
INSERT INTO services_ward (id, name, district_id) VALUES ('16966', 'Xã Nghĩa Minh', '419');
INSERT INTO services_ward (id, name, district_id) VALUES ('16969', 'Xã Nghĩa Thọ', '419');
INSERT INTO services_ward (id, name, district_id) VALUES ('16972', 'Xã Nghĩa Hưng', '419');
INSERT INTO services_ward (id, name, district_id) VALUES ('16975', 'Xã Nghĩa Hồng', '419');
INSERT INTO services_ward (id, name, district_id) VALUES ('16981', 'Xã Nghĩa Trung', '419');
INSERT INTO services_ward (id, name, district_id) VALUES ('16984', 'Xã Nghĩa Hội', '419');
INSERT INTO services_ward (id, name, district_id) VALUES ('16987', 'Xã Nghĩa Thành', '419');
INSERT INTO services_ward (id, name, district_id) VALUES ('17020', 'Xã Nghĩa Đức', '419');
INSERT INTO services_ward (id, name, district_id) VALUES ('17023', 'Xã Nghĩa An', '419');
INSERT INTO services_ward (id, name, district_id) VALUES ('17026', 'Xã Nghĩa Long', '419');
INSERT INTO services_ward (id, name, district_id) VALUES ('17029', 'Xã Nghĩa Lộc', '419');
INSERT INTO services_ward (id, name, district_id) VALUES ('17032', 'Xã Nghĩa Khánh', '419');
INSERT INTO services_district (id, name, city_id) VALUES ('420', 'Huyện Quỳ Hợp', '40');
INSERT INTO services_ward (id, name, district_id) VALUES ('17035', 'Thị trấn Quỳ Hợp', '420');
INSERT INTO services_ward (id, name, district_id) VALUES ('17038', 'Xã Yên Hợp', '420');
INSERT INTO services_ward (id, name, district_id) VALUES ('17041', 'Xã Châu Tiến', '420');
INSERT INTO services_ward (id, name, district_id) VALUES ('17044', 'Xã Châu Hồng', '420');
INSERT INTO services_ward (id, name, district_id) VALUES ('17047', 'Xã Đồng Hợp', '420');
INSERT INTO services_ward (id, name, district_id) VALUES ('17050', 'Xã Châu Thành', '420');
INSERT INTO services_ward (id, name, district_id) VALUES ('17053', 'Xã Liên Hợp', '420');
INSERT INTO services_ward (id, name, district_id) VALUES ('17056', 'Xã Châu Lộc', '420');
INSERT INTO services_ward (id, name, district_id) VALUES ('17059', 'Xã Tam Hợp', '420');
INSERT INTO services_ward (id, name, district_id) VALUES ('17062', 'Xã Châu Cường', '420');
INSERT INTO services_ward (id, name, district_id) VALUES ('17065', 'Xã Châu Quang', '420');
INSERT INTO services_ward (id, name, district_id) VALUES ('17068', 'Xã Thọ Hợp', '420');
INSERT INTO services_ward (id, name, district_id) VALUES ('17071', 'Xã Minh Hợp', '420');
INSERT INTO services_ward (id, name, district_id) VALUES ('17074', 'Xã Nghĩa Xuân', '420');
INSERT INTO services_ward (id, name, district_id) VALUES ('17077', 'Xã Châu Thái', '420');
INSERT INTO services_ward (id, name, district_id) VALUES ('17080', 'Xã Châu Đình', '420');
INSERT INTO services_ward (id, name, district_id) VALUES ('17083', 'Xã Văn Lợi', '420');
INSERT INTO services_ward (id, name, district_id) VALUES ('17086', 'Xã Nam Sơn', '420');
INSERT INTO services_ward (id, name, district_id) VALUES ('17089', 'Xã Châu Lý', '420');
INSERT INTO services_ward (id, name, district_id) VALUES ('17092', 'Xã Hạ Sơn', '420');
INSERT INTO services_ward (id, name, district_id) VALUES ('17095', 'Xã Bắc Sơn', '420');
INSERT INTO services_district (id, name, city_id) VALUES ('421', 'Huyện Quỳnh Lưu', '40');
INSERT INTO services_ward (id, name, district_id) VALUES ('17101', 'Xã Quỳnh Thắng', '421');
INSERT INTO services_ward (id, name, district_id) VALUES ('17119', 'Xã Quỳnh Tân', '421');
INSERT INTO services_ward (id, name, district_id) VALUES ('17122', 'Xã Quỳnh Châu', '421');
INSERT INTO services_ward (id, name, district_id) VALUES ('17140', 'Xã Tân Sơn', '421');
INSERT INTO services_ward (id, name, district_id) VALUES ('17143', 'Xã Quỳnh Văn', '421');
INSERT INTO services_ward (id, name, district_id) VALUES ('17146', 'Xã Ngọc Sơn', '421');
INSERT INTO services_ward (id, name, district_id) VALUES ('17149', 'Xã Quỳnh Tam', '421');
INSERT INTO services_ward (id, name, district_id) VALUES ('17152', 'Xã Quỳnh Sơn', '421');
INSERT INTO services_ward (id, name, district_id) VALUES ('17155', 'Xã Quỳnh Thạch', '421');
INSERT INTO services_ward (id, name, district_id) VALUES ('17158', 'Xã Quỳnh Bảng', '421');
INSERT INTO services_ward (id, name, district_id) VALUES ('17164', 'Xã Quỳnh Thanh', '421');
INSERT INTO services_ward (id, name, district_id) VALUES ('17167', 'Xã Quỳnh Hậu', '421');
INSERT INTO services_ward (id, name, district_id) VALUES ('17170', 'Xã Quỳnh Lâm', '421');
INSERT INTO services_ward (id, name, district_id) VALUES ('17173', 'Xã Quỳnh Đôi', '421');
INSERT INTO services_ward (id, name, district_id) VALUES ('17176', 'Xã Minh Lương', '421');
INSERT INTO services_ward (id, name, district_id) VALUES ('17179', 'Thị trấn Cầu Giát', '421');
INSERT INTO services_ward (id, name, district_id) VALUES ('17182', 'Xã Quỳnh Yên', '421');
INSERT INTO services_ward (id, name, district_id) VALUES ('17185', 'Xã Bình Sơn', '421');
INSERT INTO services_ward (id, name, district_id) VALUES ('17191', 'Xã Quỳnh Diễn', '421');
INSERT INTO services_ward (id, name, district_id) VALUES ('17197', 'Xã Quỳnh Giang', '421');
INSERT INTO services_ward (id, name, district_id) VALUES ('17206', 'Xã An Hòa', '421');
INSERT INTO services_ward (id, name, district_id) VALUES ('17209', 'Xã Phú Nghĩa', '421');
INSERT INTO services_ward (id, name, district_id) VALUES ('17212', 'Xã Văn Hải', '421');
INSERT INTO services_ward (id, name, district_id) VALUES ('17218', 'Xã Thuận Long', '421');
INSERT INTO services_ward (id, name, district_id) VALUES ('17224', 'Xã Tân Thắng', '421');
INSERT INTO services_district (id, name, city_id) VALUES ('422', 'Huyện Con Cuông', '40');
INSERT INTO services_ward (id, name, district_id) VALUES ('17230', 'Xã Bình Chuẩn', '422');
INSERT INTO services_ward (id, name, district_id) VALUES ('17233', 'Xã Lạng Khê', '422');
INSERT INTO services_ward (id, name, district_id) VALUES ('17236', 'Xã Cam Lâm', '422');
INSERT INTO services_ward (id, name, district_id) VALUES ('17239', 'Xã Thạch Ngàn', '422');
INSERT INTO services_ward (id, name, district_id) VALUES ('17242', 'Xã Đôn Phục', '422');
INSERT INTO services_ward (id, name, district_id) VALUES ('17245', 'Xã Mậu Đức', '422');
INSERT INTO services_ward (id, name, district_id) VALUES ('17248', 'Xã Châu Khê', '422');
INSERT INTO services_ward (id, name, district_id) VALUES ('17251', 'Xã Chi Khê', '422');
INSERT INTO services_ward (id, name, district_id) VALUES ('17254', 'Thị trấn Trà Lân', '422');
INSERT INTO services_ward (id, name, district_id) VALUES ('17257', 'Xã Yên Khê', '422');
INSERT INTO services_ward (id, name, district_id) VALUES ('17260', 'Xã Lục Dạ', '422');
INSERT INTO services_ward (id, name, district_id) VALUES ('17263', 'Xã Môn Sơn', '422');
INSERT INTO services_district (id, name, city_id) VALUES ('423', 'Huyện Tân Kỳ', '40');
INSERT INTO services_ward (id, name, district_id) VALUES ('17266', 'Thị trấn Tân Kỳ', '423');
INSERT INTO services_ward (id, name, district_id) VALUES ('17269', 'Xã Tân Hợp', '423');
INSERT INTO services_ward (id, name, district_id) VALUES ('17272', 'Xã Tân Phú', '423');
INSERT INTO services_ward (id, name, district_id) VALUES ('17275', 'Xã Tân Xuân', '423');
INSERT INTO services_ward (id, name, district_id) VALUES ('17278', 'Xã Giai Xuân', '423');
INSERT INTO services_ward (id, name, district_id) VALUES ('17281', 'Xã Bình Hợp', '423');
INSERT INTO services_ward (id, name, district_id) VALUES ('17284', 'Xã Nghĩa Đồng', '423');
INSERT INTO services_ward (id, name, district_id) VALUES ('17287', 'Xã Đồng Văn', '423');
INSERT INTO services_ward (id, name, district_id) VALUES ('17290', 'Xã Nghĩa Thái', '423');
INSERT INTO services_ward (id, name, district_id) VALUES ('17296', 'Xã Hoàn Long', '423');
INSERT INTO services_ward (id, name, district_id) VALUES ('17299', 'Xã Nghĩa Phúc', '423');
INSERT INTO services_ward (id, name, district_id) VALUES ('17302', 'Xã Tiên Kỳ', '423');
INSERT INTO services_ward (id, name, district_id) VALUES ('17305', 'Xã Tân An', '423');
INSERT INTO services_ward (id, name, district_id) VALUES ('17308', 'Xã Nghĩa Dũng', '423');
INSERT INTO services_ward (id, name, district_id) VALUES ('17314', 'Xã Kỳ Sơn', '423');
INSERT INTO services_ward (id, name, district_id) VALUES ('17317', 'Xã Hương Sơn', '423');
INSERT INTO services_ward (id, name, district_id) VALUES ('17320', 'Xã Kỳ Tân', '423');
INSERT INTO services_ward (id, name, district_id) VALUES ('17323', 'Xã Phú Sơn', '423');
INSERT INTO services_ward (id, name, district_id) VALUES ('17325', 'Xã Tân Hương', '423');
INSERT INTO services_ward (id, name, district_id) VALUES ('17326', 'Xã Nghĩa Hành', '423');
INSERT INTO services_district (id, name, city_id) VALUES ('424', 'Huyện Anh Sơn', '40');
INSERT INTO services_ward (id, name, district_id) VALUES ('17329', 'Thị trấn Kim Nhan', '424');
INSERT INTO services_ward (id, name, district_id) VALUES ('17332', 'Xã Thọ Sơn', '424');
INSERT INTO services_ward (id, name, district_id) VALUES ('17335', 'Xã Thành Sơn', '424');
INSERT INTO services_ward (id, name, district_id) VALUES ('17338', 'Xã Bình Sơn', '424');
INSERT INTO services_ward (id, name, district_id) VALUES ('17344', 'Xã Tam Đỉnh', '424');
INSERT INTO services_ward (id, name, district_id) VALUES ('17347', 'Xã Hùng Sơn', '424');
INSERT INTO services_ward (id, name, district_id) VALUES ('17350', 'Xã Cẩm Sơn', '424');
INSERT INTO services_ward (id, name, district_id) VALUES ('17353', 'Xã Đức Sơn', '424');
INSERT INTO services_ward (id, name, district_id) VALUES ('17356', 'Xã Tường Sơn', '424');
INSERT INTO services_ward (id, name, district_id) VALUES ('17357', 'Xã Hoa Sơn', '424');
INSERT INTO services_ward (id, name, district_id) VALUES ('17359', 'Xã Tào Sơn', '424');
INSERT INTO services_ward (id, name, district_id) VALUES ('17362', 'Xã Vĩnh Sơn', '424');
INSERT INTO services_ward (id, name, district_id) VALUES ('17365', 'Xã Lạng Sơn', '424');
INSERT INTO services_ward (id, name, district_id) VALUES ('17368', 'Xã Hội Sơn', '424');
INSERT INTO services_ward (id, name, district_id) VALUES ('17374', 'Xã Phúc Sơn', '424');
INSERT INTO services_ward (id, name, district_id) VALUES ('17377', 'Xã Long Sơn', '424');
INSERT INTO services_ward (id, name, district_id) VALUES ('17380', 'Xã Khai Sơn', '424');
INSERT INTO services_ward (id, name, district_id) VALUES ('17383', 'Xã Lĩnh Sơn', '424');
INSERT INTO services_ward (id, name, district_id) VALUES ('17386', 'Xã Cao Sơn', '424');
INSERT INTO services_district (id, name, city_id) VALUES ('425', 'Huyện Diễn Châu', '40');
INSERT INTO services_ward (id, name, district_id) VALUES ('17392', 'Xã Diễn Lâm', '425');
INSERT INTO services_ward (id, name, district_id) VALUES ('17395', 'Xã Diễn Đoài', '425');
INSERT INTO services_ward (id, name, district_id) VALUES ('17398', 'Xã Diễn Trường', '425');
INSERT INTO services_ward (id, name, district_id) VALUES ('17401', 'Xã Diễn Yên', '425');
INSERT INTO services_ward (id, name, district_id) VALUES ('17404', 'Xã Diễn Hoàng', '425');
INSERT INTO services_ward (id, name, district_id) VALUES ('17410', 'Xã Diễn Mỹ', '425');
INSERT INTO services_ward (id, name, district_id) VALUES ('17413', 'Xã Diễn Hồng', '425');
INSERT INTO services_ward (id, name, district_id) VALUES ('17416', 'Xã Diễn Phong', '425');
INSERT INTO services_ward (id, name, district_id) VALUES ('17419', 'Xã Hùng Hải', '425');
INSERT INTO services_ward (id, name, district_id) VALUES ('17425', 'Xã Diễn Liên', '425');
INSERT INTO services_ward (id, name, district_id) VALUES ('17428', 'Xã Diễn Vạn', '425');
INSERT INTO services_ward (id, name, district_id) VALUES ('17431', 'Xã Diễn Kim', '425');
INSERT INTO services_ward (id, name, district_id) VALUES ('17434', 'Xã Diễn Kỷ', '425');
INSERT INTO services_ward (id, name, district_id) VALUES ('17437', 'Xã Xuân Tháp', '425');
INSERT INTO services_ward (id, name, district_id) VALUES ('17440', 'Xã Diễn Thái', '425');
INSERT INTO services_ward (id, name, district_id) VALUES ('17443', 'Xã Diễn Đồng', '425');
INSERT INTO services_ward (id, name, district_id) VALUES ('17449', 'Xã Hạnh Quảng', '425');
INSERT INTO services_ward (id, name, district_id) VALUES ('17452', 'Xã Ngọc Bích', '425');
INSERT INTO services_ward (id, name, district_id) VALUES ('17458', 'Xã Diễn Nguyên', '425');
INSERT INTO services_ward (id, name, district_id) VALUES ('17461', 'Xã Diễn Hoa', '425');
INSERT INTO services_ward (id, name, district_id) VALUES ('17464', 'Thị trấn Diễn Thành', '425');
INSERT INTO services_ward (id, name, district_id) VALUES ('17467', 'Xã Diễn Phúc', '425');
INSERT INTO services_ward (id, name, district_id) VALUES ('17476', 'Xã Diễn Cát', '425');
INSERT INTO services_ward (id, name, district_id) VALUES ('17479', 'Xã Diễn Thịnh', '425');
INSERT INTO services_ward (id, name, district_id) VALUES ('17482', 'Xã Diễn Tân', '425');
INSERT INTO services_ward (id, name, district_id) VALUES ('17485', 'Xã Minh Châu', '425');
INSERT INTO services_ward (id, name, district_id) VALUES ('17488', 'Xã Diễn Thọ', '425');
INSERT INTO services_ward (id, name, district_id) VALUES ('17491', 'Xã Diễn Lợi', '425');
INSERT INTO services_ward (id, name, district_id) VALUES ('17494', 'Xã Diễn Lộc', '425');
INSERT INTO services_ward (id, name, district_id) VALUES ('17497', 'Xã Diễn Trung', '425');
INSERT INTO services_ward (id, name, district_id) VALUES ('17500', 'Xã Diễn An', '425');
INSERT INTO services_ward (id, name, district_id) VALUES ('17503', 'Xã Diễn Phú', '425');
INSERT INTO services_district (id, name, city_id) VALUES ('426', 'Huyện Yên Thành', '40');
INSERT INTO services_ward (id, name, district_id) VALUES ('17506', 'Thị trấn Hoa Thành', '426');
INSERT INTO services_ward (id, name, district_id) VALUES ('17509', 'Xã Mã Thành', '426');
INSERT INTO services_ward (id, name, district_id) VALUES ('17510', 'Xã Tiến Thành', '426');
INSERT INTO services_ward (id, name, district_id) VALUES ('17512', 'Xã Lăng Thành', '426');
INSERT INTO services_ward (id, name, district_id) VALUES ('17515', 'Xã Tân Thành', '426');
INSERT INTO services_ward (id, name, district_id) VALUES ('17518', 'Xã Đức Thành', '426');
INSERT INTO services_ward (id, name, district_id) VALUES ('17521', 'Xã Kim Thành', '426');
INSERT INTO services_ward (id, name, district_id) VALUES ('17524', 'Xã Hậu Thành', '426');
INSERT INTO services_ward (id, name, district_id) VALUES ('17527', 'Xã Đô Thành', '426');
INSERT INTO services_ward (id, name, district_id) VALUES ('17530', 'Xã Thọ Thành', '426');
INSERT INTO services_ward (id, name, district_id) VALUES ('17533', 'Xã Quang Thành', '426');
INSERT INTO services_ward (id, name, district_id) VALUES ('17536', 'Xã Tây Thành', '426');
INSERT INTO services_ward (id, name, district_id) VALUES ('17539', 'Xã Phúc Thành', '426');
INSERT INTO services_ward (id, name, district_id) VALUES ('17542', 'Xã Phú Thành', '426');
INSERT INTO services_ward (id, name, district_id) VALUES ('17545', 'Xã Đồng Thành', '426');
INSERT INTO services_ward (id, name, district_id) VALUES ('17554', 'Xã Tăng Thành', '426');
INSERT INTO services_ward (id, name, district_id) VALUES ('17557', 'Xã Văn Thành', '426');
INSERT INTO services_ward (id, name, district_id) VALUES ('17560', 'Xã Thịnh Thành', '426');
INSERT INTO services_ward (id, name, district_id) VALUES ('17566', 'Xã Xuân Thành', '426');
INSERT INTO services_ward (id, name, district_id) VALUES ('17569', 'Xã Bắc Thành', '426');
INSERT INTO services_ward (id, name, district_id) VALUES ('17572', 'Xã Đông Thành', '426');
INSERT INTO services_ward (id, name, district_id) VALUES ('17575', 'Xã Trung Thành', '426');
INSERT INTO services_ward (id, name, district_id) VALUES ('17578', 'Xã Long Thành', '426');
INSERT INTO services_ward (id, name, district_id) VALUES ('17581', 'Xã Minh Thành', '426');
INSERT INTO services_ward (id, name, district_id) VALUES ('17584', 'Xã Nam Thành', '426');
INSERT INTO services_ward (id, name, district_id) VALUES ('17587', 'Xã Vĩnh Thành', '426');
INSERT INTO services_ward (id, name, district_id) VALUES ('17596', 'Xã Viên Thành', '426');
INSERT INTO services_ward (id, name, district_id) VALUES ('17602', 'Xã Liên Thành', '426');
INSERT INTO services_ward (id, name, district_id) VALUES ('17605', 'Xã Bảo Thành', '426');
INSERT INTO services_ward (id, name, district_id) VALUES ('17608', 'Xã Mỹ Thành', '426');
INSERT INTO services_ward (id, name, district_id) VALUES ('17611', 'Xã Vân Tụ', '426');
INSERT INTO services_ward (id, name, district_id) VALUES ('17614', 'Xã Sơn Thành', '426');
INSERT INTO services_district (id, name, city_id) VALUES ('427', 'Huyện Đô Lương', '40');
INSERT INTO services_ward (id, name, district_id) VALUES ('17617', 'Thị trấn Đô Lương', '427');
INSERT INTO services_ward (id, name, district_id) VALUES ('17619', 'Xã Giang Sơn Đông', '427');
INSERT INTO services_ward (id, name, district_id) VALUES ('17620', 'Xã Giang Sơn Tây', '427');
INSERT INTO services_ward (id, name, district_id) VALUES ('17623', 'Xã Bạch Ngọc', '427');
INSERT INTO services_ward (id, name, district_id) VALUES ('17626', 'Xã Bồi Sơn', '427');
INSERT INTO services_ward (id, name, district_id) VALUES ('17629', 'Xã Hồng Sơn', '427');
INSERT INTO services_ward (id, name, district_id) VALUES ('17632', 'Xã Bài Sơn', '427');
INSERT INTO services_ward (id, name, district_id) VALUES ('17638', 'Xã Bắc Sơn', '427');
INSERT INTO services_ward (id, name, district_id) VALUES ('17641', 'Xã Tràng Sơn', '427');
INSERT INTO services_ward (id, name, district_id) VALUES ('17644', 'Xã Thượng Sơn', '427');
INSERT INTO services_ward (id, name, district_id) VALUES ('17647', 'Xã Hòa Sơn', '427');
INSERT INTO services_ward (id, name, district_id) VALUES ('17650', 'Xã Đặng Sơn', '427');
INSERT INTO services_ward (id, name, district_id) VALUES ('17653', 'Xã Đông Sơn', '427');
INSERT INTO services_ward (id, name, district_id) VALUES ('17656', 'Xã Nam Sơn', '427');
INSERT INTO services_ward (id, name, district_id) VALUES ('17659', 'Xã Lưu Sơn', '427');
INSERT INTO services_ward (id, name, district_id) VALUES ('17662', 'Xã Yên Sơn', '427');
INSERT INTO services_ward (id, name, district_id) VALUES ('17665', 'Xã Văn Sơn', '427');
INSERT INTO services_ward (id, name, district_id) VALUES ('17668', 'Xã Đà Sơn', '427');
INSERT INTO services_ward (id, name, district_id) VALUES ('17671', 'Xã Lạc Sơn', '427');
INSERT INTO services_ward (id, name, district_id) VALUES ('17674', 'Xã Tân Sơn', '427');
INSERT INTO services_ward (id, name, district_id) VALUES ('17677', 'Xã Thái Sơn', '427');
INSERT INTO services_ward (id, name, district_id) VALUES ('17680', 'Xã Quang Sơn', '427');
INSERT INTO services_ward (id, name, district_id) VALUES ('17683', 'Xã Thịnh Sơn', '427');
INSERT INTO services_ward (id, name, district_id) VALUES ('17686', 'Xã Trung Sơn', '427');
INSERT INTO services_ward (id, name, district_id) VALUES ('17689', 'Xã Xuân Sơn', '427');
INSERT INTO services_ward (id, name, district_id) VALUES ('17692', 'Xã Minh Sơn', '427');
INSERT INTO services_ward (id, name, district_id) VALUES ('17695', 'Xã Thuận Sơn', '427');
INSERT INTO services_ward (id, name, district_id) VALUES ('17698', 'Xã Nhân Sơn', '427');
INSERT INTO services_ward (id, name, district_id) VALUES ('17701', 'Xã Hiến Sơn', '427');
INSERT INTO services_ward (id, name, district_id) VALUES ('17704', 'Xã Mỹ Sơn', '427');
INSERT INTO services_ward (id, name, district_id) VALUES ('17707', 'Xã Trù Sơn', '427');
INSERT INTO services_ward (id, name, district_id) VALUES ('17710', 'Xã Đại Sơn', '427');
INSERT INTO services_district (id, name, city_id) VALUES ('428', 'Huyện Thanh Chương', '40');
INSERT INTO services_ward (id, name, district_id) VALUES ('17713', 'Thị trấn Dùng', '428');
INSERT INTO services_ward (id, name, district_id) VALUES ('17716', 'Xã Cát Văn', '428');
INSERT INTO services_ward (id, name, district_id) VALUES ('17719', 'Xã Minh Sơn', '428');
INSERT INTO services_ward (id, name, district_id) VALUES ('17722', 'Xã Hạnh Lâm', '428');
INSERT INTO services_ward (id, name, district_id) VALUES ('17723', 'Xã Thanh Sơn', '428');
INSERT INTO services_ward (id, name, district_id) VALUES ('17728', 'Xã Phong Thịnh', '428');
INSERT INTO services_ward (id, name, district_id) VALUES ('17731', 'Xã Thanh Phong', '428');
INSERT INTO services_ward (id, name, district_id) VALUES ('17734', 'Xã Thanh Mỹ', '428');
INSERT INTO services_ward (id, name, district_id) VALUES ('17737', 'Xã Thanh Tiên', '428');
INSERT INTO services_ward (id, name, district_id) VALUES ('17743', 'Xã Thanh Liên', '428');
INSERT INTO services_ward (id, name, district_id) VALUES ('17749', 'Xã Đại Đồng', '428');
INSERT INTO services_ward (id, name, district_id) VALUES ('17755', 'Xã Thanh Ngọc', '428');
INSERT INTO services_ward (id, name, district_id) VALUES ('17758', 'Xã Thanh Hương', '428');
INSERT INTO services_ward (id, name, district_id) VALUES ('17759', 'Xã Ngọc Lâm', '428');
INSERT INTO services_ward (id, name, district_id) VALUES ('17764', 'Xã Đồng Văn', '428');
INSERT INTO services_ward (id, name, district_id) VALUES ('17767', 'Xã Ngọc Sơn', '428');
INSERT INTO services_ward (id, name, district_id) VALUES ('17770', 'Xã Thanh Thịnh', '428');
INSERT INTO services_ward (id, name, district_id) VALUES ('17773', 'Xã Thanh An', '428');
INSERT INTO services_ward (id, name, district_id) VALUES ('17776', 'Xã Thanh Quả', '428');
INSERT INTO services_ward (id, name, district_id) VALUES ('17779', 'Xã Xuân Dương', '428');
INSERT INTO services_ward (id, name, district_id) VALUES ('17785', 'Xã Minh Tiến', '428');
INSERT INTO services_ward (id, name, district_id) VALUES ('17791', 'Xã Kim Bảng', '428');
INSERT INTO services_ward (id, name, district_id) VALUES ('17797', 'Xã Thanh Thủy', '428');
INSERT INTO services_ward (id, name, district_id) VALUES ('17806', 'Xã Thanh Hà', '428');
INSERT INTO services_ward (id, name, district_id) VALUES ('17812', 'Xã Thanh Tùng', '428');
INSERT INTO services_ward (id, name, district_id) VALUES ('17815', 'Xã Thanh Lâm', '428');
INSERT INTO services_ward (id, name, district_id) VALUES ('17818', 'Xã Mai Giang', '428');
INSERT INTO services_ward (id, name, district_id) VALUES ('17821', 'Xã Thanh Xuân', '428');
INSERT INTO services_ward (id, name, district_id) VALUES ('17824', 'Xã Thanh Đức', '428');
INSERT INTO services_district (id, name, city_id) VALUES ('429', 'Huyện Nghi Lộc', '40');
INSERT INTO services_ward (id, name, district_id) VALUES ('17827', 'Thị trấn Quán Hành', '429');
INSERT INTO services_ward (id, name, district_id) VALUES ('17830', 'Xã Nghi Văn', '429');
INSERT INTO services_ward (id, name, district_id) VALUES ('17833', 'Xã Nghi Yên', '429');
INSERT INTO services_ward (id, name, district_id) VALUES ('17836', 'Xã Nghi Tiến', '429');
INSERT INTO services_ward (id, name, district_id) VALUES ('17839', 'Xã Nghi Hưng', '429');
INSERT INTO services_ward (id, name, district_id) VALUES ('17842', 'Xã Nghi Đồng', '429');
INSERT INTO services_ward (id, name, district_id) VALUES ('17845', 'Xã Nghi Thiết', '429');
INSERT INTO services_ward (id, name, district_id) VALUES ('17848', 'Xã Nghi Lâm', '429');
INSERT INTO services_ward (id, name, district_id) VALUES ('17851', 'Xã Nghi Quang', '429');
INSERT INTO services_ward (id, name, district_id) VALUES ('17854', 'Xã Nghi Kiều', '429');
INSERT INTO services_ward (id, name, district_id) VALUES ('17857', 'Xã Nghi Mỹ', '429');
INSERT INTO services_ward (id, name, district_id) VALUES ('17860', 'Xã Nghi Phương', '429');
INSERT INTO services_ward (id, name, district_id) VALUES ('17863', 'Xã Nghi Thuận', '429');
INSERT INTO services_ward (id, name, district_id) VALUES ('17866', 'Xã Nghi Long', '429');
INSERT INTO services_ward (id, name, district_id) VALUES ('17869', 'Xã Nghi Xá', '429');
INSERT INTO services_ward (id, name, district_id) VALUES ('17878', 'Xã Khánh Hợp', '429');
INSERT INTO services_ward (id, name, district_id) VALUES ('17884', 'Xã Nghi Công Bắc', '429');
INSERT INTO services_ward (id, name, district_id) VALUES ('17887', 'Xã Nghi Công Nam', '429');
INSERT INTO services_ward (id, name, district_id) VALUES ('17890', 'Xã Nghi Thạch', '429');
INSERT INTO services_ward (id, name, district_id) VALUES ('17893', 'Xã Nghi Trung', '429');
INSERT INTO services_ward (id, name, district_id) VALUES ('17896', 'Xã Thịnh Trường', '429');
INSERT INTO services_ward (id, name, district_id) VALUES ('17899', 'Xã Diên Hoa', '429');
INSERT INTO services_ward (id, name, district_id) VALUES ('17911', 'Xã Nghi Vạn', '429');
INSERT INTO services_district (id, name, city_id) VALUES ('430', 'Huyện Nam Đàn', '40');
INSERT INTO services_ward (id, name, district_id) VALUES ('17932', 'Xã Nam Hưng', '430');
INSERT INTO services_ward (id, name, district_id) VALUES ('17935', 'Xã Nghĩa Thái', '430');
INSERT INTO services_ward (id, name, district_id) VALUES ('17938', 'Xã Nam Thanh', '430');
INSERT INTO services_ward (id, name, district_id) VALUES ('17941', 'Xã Nam Anh', '430');
INSERT INTO services_ward (id, name, district_id) VALUES ('17944', 'Xã Nam Xuân', '430');
INSERT INTO services_ward (id, name, district_id) VALUES ('17950', 'Thị trấn Nam Đàn', '430');
INSERT INTO services_ward (id, name, district_id) VALUES ('17953', 'Xã Nam Lĩnh', '430');
INSERT INTO services_ward (id, name, district_id) VALUES ('17956', 'Xã Nam Giang', '430');
INSERT INTO services_ward (id, name, district_id) VALUES ('17959', 'Xã Xuân Hòa', '430');
INSERT INTO services_ward (id, name, district_id) VALUES ('17962', 'Xã Hùng Tiến', '430');
INSERT INTO services_ward (id, name, district_id) VALUES ('17968', 'Xã Thượng Tân Lộc', '430');
INSERT INTO services_ward (id, name, district_id) VALUES ('17971', 'Xã Kim Liên', '430');
INSERT INTO services_ward (id, name, district_id) VALUES ('17980', 'Xã Xuân Hồng', '430');
INSERT INTO services_ward (id, name, district_id) VALUES ('17983', 'Xã Nam Cát', '430');
INSERT INTO services_ward (id, name, district_id) VALUES ('17986', 'Xã Khánh Sơn', '430');
INSERT INTO services_ward (id, name, district_id) VALUES ('17989', 'Xã Trung Phúc Cường', '430');
INSERT INTO services_ward (id, name, district_id) VALUES ('17998', 'Xã Nam Kim', '430');
INSERT INTO services_district (id, name, city_id) VALUES ('431', 'Huyện Hưng Nguyên', '40');
INSERT INTO services_ward (id, name, district_id) VALUES ('18001', 'Thị trấn Hưng Nguyên', '431');
INSERT INTO services_ward (id, name, district_id) VALUES ('18004', 'Xã Hưng Trung', '431');
INSERT INTO services_ward (id, name, district_id) VALUES ('18007', 'Xã Hưng Yên', '431');
INSERT INTO services_ward (id, name, district_id) VALUES ('18008', 'Xã Hưng Yên Bắc', '431');
INSERT INTO services_ward (id, name, district_id) VALUES ('18010', 'Xã Hưng Tây', '431');
INSERT INTO services_ward (id, name, district_id) VALUES ('18016', 'Xã Hưng Đạo', '431');
INSERT INTO services_ward (id, name, district_id) VALUES ('18022', 'Xã Thịnh Mỹ', '431');
INSERT INTO services_ward (id, name, district_id) VALUES ('18025', 'Xã Hưng Lĩnh', '431');
INSERT INTO services_ward (id, name, district_id) VALUES ('18028', 'Xã Thông Tân', '431');
INSERT INTO services_ward (id, name, district_id) VALUES ('18037', 'Xã Hưng Nghĩa', '431');
INSERT INTO services_ward (id, name, district_id) VALUES ('18040', 'Xã Phúc Lợi', '431');
INSERT INTO services_ward (id, name, district_id) VALUES ('18043', 'Xã Long Xá', '431');
INSERT INTO services_ward (id, name, district_id) VALUES ('18052', 'Xã Châu Nhân', '431');
INSERT INTO services_ward (id, name, district_id) VALUES ('18055', 'Xã Xuân Lam', '431');
INSERT INTO services_ward (id, name, district_id) VALUES ('18064', 'Xã Hưng Thành', '431');
INSERT INTO services_district (id, name, city_id) VALUES ('432', 'Thị xã Hoàng Mai', '40');
INSERT INTO services_ward (id, name, district_id) VALUES ('17104', 'Xã Quỳnh Vinh', '432');
INSERT INTO services_ward (id, name, district_id) VALUES ('17107', 'Xã Quỳnh Lộc', '432');
INSERT INTO services_ward (id, name, district_id) VALUES ('17110', 'Phường Quỳnh Thiện', '432');
INSERT INTO services_ward (id, name, district_id) VALUES ('17113', 'Xã Quỳnh Lập', '432');
INSERT INTO services_ward (id, name, district_id) VALUES ('17116', 'Xã Quỳnh Trang', '432');
INSERT INTO services_ward (id, name, district_id) VALUES ('17125', 'Phường Mai Hùng', '432');
INSERT INTO services_ward (id, name, district_id) VALUES ('17128', 'Phường Quỳnh Dị', '432');
INSERT INTO services_ward (id, name, district_id) VALUES ('17131', 'Phường Quỳnh Xuân', '432');
INSERT INTO services_ward (id, name, district_id) VALUES ('17134', 'Phường Quỳnh Phương', '432');
INSERT INTO services_ward (id, name, district_id) VALUES ('17137', 'Xã Quỳnh Liên', '432');
INSERT INTO services_city (id, name) VALUES ('42', 'Tỉnh Hà Tĩnh');
INSERT INTO services_district (id, name, city_id) VALUES ('436', 'Thành phố Hà Tĩnh', '42');
INSERT INTO services_ward (id, name, district_id) VALUES ('18073', 'Phường Nam Hà', '436');
INSERT INTO services_ward (id, name, district_id) VALUES ('18077', 'Phường Bắc Hà', '436');
INSERT INTO services_ward (id, name, district_id) VALUES ('18079', 'Phường Tân Giang', '436');
INSERT INTO services_ward (id, name, district_id) VALUES ('18082', 'Phường Đại Nài', '436');
INSERT INTO services_ward (id, name, district_id) VALUES ('18085', 'Phường Hà Huy Tập', '436');
INSERT INTO services_ward (id, name, district_id) VALUES ('18088', 'Phường Thạch Trung', '436');
INSERT INTO services_ward (id, name, district_id) VALUES ('18091', 'Phường Thạch Quý', '436');
INSERT INTO services_ward (id, name, district_id) VALUES ('18094', 'Phường Trần Phú', '436');
INSERT INTO services_ward (id, name, district_id) VALUES ('18097', 'Phường Văn Yên', '436');
INSERT INTO services_ward (id, name, district_id) VALUES ('18100', 'Phường Thạch Hạ', '436');
INSERT INTO services_ward (id, name, district_id) VALUES ('18103', 'Phường Đồng Môn', '436');
INSERT INTO services_ward (id, name, district_id) VALUES ('18109', 'Phường Thạch Hưng', '436');
INSERT INTO services_ward (id, name, district_id) VALUES ('18112', 'Xã Thạch Bình', '436');
INSERT INTO services_ward (id, name, district_id) VALUES ('18571', 'Xã Thạch Hải', '436');
INSERT INTO services_ward (id, name, district_id) VALUES ('18595', 'Xã Đỉnh Bàn', '436');
INSERT INTO services_ward (id, name, district_id) VALUES ('18598', 'Xã Hộ Độ', '436');
INSERT INTO services_ward (id, name, district_id) VALUES ('18604', 'Xã Thạch Khê', '436');
INSERT INTO services_ward (id, name, district_id) VALUES ('18619', 'Xã Thạch Trị', '436');
INSERT INTO services_ward (id, name, district_id) VALUES ('18622', 'Xã Thạch Lạc', '436');
INSERT INTO services_ward (id, name, district_id) VALUES ('18628', 'Xã Tượng Sơn', '436');
INSERT INTO services_ward (id, name, district_id) VALUES ('18631', 'Xã Thạch Văn', '436');
INSERT INTO services_ward (id, name, district_id) VALUES ('18637', 'Xã Thạch Thắng', '436');
INSERT INTO services_ward (id, name, district_id) VALUES ('18643', 'Xã Thạch Đài', '436');
INSERT INTO services_ward (id, name, district_id) VALUES ('18649', 'Xã Thạch Hội', '436');
INSERT INTO services_ward (id, name, district_id) VALUES ('18652', 'Xã Tân Lâm Hương', '436');
INSERT INTO services_ward (id, name, district_id) VALUES ('18685', 'Xã Cẩm Bình', '436');
INSERT INTO services_ward (id, name, district_id) VALUES ('18691', 'Xã Cẩm Vịnh', '436');
INSERT INTO services_district (id, name, city_id) VALUES ('437', 'Thị xã Hồng Lĩnh', '42');
INSERT INTO services_ward (id, name, district_id) VALUES ('18115', 'Phường Bắc Hồng', '437');
INSERT INTO services_ward (id, name, district_id) VALUES ('18118', 'Phường Nam Hồng', '437');
INSERT INTO services_ward (id, name, district_id) VALUES ('18121', 'Phường Trung Lương', '437');
INSERT INTO services_ward (id, name, district_id) VALUES ('18124', 'Phường Đức Thuận', '437');
INSERT INTO services_ward (id, name, district_id) VALUES ('18127', 'Phường Đậu Liêu', '437');
INSERT INTO services_ward (id, name, district_id) VALUES ('18130', 'Xã Thuận Lộc', '437');
INSERT INTO services_district (id, name, city_id) VALUES ('439', 'Huyện Hương Sơn', '42');
INSERT INTO services_ward (id, name, district_id) VALUES ('18133', 'Thị trấn Phố Châu', '439');
INSERT INTO services_ward (id, name, district_id) VALUES ('18136', 'Thị trấn Tây Sơn', '439');
INSERT INTO services_ward (id, name, district_id) VALUES ('18139', 'Xã Sơn Hồng', '439');
INSERT INTO services_ward (id, name, district_id) VALUES ('18142', 'Xã Sơn Tiến', '439');
INSERT INTO services_ward (id, name, district_id) VALUES ('18145', 'Xã Sơn Lâm', '439');
INSERT INTO services_ward (id, name, district_id) VALUES ('18148', 'Xã Sơn Lễ', '439');
INSERT INTO services_ward (id, name, district_id) VALUES ('18157', 'Xã Sơn Giang', '439');
INSERT INTO services_ward (id, name, district_id) VALUES ('18160', 'Xã Sơn Lĩnh', '439');
INSERT INTO services_ward (id, name, district_id) VALUES ('18163', 'Xã An Hòa Thịnh', '439');
INSERT INTO services_ward (id, name, district_id) VALUES ('18172', 'Xã Sơn Tây', '439');
INSERT INTO services_ward (id, name, district_id) VALUES ('18175', 'Xã Sơn Ninh', '439');
INSERT INTO services_ward (id, name, district_id) VALUES ('18178', 'Xã Châu Bình', '439');
INSERT INTO services_ward (id, name, district_id) VALUES ('18181', 'Xã Tân Mỹ Hà', '439');
INSERT INTO services_ward (id, name, district_id) VALUES ('18184', 'Xã Quang Diệm', '439');
INSERT INTO services_ward (id, name, district_id) VALUES ('18187', 'Xã Sơn Trung', '439');
INSERT INTO services_ward (id, name, district_id) VALUES ('18190', 'Xã Sơn Bằng', '439');
INSERT INTO services_ward (id, name, district_id) VALUES ('18196', 'Xã Sơn Kim 1', '439');
INSERT INTO services_ward (id, name, district_id) VALUES ('18199', 'Xã Sơn Kim 2', '439');
INSERT INTO services_ward (id, name, district_id) VALUES ('18202', 'Xã Mỹ Long', '439');
INSERT INTO services_ward (id, name, district_id) VALUES ('18211', 'Xã Kim Hoa', '439');
INSERT INTO services_ward (id, name, district_id) VALUES ('18217', 'Xã Sơn Phú', '439');
INSERT INTO services_ward (id, name, district_id) VALUES ('18223', 'Xã Hàm Trường', '439');
INSERT INTO services_district (id, name, city_id) VALUES ('440', 'Huyện Đức Thọ', '42');
INSERT INTO services_ward (id, name, district_id) VALUES ('18229', 'Thị trấn Đức Thọ', '440');
INSERT INTO services_ward (id, name, district_id) VALUES ('18235', 'Xã Quang Vĩnh', '440');
INSERT INTO services_ward (id, name, district_id) VALUES ('18241', 'Xã Tùng Châu', '440');
INSERT INTO services_ward (id, name, district_id) VALUES ('18244', 'Xã Trường Sơn', '440');
INSERT INTO services_ward (id, name, district_id) VALUES ('18247', 'Xã Liên Minh', '440');
INSERT INTO services_ward (id, name, district_id) VALUES ('18253', 'Xã Yên Hồ', '440');
INSERT INTO services_ward (id, name, district_id) VALUES ('18259', 'Xã Tùng Ảnh', '440');
INSERT INTO services_ward (id, name, district_id) VALUES ('18262', 'Xã Bùi La Nhân', '440');
INSERT INTO services_ward (id, name, district_id) VALUES ('18274', 'Xã Thanh Bình Thịnh', '440');
INSERT INTO services_ward (id, name, district_id) VALUES ('18277', 'Xã Lâm Trung Thủy', '440');
INSERT INTO services_ward (id, name, district_id) VALUES ('18280', 'Xã Hòa Lạc', '440');
INSERT INTO services_ward (id, name, district_id) VALUES ('18283', 'Xã Tân Dân', '440');
INSERT INTO services_ward (id, name, district_id) VALUES ('18298', 'Xã An Dũng', '440');
INSERT INTO services_ward (id, name, district_id) VALUES ('18304', 'Xã Đức Đồng', '440');
INSERT INTO services_ward (id, name, district_id) VALUES ('18307', 'Xã Đức Lạng', '440');
INSERT INTO services_ward (id, name, district_id) VALUES ('18310', 'Xã Tân Hương', '440');
INSERT INTO services_district (id, name, city_id) VALUES ('441', 'Huyện Vũ Quang', '42');
INSERT INTO services_ward (id, name, district_id) VALUES ('18313', 'Thị trấn Vũ Quang', '441');
INSERT INTO services_ward (id, name, district_id) VALUES ('18316', 'Xã Ân Phú', '441');
INSERT INTO services_ward (id, name, district_id) VALUES ('18319', 'Xã Đức Giang', '441');
INSERT INTO services_ward (id, name, district_id) VALUES ('18322', 'Xã Đức Lĩnh', '441');
INSERT INTO services_ward (id, name, district_id) VALUES ('18325', 'Xã Thọ Điền', '441');
INSERT INTO services_ward (id, name, district_id) VALUES ('18328', 'Xã Đức Hương', '441');
INSERT INTO services_ward (id, name, district_id) VALUES ('18331', 'Xã Đức Bồng', '441');
INSERT INTO services_ward (id, name, district_id) VALUES ('18334', 'Xã Đức Liên', '441');
INSERT INTO services_ward (id, name, district_id) VALUES ('18340', 'Xã Hương Minh', '441');
INSERT INTO services_ward (id, name, district_id) VALUES ('18343', 'Xã Quang Thọ', '441');
INSERT INTO services_district (id, name, city_id) VALUES ('442', 'Huyện Nghi Xuân', '42');
INSERT INTO services_ward (id, name, district_id) VALUES ('18352', 'Thị trấn Xuân An', '442');
INSERT INTO services_ward (id, name, district_id) VALUES ('18355', 'Xã Xuân Hội', '442');
INSERT INTO services_ward (id, name, district_id) VALUES ('18358', 'Xã Đan Trường', '442');
INSERT INTO services_ward (id, name, district_id) VALUES ('18364', 'Xã Xuân Phổ', '442');
INSERT INTO services_ward (id, name, district_id) VALUES ('18367', 'Xã Xuân Hải', '442');
INSERT INTO services_ward (id, name, district_id) VALUES ('18370', 'Xã Xuân Giang', '442');
INSERT INTO services_ward (id, name, district_id) VALUES ('18373', 'Thị trấn Tiên Điền', '442');
INSERT INTO services_ward (id, name, district_id) VALUES ('18376', 'Xã Xuân Yên', '442');
INSERT INTO services_ward (id, name, district_id) VALUES ('18379', 'Xã Xuân Mỹ', '442');
INSERT INTO services_ward (id, name, district_id) VALUES ('18382', 'Xã Xuân Thành', '442');
INSERT INTO services_ward (id, name, district_id) VALUES ('18385', 'Xã Xuân Viên', '442');
INSERT INTO services_ward (id, name, district_id) VALUES ('18388', 'Xã Xuân Hồng', '442');
INSERT INTO services_ward (id, name, district_id) VALUES ('18391', 'Xã Cỗ Đạm', '442');
INSERT INTO services_ward (id, name, district_id) VALUES ('18394', 'Xã Xuân Liên', '442');
INSERT INTO services_ward (id, name, district_id) VALUES ('18397', 'Xã Xuân Lĩnh', '442');
INSERT INTO services_ward (id, name, district_id) VALUES ('18400', 'Xã Xuân Lam', '442');
INSERT INTO services_ward (id, name, district_id) VALUES ('18403', 'Xã Cương Gián', '442');
INSERT INTO services_district (id, name, city_id) VALUES ('443', 'Huyện Can Lộc', '42');
INSERT INTO services_ward (id, name, district_id) VALUES ('18406', 'Thị trấn Nghèn', '443');
INSERT INTO services_ward (id, name, district_id) VALUES ('18415', 'Xã Thiên Lộc', '443');
INSERT INTO services_ward (id, name, district_id) VALUES ('18418', 'Xã Thuần Thiện', '443');
INSERT INTO services_ward (id, name, district_id) VALUES ('18427', 'Xã Vượng Lộc', '443');
INSERT INTO services_ward (id, name, district_id) VALUES ('18433', 'Xã Thanh Lộc', '443');
INSERT INTO services_ward (id, name, district_id) VALUES ('18436', 'Xã Kim Song Trường', '443');
INSERT INTO services_ward (id, name, district_id) VALUES ('18439', 'Xã Thường Nga', '443');
INSERT INTO services_ward (id, name, district_id) VALUES ('18445', 'Xã Tùng Lộc', '443');
INSERT INTO services_ward (id, name, district_id) VALUES ('18454', 'Xã Phú Lộc', '443');
INSERT INTO services_ward (id, name, district_id) VALUES ('18463', 'Xã Gia Hanh', '443');
INSERT INTO services_ward (id, name, district_id) VALUES ('18466', 'Xã Khánh Vĩnh Yên', '443');
INSERT INTO services_ward (id, name, district_id) VALUES ('18475', 'Xã Xuân Lộc', '443');
INSERT INTO services_ward (id, name, district_id) VALUES ('18478', 'Xã Thượng Lộc', '443');
INSERT INTO services_ward (id, name, district_id) VALUES ('18481', 'Xã Quang Lộc', '443');
INSERT INTO services_ward (id, name, district_id) VALUES ('18484', 'Thị trấn Đồng Lộc', '443');
INSERT INTO services_ward (id, name, district_id) VALUES ('18487', 'Xã Mỹ Lộc', '443');
INSERT INTO services_ward (id, name, district_id) VALUES ('18490', 'Xã Sơn Lộc', '443');
INSERT INTO services_district (id, name, city_id) VALUES ('444', 'Huyện Hương Khê', '42');
INSERT INTO services_ward (id, name, district_id) VALUES ('18496', 'Thị trấn Hương Khê', '444');
INSERT INTO services_ward (id, name, district_id) VALUES ('18499', 'Xã Điền Mỹ', '444');
INSERT INTO services_ward (id, name, district_id) VALUES ('18502', 'Xã Hà Linh', '444');
INSERT INTO services_ward (id, name, district_id) VALUES ('18505', 'Xã Hương Thủy', '444');
INSERT INTO services_ward (id, name, district_id) VALUES ('18508', 'Xã Hòa Hải', '444');
INSERT INTO services_ward (id, name, district_id) VALUES ('18514', 'Xã Phúc Đồng', '444');
INSERT INTO services_ward (id, name, district_id) VALUES ('18517', 'Xã Hương Giang', '444');
INSERT INTO services_ward (id, name, district_id) VALUES ('18520', 'Xã Lộc Yên', '444');
INSERT INTO services_ward (id, name, district_id) VALUES ('18523', 'Xã Hương Bình', '444');
INSERT INTO services_ward (id, name, district_id) VALUES ('18526', 'Xã Hương Long', '444');
INSERT INTO services_ward (id, name, district_id) VALUES ('18529', 'Xã Phú Gia', '444');
INSERT INTO services_ward (id, name, district_id) VALUES ('18532', 'Xã Gia Phố', '444');
INSERT INTO services_ward (id, name, district_id) VALUES ('18538', 'Xã Hương Đô', '444');
INSERT INTO services_ward (id, name, district_id) VALUES ('18541', 'Xã Hương Vĩnh', '444');
INSERT INTO services_ward (id, name, district_id) VALUES ('18544', 'Xã Hương Xuân', '444');
INSERT INTO services_ward (id, name, district_id) VALUES ('18547', 'Xã Phúc Trạch', '444');
INSERT INTO services_ward (id, name, district_id) VALUES ('18550', 'Xã Hương Trà', '444');
INSERT INTO services_ward (id, name, district_id) VALUES ('18553', 'Xã Hương Trạch', '444');
INSERT INTO services_ward (id, name, district_id) VALUES ('18556', 'Xã Hương Lâm', '444');
INSERT INTO services_ward (id, name, district_id) VALUES ('18559', 'Xã Hương Liên', '444');
INSERT INTO services_district (id, name, city_id) VALUES ('445', 'Huyện Thạch Hà', '42');
INSERT INTO services_ward (id, name, district_id) VALUES ('18409', 'Xã Tân Lộc', '445');
INSERT INTO services_ward (id, name, district_id) VALUES ('18412', 'Xã Hồng Lộc', '445');
INSERT INTO services_ward (id, name, district_id) VALUES ('18421', 'Xã Thịnh Lộc', '445');
INSERT INTO services_ward (id, name, district_id) VALUES ('18430', 'Xã Bình An', '445');
INSERT INTO services_ward (id, name, district_id) VALUES ('18457', 'Xã Ích Hậu', '445');
INSERT INTO services_ward (id, name, district_id) VALUES ('18493', 'Xã Phù Lưu', '445');
INSERT INTO services_ward (id, name, district_id) VALUES ('18562', 'Thị trấn Thạch Hà', '445');
INSERT INTO services_ward (id, name, district_id) VALUES ('18565', 'Xã Ngọc Sơn', '445');
INSERT INTO services_ward (id, name, district_id) VALUES ('18568', 'Thị trấn Lộc Hà', '445');
INSERT INTO services_ward (id, name, district_id) VALUES ('18577', 'Xã Thạch Mỹ', '445');
INSERT INTO services_ward (id, name, district_id) VALUES ('18580', 'Xã Thạch Kim', '445');
INSERT INTO services_ward (id, name, district_id) VALUES ('18583', 'Xã Thạch Châu', '445');
INSERT INTO services_ward (id, name, district_id) VALUES ('18586', 'Xã Thạch Kênh', '445');
INSERT INTO services_ward (id, name, district_id) VALUES ('18589', 'Xã Thạch Sơn', '445');
INSERT INTO services_ward (id, name, district_id) VALUES ('18592', 'Xã Thạch Liên', '445');
INSERT INTO services_ward (id, name, district_id) VALUES ('18601', 'Xã Việt Tiến', '445');
INSERT INTO services_ward (id, name, district_id) VALUES ('18607', 'Xã Thạch Long', '445');
INSERT INTO services_ward (id, name, district_id) VALUES ('18625', 'Xã Thạch Ngọc', '445');
INSERT INTO services_ward (id, name, district_id) VALUES ('18634', 'Xã Lưu Vĩnh Sơn', '445');
INSERT INTO services_ward (id, name, district_id) VALUES ('18658', 'Xã Thạch Xuân', '445');
INSERT INTO services_ward (id, name, district_id) VALUES ('18667', 'Xã Nam Điền', '445');
INSERT INTO services_ward (id, name, district_id) VALUES ('18670', 'Xã Mai Phụ', '445');
INSERT INTO services_district (id, name, city_id) VALUES ('446', 'Huyện Cẩm Xuyên', '42');
INSERT INTO services_ward (id, name, district_id) VALUES ('18739', 'Xã Cẩm Mỹ', '446');
INSERT INTO services_ward (id, name, district_id) VALUES ('18673', 'Thị trấn Cẩm Xuyên', '446');
INSERT INTO services_ward (id, name, district_id) VALUES ('18676', 'Thị trấn Thiên Cầm', '446');
INSERT INTO services_ward (id, name, district_id) VALUES ('18679', 'Xã Yên Hòa', '446');
INSERT INTO services_ward (id, name, district_id) VALUES ('18682', 'Xã Cẩm Dương', '446');
INSERT INTO services_ward (id, name, district_id) VALUES ('18694', 'Xã Cẩm Thành', '446');
INSERT INTO services_ward (id, name, district_id) VALUES ('18697', 'Xã Cẩm Quang', '446');
INSERT INTO services_ward (id, name, district_id) VALUES ('18706', 'Xã Cẩm Thạch', '446');
INSERT INTO services_ward (id, name, district_id) VALUES ('18709', 'Xã Cẩm Nhượng', '446');
INSERT INTO services_ward (id, name, district_id) VALUES ('18712', 'Xã Nam Phúc Thăng', '446');
INSERT INTO services_ward (id, name, district_id) VALUES ('18715', 'Xã Cẩm Duệ', '446');
INSERT INTO services_ward (id, name, district_id) VALUES ('18721', 'Xã Cẩm Lĩnh', '446');
INSERT INTO services_ward (id, name, district_id) VALUES ('18724', 'Xã Cẩm Quan', '446');
INSERT INTO services_ward (id, name, district_id) VALUES ('18727', 'Xã Cẩm Hà', '446');
INSERT INTO services_ward (id, name, district_id) VALUES ('18730', 'Xã Cẩm Lộc', '446');
INSERT INTO services_ward (id, name, district_id) VALUES ('18733', 'Xã Cẩm Hưng', '446');
INSERT INTO services_ward (id, name, district_id) VALUES ('18736', 'Xã Cẩm Thịnh', '446');
INSERT INTO services_ward (id, name, district_id) VALUES ('18742', 'Xã Cẩm Trung', '446');
INSERT INTO services_ward (id, name, district_id) VALUES ('18745', 'Xã Cẩm Sơn', '446');
INSERT INTO services_ward (id, name, district_id) VALUES ('18748', 'Xã Cẩm Lạc', '446');
INSERT INTO services_ward (id, name, district_id) VALUES ('18751', 'Xã Cẩm Minh', '446');
INSERT INTO services_district (id, name, city_id) VALUES ('447', 'Huyện Kỳ Anh', '42');
INSERT INTO services_ward (id, name, district_id) VALUES ('18757', 'Xã Kỳ Xuân', '447');
INSERT INTO services_ward (id, name, district_id) VALUES ('18760', 'Xã Kỳ Bắc', '447');
INSERT INTO services_ward (id, name, district_id) VALUES ('18763', 'Xã Kỳ Phú', '447');
INSERT INTO services_ward (id, name, district_id) VALUES ('18766', 'Xã Kỳ Phong', '447');
INSERT INTO services_ward (id, name, district_id) VALUES ('18769', 'Xã Kỳ Tiến', '447');
INSERT INTO services_ward (id, name, district_id) VALUES ('18772', 'Xã Kỳ Giang', '447');
INSERT INTO services_ward (id, name, district_id) VALUES ('18775', 'Thị trấn Kỳ Đồng', '447');
INSERT INTO services_ward (id, name, district_id) VALUES ('18778', 'Xã Kỳ Khang', '447');
INSERT INTO services_ward (id, name, district_id) VALUES ('18784', 'Xã Kỳ Văn', '447');
INSERT INTO services_ward (id, name, district_id) VALUES ('18787', 'Xã Kỳ Trung', '447');
INSERT INTO services_ward (id, name, district_id) VALUES ('18790', 'Xã Kỳ Thọ', '447');
INSERT INTO services_ward (id, name, district_id) VALUES ('18793', 'Xã Kỳ Tây', '447');
INSERT INTO services_ward (id, name, district_id) VALUES ('18799', 'Xã Kỳ Thượng', '447');
INSERT INTO services_ward (id, name, district_id) VALUES ('18802', 'Xã Kỳ Hải', '447');
INSERT INTO services_ward (id, name, district_id) VALUES ('18805', 'Xã Kỳ Thư', '447');
INSERT INTO services_ward (id, name, district_id) VALUES ('18811', 'Xã Kỳ Châu', '447');
INSERT INTO services_ward (id, name, district_id) VALUES ('18814', 'Xã Kỳ Tân', '447');
INSERT INTO services_ward (id, name, district_id) VALUES ('18838', 'Xã Lâm Hợp', '447');
INSERT INTO services_ward (id, name, district_id) VALUES ('18844', 'Xã Kỳ Sơn', '447');
INSERT INTO services_ward (id, name, district_id) VALUES ('18850', 'Xã Kỳ Lạc', '447');
INSERT INTO services_district (id, name, city_id) VALUES ('449', 'Thị xã Kỳ Anh', '42');
INSERT INTO services_ward (id, name, district_id) VALUES ('18754', 'Phường Hưng Trí', '449');
INSERT INTO services_ward (id, name, district_id) VALUES ('18781', 'Phường Kỳ Ninh', '449');
INSERT INTO services_ward (id, name, district_id) VALUES ('18796', 'Xã Kỳ Lợi', '449');
INSERT INTO services_ward (id, name, district_id) VALUES ('18808', 'Xã Kỳ Hà', '449');
INSERT INTO services_ward (id, name, district_id) VALUES ('18820', 'Phường Kỳ Trinh', '449');
INSERT INTO services_ward (id, name, district_id) VALUES ('18823', 'Phường Kỳ Thịnh', '449');
INSERT INTO services_ward (id, name, district_id) VALUES ('18829', 'Xã Kỳ Hoa', '449');
INSERT INTO services_ward (id, name, district_id) VALUES ('18832', 'Phường Kỳ Phương', '449');
INSERT INTO services_ward (id, name, district_id) VALUES ('18835', 'Phường Kỳ Long', '449');
INSERT INTO services_ward (id, name, district_id) VALUES ('18841', 'Phường Kỳ Liên', '449');
INSERT INTO services_ward (id, name, district_id) VALUES ('18847', 'Phường Kỳ Nam', '449');
INSERT INTO services_city (id, name) VALUES ('44', 'Tỉnh Quảng Bình');
INSERT INTO services_district (id, name, city_id) VALUES ('450', 'Thành phố Đồng Hới', '44');
INSERT INTO services_ward (id, name, district_id) VALUES ('18853', 'Phường Hải Thành', '450');
INSERT INTO services_ward (id, name, district_id) VALUES ('18856', 'Phường Đồng Phú', '450');
INSERT INTO services_ward (id, name, district_id) VALUES ('18859', 'Phường Bắc Lý', '450');
INSERT INTO services_ward (id, name, district_id) VALUES ('18865', 'Phường Nam Lý', '450');
INSERT INTO services_ward (id, name, district_id) VALUES ('18868', 'Phường Đồng Hải', '450');
INSERT INTO services_ward (id, name, district_id) VALUES ('18871', 'Phường Đồng Sơn', '450');
INSERT INTO services_ward (id, name, district_id) VALUES ('18874', 'Phường Phú Hải', '450');
INSERT INTO services_ward (id, name, district_id) VALUES ('18877', 'Phường Bắc Nghĩa', '450');
INSERT INTO services_ward (id, name, district_id) VALUES ('18880', 'Phường Đức Ninh Đông', '450');
INSERT INTO services_ward (id, name, district_id) VALUES ('18883', 'Xã Quang Phú', '450');
INSERT INTO services_ward (id, name, district_id) VALUES ('18886', 'Xã Lộc Ninh', '450');
INSERT INTO services_ward (id, name, district_id) VALUES ('18889', 'Xã Bảo Ninh', '450');
INSERT INTO services_ward (id, name, district_id) VALUES ('18892', 'Xã Nghĩa Ninh', '450');
INSERT INTO services_ward (id, name, district_id) VALUES ('18895', 'Xã Thuận Đức', '450');
INSERT INTO services_ward (id, name, district_id) VALUES ('18898', 'Xã Đức Ninh', '450');
INSERT INTO services_district (id, name, city_id) VALUES ('452', 'Huyện Minh Hóa', '44');
INSERT INTO services_ward (id, name, district_id) VALUES ('18901', 'Thị trấn Quy Đạt', '452');
INSERT INTO services_ward (id, name, district_id) VALUES ('18904', 'Xã Dân Hóa', '452');
INSERT INTO services_ward (id, name, district_id) VALUES ('18907', 'Xã Trọng Hóa', '452');
INSERT INTO services_ward (id, name, district_id) VALUES ('18913', 'Xã Hồng Hóa', '452');
INSERT INTO services_ward (id, name, district_id) VALUES ('18919', 'Xã Tân Thành', '452');
INSERT INTO services_ward (id, name, district_id) VALUES ('18922', 'Xã Hóa Hợp', '452');
INSERT INTO services_ward (id, name, district_id) VALUES ('18925', 'Xã Xuân Hóa', '452');
INSERT INTO services_ward (id, name, district_id) VALUES ('18928', 'Xã Yên Hóa', '452');
INSERT INTO services_ward (id, name, district_id) VALUES ('18931', 'Xã Minh Hóa', '452');
INSERT INTO services_ward (id, name, district_id) VALUES ('18934', 'Xã Tân Hóa', '452');
INSERT INTO services_ward (id, name, district_id) VALUES ('18937', 'Xã Hóa Sơn', '452');
INSERT INTO services_ward (id, name, district_id) VALUES ('18943', 'Xã Trung Hóa', '452');
INSERT INTO services_ward (id, name, district_id) VALUES ('18946', 'Xã Thượng Hóa', '452');
INSERT INTO services_district (id, name, city_id) VALUES ('453', 'Huyện Tuyên Hóa', '44');
INSERT INTO services_ward (id, name, district_id) VALUES ('18949', 'Thị trấn Đồng Lê', '453');
INSERT INTO services_ward (id, name, district_id) VALUES ('18952', 'Xã Hương Hóa', '453');
INSERT INTO services_ward (id, name, district_id) VALUES ('18955', 'Xã Kim Hóa', '453');
INSERT INTO services_ward (id, name, district_id) VALUES ('18958', 'Xã Thanh Hóa', '453');
INSERT INTO services_ward (id, name, district_id) VALUES ('18961', 'Xã Thanh Thạch', '453');
INSERT INTO services_ward (id, name, district_id) VALUES ('18964', 'Xã Thuận Hóa', '453');
INSERT INTO services_ward (id, name, district_id) VALUES ('18967', 'Xã Lâm Hóa', '453');
INSERT INTO services_ward (id, name, district_id) VALUES ('18970', 'Xã Lê Hóa', '453');
INSERT INTO services_ward (id, name, district_id) VALUES ('18973', 'Xã Sơn Hóa', '453');
INSERT INTO services_ward (id, name, district_id) VALUES ('18976', 'Xã Đồng Hóa', '453');
INSERT INTO services_ward (id, name, district_id) VALUES ('18979', 'Xã Ngư Hóa', '453');
INSERT INTO services_ward (id, name, district_id) VALUES ('18985', 'Xã Thạch Hóa', '453');
INSERT INTO services_ward (id, name, district_id) VALUES ('18988', 'Xã Đức Hóa', '453');
INSERT INTO services_ward (id, name, district_id) VALUES ('18991', 'Xã Phong Hóa', '453');
INSERT INTO services_ward (id, name, district_id) VALUES ('18994', 'Xã Mai Hóa', '453');
INSERT INTO services_ward (id, name, district_id) VALUES ('18997', 'Xã Tiến Hóa', '453');
INSERT INTO services_ward (id, name, district_id) VALUES ('19000', 'Xã Châu Hóa', '453');
INSERT INTO services_ward (id, name, district_id) VALUES ('19003', 'Xã Cao Quảng', '453');
INSERT INTO services_ward (id, name, district_id) VALUES ('19006', 'Xã Văn Hóa', '453');
INSERT INTO services_district (id, name, city_id) VALUES ('454', 'Huyện Quảng Trạch', '44');
INSERT INTO services_ward (id, name, district_id) VALUES ('19012', 'Xã Quảng Hợp', '454');
INSERT INTO services_ward (id, name, district_id) VALUES ('19015', 'Xã Quảng Kim', '454');
INSERT INTO services_ward (id, name, district_id) VALUES ('19018', 'Xã Quảng Đông', '454');
INSERT INTO services_ward (id, name, district_id) VALUES ('19021', 'Xã Quảng Phú', '454');
INSERT INTO services_ward (id, name, district_id) VALUES ('19024', 'Xã Quảng Châu', '454');
INSERT INTO services_ward (id, name, district_id) VALUES ('19027', 'Xã Quảng Thạch', '454');
INSERT INTO services_ward (id, name, district_id) VALUES ('19030', 'Xã Quảng Lưu', '454');
INSERT INTO services_ward (id, name, district_id) VALUES ('19033', 'Xã Quảng Tùng', '454');
INSERT INTO services_ward (id, name, district_id) VALUES ('19036', 'Xã Cảnh Dương', '454');
INSERT INTO services_ward (id, name, district_id) VALUES ('19039', 'Xã Quảng Tiến', '454');
INSERT INTO services_ward (id, name, district_id) VALUES ('19042', 'Xã Quảng Hưng', '454');
INSERT INTO services_ward (id, name, district_id) VALUES ('19045', 'Xã Quảng Xuân', '454');
INSERT INTO services_ward (id, name, district_id) VALUES ('19051', 'Xã Liên Trường', '454');
INSERT INTO services_ward (id, name, district_id) VALUES ('19057', 'Xã Quảng Phương', '454');
INSERT INTO services_ward (id, name, district_id) VALUES ('19063', 'Xã Phù Cảnh', '454');
INSERT INTO services_ward (id, name, district_id) VALUES ('19072', 'Xã Quảng Thanh', '454');
INSERT INTO services_district (id, name, city_id) VALUES ('455', 'Huyện Bố Trạch', '44');
INSERT INTO services_ward (id, name, district_id) VALUES ('19111', 'Thị trấn Hoàn Lão', '455');
INSERT INTO services_ward (id, name, district_id) VALUES ('19114', 'Thị trấn NT Việt Trung', '455');
INSERT INTO services_ward (id, name, district_id) VALUES ('19117', 'Xã Xuân Trạch', '455');
INSERT INTO services_ward (id, name, district_id) VALUES ('19123', 'Xã Hạ Mỹ', '455');
INSERT INTO services_ward (id, name, district_id) VALUES ('19126', 'Xã Bắc Trạch', '455');
INSERT INTO services_ward (id, name, district_id) VALUES ('19129', 'Xã Lâm Trạch', '455');
INSERT INTO services_ward (id, name, district_id) VALUES ('19132', 'Xã Thanh Trạch', '455');
INSERT INTO services_ward (id, name, district_id) VALUES ('19135', 'Xã Liên Trạch', '455');
INSERT INTO services_ward (id, name, district_id) VALUES ('19138', 'Xã Phúc Trạch', '455');
INSERT INTO services_ward (id, name, district_id) VALUES ('19141', 'Xã Cự Nẫm', '455');
INSERT INTO services_ward (id, name, district_id) VALUES ('19144', 'Xã Hải Phú', '455');
INSERT INTO services_ward (id, name, district_id) VALUES ('19147', 'Xã Thượng Trạch', '455');
INSERT INTO services_ward (id, name, district_id) VALUES ('19150', 'Xã Sơn Lộc', '455');
INSERT INTO services_ward (id, name, district_id) VALUES ('19156', 'Xã Hưng Trạch', '455');
INSERT INTO services_ward (id, name, district_id) VALUES ('19159', 'Xã Đồng Trạch', '455');
INSERT INTO services_ward (id, name, district_id) VALUES ('19162', 'Xã Đức Trạch', '455');
INSERT INTO services_ward (id, name, district_id) VALUES ('19165', 'Thị trấn Phong Nha', '455');
INSERT INTO services_ward (id, name, district_id) VALUES ('19168', 'Xã Vạn Trạch', '455');
INSERT INTO services_ward (id, name, district_id) VALUES ('19174', 'Xã Phú Định', '455');
INSERT INTO services_ward (id, name, district_id) VALUES ('19177', 'Xã Trung Trạch', '455');
INSERT INTO services_ward (id, name, district_id) VALUES ('19180', 'Xã Tây Trạch', '455');
INSERT INTO services_ward (id, name, district_id) VALUES ('19183', 'Xã Hòa Trạch', '455');
INSERT INTO services_ward (id, name, district_id) VALUES ('19186', 'Xã Đại Trạch', '455');
INSERT INTO services_ward (id, name, district_id) VALUES ('19189', 'Xã Nhân Trạch', '455');
INSERT INTO services_ward (id, name, district_id) VALUES ('19192', 'Xã Tân Trạch', '455');
INSERT INTO services_ward (id, name, district_id) VALUES ('19198', 'Xã Lý Nam', '455');
INSERT INTO services_district (id, name, city_id) VALUES ('456', 'Huyện Quảng Ninh', '44');
INSERT INTO services_ward (id, name, district_id) VALUES ('19204', 'Xã Trường Sơn', '456');
INSERT INTO services_ward (id, name, district_id) VALUES ('19207', 'Thị trấn Quán Hàu', '456');
INSERT INTO services_ward (id, name, district_id) VALUES ('19210', 'Xã Vĩnh Ninh', '456');
INSERT INTO services_ward (id, name, district_id) VALUES ('19213', 'Xã Võ Ninh', '456');
INSERT INTO services_ward (id, name, district_id) VALUES ('19216', 'Xã Hải Ninh', '456');
INSERT INTO services_ward (id, name, district_id) VALUES ('19219', 'Xã Hàm Ninh', '456');
INSERT INTO services_ward (id, name, district_id) VALUES ('19222', 'Xã Duy Ninh', '456');
INSERT INTO services_ward (id, name, district_id) VALUES ('19225', 'Xã Gia Ninh', '456');
INSERT INTO services_ward (id, name, district_id) VALUES ('19228', 'Xã Trường Xuân', '456');
INSERT INTO services_ward (id, name, district_id) VALUES ('19231', 'Xã Hiền Ninh', '456');
INSERT INTO services_ward (id, name, district_id) VALUES ('19234', 'Xã Tân Ninh', '456');
INSERT INTO services_ward (id, name, district_id) VALUES ('19237', 'Xã Xuân Ninh', '456');
INSERT INTO services_ward (id, name, district_id) VALUES ('19240', 'Xã An Ninh', '456');
INSERT INTO services_ward (id, name, district_id) VALUES ('19243', 'Xã Vạn Ninh', '456');
INSERT INTO services_district (id, name, city_id) VALUES ('457', 'Huyện Lệ Thủy', '44');
INSERT INTO services_ward (id, name, district_id) VALUES ('19246', 'Thị trấn NT Lệ Ninh', '457');
INSERT INTO services_ward (id, name, district_id) VALUES ('19249', 'Thị trấn Kiến Giang', '457');
INSERT INTO services_ward (id, name, district_id) VALUES ('19252', 'Xã Hồng Thủy', '457');
INSERT INTO services_ward (id, name, district_id) VALUES ('19255', 'Xã Ngư Thủy Bắc', '457');
INSERT INTO services_ward (id, name, district_id) VALUES ('19258', 'Xã Hoa Thủy', '457');
INSERT INTO services_ward (id, name, district_id) VALUES ('19261', 'Xã Thanh Thủy', '457');
INSERT INTO services_ward (id, name, district_id) VALUES ('19264', 'Xã An Thủy', '457');
INSERT INTO services_ward (id, name, district_id) VALUES ('19267', 'Xã Phong Thủy', '457');
INSERT INTO services_ward (id, name, district_id) VALUES ('19270', 'Xã Cam Thủy', '457');
INSERT INTO services_ward (id, name, district_id) VALUES ('19273', 'Xã Ngân Thủy', '457');
INSERT INTO services_ward (id, name, district_id) VALUES ('19276', 'Xã Sơn Thủy', '457');
INSERT INTO services_ward (id, name, district_id) VALUES ('19279', 'Xã Lộc Thủy', '457');
INSERT INTO services_ward (id, name, district_id) VALUES ('19285', 'Xã Liên Thủy', '457');
INSERT INTO services_ward (id, name, district_id) VALUES ('19288', 'Xã Hưng Thủy', '457');
INSERT INTO services_ward (id, name, district_id) VALUES ('19291', 'Xã Dương Thủy', '457');
INSERT INTO services_ward (id, name, district_id) VALUES ('19294', 'Xã Tân Thủy', '457');
INSERT INTO services_ward (id, name, district_id) VALUES ('19297', 'Xã Phú Thủy', '457');
INSERT INTO services_ward (id, name, district_id) VALUES ('19300', 'Xã Xuân Thủy', '457');
INSERT INTO services_ward (id, name, district_id) VALUES ('19303', 'Xã Mỹ Thủy', '457');
INSERT INTO services_ward (id, name, district_id) VALUES ('19306', 'Xã Ngư Thủy', '457');
INSERT INTO services_ward (id, name, district_id) VALUES ('19309', 'Xã Mai Thủy', '457');
INSERT INTO services_ward (id, name, district_id) VALUES ('19312', 'Xã Sen Thủy', '457');
INSERT INTO services_ward (id, name, district_id) VALUES ('19315', 'Xã Thái Thủy', '457');
INSERT INTO services_ward (id, name, district_id) VALUES ('19318', 'Xã Kim Thủy', '457');
INSERT INTO services_ward (id, name, district_id) VALUES ('19321', 'Xã Trường Thủy', '457');
INSERT INTO services_ward (id, name, district_id) VALUES ('19327', 'Xã Lâm Thủy', '457');
INSERT INTO services_district (id, name, city_id) VALUES ('458', 'Thị xã Ba Đồn', '44');
INSERT INTO services_ward (id, name, district_id) VALUES ('19009', 'Phường Ba Đồn', '458');
INSERT INTO services_ward (id, name, district_id) VALUES ('19060', 'Phường Quảng Long', '458');
INSERT INTO services_ward (id, name, district_id) VALUES ('19066', 'Phường Quảng Thọ', '458');
INSERT INTO services_ward (id, name, district_id) VALUES ('19069', 'Xã Quảng Tiên', '458');
INSERT INTO services_ward (id, name, district_id) VALUES ('19075', 'Xã Quảng Trung', '458');
INSERT INTO services_ward (id, name, district_id) VALUES ('19078', 'Phường Quảng Phong', '458');
INSERT INTO services_ward (id, name, district_id) VALUES ('19081', 'Phường Quảng Thuận', '458');
INSERT INTO services_ward (id, name, district_id) VALUES ('19084', 'Xã Quảng Tân', '458');
INSERT INTO services_ward (id, name, district_id) VALUES ('19087', 'Xã Quảng Hải', '458');
INSERT INTO services_ward (id, name, district_id) VALUES ('19090', 'Xã Quảng Sơn', '458');
INSERT INTO services_ward (id, name, district_id) VALUES ('19093', 'Xã Quảng Lộc', '458');
INSERT INTO services_ward (id, name, district_id) VALUES ('19096', 'Xã Quảng Thủy', '458');
INSERT INTO services_ward (id, name, district_id) VALUES ('19099', 'Xã Quảng Văn', '458');
INSERT INTO services_ward (id, name, district_id) VALUES ('19102', 'Phường Quảng Phúc', '458');
INSERT INTO services_ward (id, name, district_id) VALUES ('19105', 'Xã Quảng Hòa', '458');
INSERT INTO services_ward (id, name, district_id) VALUES ('19108', 'Xã Quảng Minh', '458');
INSERT INTO services_city (id, name) VALUES ('45', 'Tỉnh Quảng Trị');
INSERT INTO services_district (id, name, city_id) VALUES ('461', 'Thành phố Đông Hà', '45');
INSERT INTO services_ward (id, name, district_id) VALUES ('19330', 'Phường Đông Giang', '461');
INSERT INTO services_ward (id, name, district_id) VALUES ('19333', 'Phường 1', '461');
INSERT INTO services_ward (id, name, district_id) VALUES ('19336', 'Phường Đông Lễ', '461');
INSERT INTO services_ward (id, name, district_id) VALUES ('19339', 'Phường Đông Thanh', '461');
INSERT INTO services_ward (id, name, district_id) VALUES ('19342', 'Phường 2', '461');
INSERT INTO services_ward (id, name, district_id) VALUES ('19345', 'Phường 4', '461');
INSERT INTO services_ward (id, name, district_id) VALUES ('19348', 'Phường 5', '461');
INSERT INTO services_ward (id, name, district_id) VALUES ('19351', 'Phường Đông Lương', '461');
INSERT INTO services_ward (id, name, district_id) VALUES ('19354', 'Phường 3', '461');
INSERT INTO services_district (id, name, city_id) VALUES ('462', 'Thị xã Quảng Trị', '45');
INSERT INTO services_ward (id, name, district_id) VALUES ('19357', 'Phường 1', '462');
INSERT INTO services_ward (id, name, district_id) VALUES ('19358', 'Phường An Đôn', '462');
INSERT INTO services_ward (id, name, district_id) VALUES ('19360', 'Phường 2', '462');
INSERT INTO services_ward (id, name, district_id) VALUES ('19361', 'Phường 3', '462');
INSERT INTO services_ward (id, name, district_id) VALUES ('19705', 'Xã Hải Lệ', '462');
INSERT INTO services_district (id, name, city_id) VALUES ('464', 'Huyện Vĩnh Linh', '45');
INSERT INTO services_ward (id, name, district_id) VALUES ('19363', 'Thị trấn Hồ Xá', '464');
INSERT INTO services_ward (id, name, district_id) VALUES ('19366', 'Thị trấn Bến Quan', '464');
INSERT INTO services_ward (id, name, district_id) VALUES ('19369', 'Xã Vĩnh Thái', '464');
INSERT INTO services_ward (id, name, district_id) VALUES ('19372', 'Xã Vĩnh Tú', '464');
INSERT INTO services_ward (id, name, district_id) VALUES ('19375', 'Xã Vĩnh Chấp', '464');
INSERT INTO services_ward (id, name, district_id) VALUES ('19378', 'Xã Trung Nam', '464');
INSERT INTO services_ward (id, name, district_id) VALUES ('19384', 'Xã Kim Thạch', '464');
INSERT INTO services_ward (id, name, district_id) VALUES ('19387', 'Xã Vĩnh Long', '464');
INSERT INTO services_ward (id, name, district_id) VALUES ('19393', 'Xã Vĩnh Khê', '464');
INSERT INTO services_ward (id, name, district_id) VALUES ('19396', 'Xã Vĩnh Hòa', '464');
INSERT INTO services_ward (id, name, district_id) VALUES ('19402', 'Xã Vĩnh Thủy', '464');
INSERT INTO services_ward (id, name, district_id) VALUES ('19405', 'Xã Vĩnh Lâm', '464');
INSERT INTO services_ward (id, name, district_id) VALUES ('19408', 'Xã Hiền Thành', '464');
INSERT INTO services_ward (id, name, district_id) VALUES ('19414', 'Thị trấn Cửa Tùng', '464');
INSERT INTO services_ward (id, name, district_id) VALUES ('19417', 'Xã Vĩnh Hà', '464');
INSERT INTO services_ward (id, name, district_id) VALUES ('19420', 'Xã Vĩnh Sơn', '464');
INSERT INTO services_ward (id, name, district_id) VALUES ('19423', 'Xã Vĩnh Giang', '464');
INSERT INTO services_ward (id, name, district_id) VALUES ('19426', 'Xã Vĩnh Ô', '464');
INSERT INTO services_district (id, name, city_id) VALUES ('465', 'Huyện Hướng Hóa', '45');
INSERT INTO services_ward (id, name, district_id) VALUES ('19429', 'Thị trấn Khe Sanh', '465');
INSERT INTO services_ward (id, name, district_id) VALUES ('19432', 'Thị trấn Lao Bảo', '465');
INSERT INTO services_ward (id, name, district_id) VALUES ('19435', 'Xã Hướng Lập', '465');
INSERT INTO services_ward (id, name, district_id) VALUES ('19438', 'Xã Hướng Việt', '465');
INSERT INTO services_ward (id, name, district_id) VALUES ('19441', 'Xã Hướng Phùng', '465');
INSERT INTO services_ward (id, name, district_id) VALUES ('19444', 'Xã Hướng Sơn', '465');
INSERT INTO services_ward (id, name, district_id) VALUES ('19447', 'Xã Hướng Linh', '465');
INSERT INTO services_ward (id, name, district_id) VALUES ('19450', 'Xã Tân Hợp', '465');
INSERT INTO services_ward (id, name, district_id) VALUES ('19453', 'Xã Hướng Tân', '465');
INSERT INTO services_ward (id, name, district_id) VALUES ('19456', 'Xã Tân Thành', '465');
INSERT INTO services_ward (id, name, district_id) VALUES ('19459', 'Xã Tân Long', '465');
INSERT INTO services_ward (id, name, district_id) VALUES ('19462', 'Xã Tân Lập', '465');
INSERT INTO services_ward (id, name, district_id) VALUES ('19465', 'Xã Tân Liên', '465');
INSERT INTO services_ward (id, name, district_id) VALUES ('19468', 'Xã Húc', '465');
INSERT INTO services_ward (id, name, district_id) VALUES ('19471', 'Xã Thuận', '465');
INSERT INTO services_ward (id, name, district_id) VALUES ('19474', 'Xã Hướng Lộc', '465');
INSERT INTO services_ward (id, name, district_id) VALUES ('19477', 'Xã Ba Tầng', '465');
INSERT INTO services_ward (id, name, district_id) VALUES ('19480', 'Xã Thanh', '465');
INSERT INTO services_ward (id, name, district_id) VALUES ('19483', 'Xã A Dơi', '465');
INSERT INTO services_ward (id, name, district_id) VALUES ('19489', 'Xã Lìa', '465');
INSERT INTO services_ward (id, name, district_id) VALUES ('19492', 'Xã Xy', '465');
INSERT INTO services_district (id, name, city_id) VALUES ('466', 'Huyện Gio Linh', '45');
INSERT INTO services_ward (id, name, district_id) VALUES ('19495', 'Thị trấn Gio Linh', '466');
INSERT INTO services_ward (id, name, district_id) VALUES ('19496', 'Thị trấn Cửa Việt', '466');
INSERT INTO services_ward (id, name, district_id) VALUES ('19498', 'Xã Trung Giang', '466');
INSERT INTO services_ward (id, name, district_id) VALUES ('19501', 'Xã Trung Hải', '466');
INSERT INTO services_ward (id, name, district_id) VALUES ('19504', 'Xã Trung Sơn', '466');
INSERT INTO services_ward (id, name, district_id) VALUES ('19507', 'Xã Phong Bình', '466');
INSERT INTO services_ward (id, name, district_id) VALUES ('19510', 'Xã Gio Mỹ', '466');
INSERT INTO services_ward (id, name, district_id) VALUES ('19519', 'Xã Gio Hải', '466');
INSERT INTO services_ward (id, name, district_id) VALUES ('19522', 'Xã Gio An', '466');
INSERT INTO services_ward (id, name, district_id) VALUES ('19534', 'Xã Linh Trường', '466');
INSERT INTO services_ward (id, name, district_id) VALUES ('19537', 'Xã Gio Sơn', '466');
INSERT INTO services_ward (id, name, district_id) VALUES ('19543', 'Xã Gio Mai', '466');
INSERT INTO services_ward (id, name, district_id) VALUES ('19546', 'Xã Hải Thái', '466');
INSERT INTO services_ward (id, name, district_id) VALUES ('19552', 'Xã Gio Quang', '466');
INSERT INTO services_district (id, name, city_id) VALUES ('467', 'Huyện Đa Krông', '45');
INSERT INTO services_ward (id, name, district_id) VALUES ('19555', 'Thị trấn Krông Klang', '467');
INSERT INTO services_ward (id, name, district_id) VALUES ('19558', 'Xã Mò Ó', '467');
INSERT INTO services_ward (id, name, district_id) VALUES ('19561', 'Xã Hướng Hiệp', '467');
INSERT INTO services_ward (id, name, district_id) VALUES ('19564', 'Xã Đa Krông', '467');
INSERT INTO services_ward (id, name, district_id) VALUES ('19567', 'Xã Triệu Nguyên', '467');
INSERT INTO services_ward (id, name, district_id) VALUES ('19570', 'Xã Ba Lòng', '467');
INSERT INTO services_ward (id, name, district_id) VALUES ('19576', 'Xã Ba Nang', '467');
INSERT INTO services_ward (id, name, district_id) VALUES ('19579', 'Xã Tà Long', '467');
INSERT INTO services_ward (id, name, district_id) VALUES ('19582', 'Xã Húc Nghì', '467');
INSERT INTO services_ward (id, name, district_id) VALUES ('19585', 'Xã A Vao', '467');
INSERT INTO services_ward (id, name, district_id) VALUES ('19588', 'Xã Tà Rụt', '467');
INSERT INTO services_ward (id, name, district_id) VALUES ('19591', 'Xã A Bung', '467');
INSERT INTO services_ward (id, name, district_id) VALUES ('19594', 'Xã A Ngo', '467');
INSERT INTO services_district (id, name, city_id) VALUES ('468', 'Huyện Cam Lộ', '45');
INSERT INTO services_ward (id, name, district_id) VALUES ('19597', 'Thị trấn Cam Lộ', '468');
INSERT INTO services_ward (id, name, district_id) VALUES ('19600', 'Xã Cam Tuyền', '468');
INSERT INTO services_ward (id, name, district_id) VALUES ('19603', 'Xã Thanh An', '468');
INSERT INTO services_ward (id, name, district_id) VALUES ('19606', 'Xã Cam Thủy', '468');
INSERT INTO services_ward (id, name, district_id) VALUES ('19612', 'Xã Cam Thành', '468');
INSERT INTO services_ward (id, name, district_id) VALUES ('19615', 'Xã Cam Hiếu', '468');
INSERT INTO services_ward (id, name, district_id) VALUES ('19618', 'Xã Cam Chính', '468');
INSERT INTO services_ward (id, name, district_id) VALUES ('19621', 'Xã Cam Nghĩa', '468');
INSERT INTO services_district (id, name, city_id) VALUES ('469', 'Huyện Triệu Phong', '45');
INSERT INTO services_ward (id, name, district_id) VALUES ('19624', 'Thị trấn Ái Tử', '469');
INSERT INTO services_ward (id, name, district_id) VALUES ('19627', 'Xã Triệu Tân', '469');
INSERT INTO services_ward (id, name, district_id) VALUES ('19633', 'Xã Triệu Phước', '469');
INSERT INTO services_ward (id, name, district_id) VALUES ('19636', 'Xã Triệu Độ', '469');
INSERT INTO services_ward (id, name, district_id) VALUES ('19639', 'Xã Triệu Trạch', '469');
INSERT INTO services_ward (id, name, district_id) VALUES ('19642', 'Xã Triệu Thuận', '469');
INSERT INTO services_ward (id, name, district_id) VALUES ('19645', 'Xã Triệu Đại', '469');
INSERT INTO services_ward (id, name, district_id) VALUES ('19648', 'Xã Triệu Hòa', '469');
INSERT INTO services_ward (id, name, district_id) VALUES ('19654', 'Xã Triệu Cơ', '469');
INSERT INTO services_ward (id, name, district_id) VALUES ('19657', 'Xã Triệu Long', '469');
INSERT INTO services_ward (id, name, district_id) VALUES ('19660', 'Xã Triệu Tài', '469');
INSERT INTO services_ward (id, name, district_id) VALUES ('19666', 'Xã Triệu Trung', '469');
INSERT INTO services_ward (id, name, district_id) VALUES ('19669', 'Xã Triệu Ái', '469');
INSERT INTO services_ward (id, name, district_id) VALUES ('19672', 'Xã Triệu Thượng', '469');
INSERT INTO services_ward (id, name, district_id) VALUES ('19675', 'Xã Triệu Giang', '469');
INSERT INTO services_ward (id, name, district_id) VALUES ('19678', 'Xã Triệu Thành', '469');
INSERT INTO services_district (id, name, city_id) VALUES ('470', 'Huyện Hải Lăng', '45');
INSERT INTO services_ward (id, name, district_id) VALUES ('19681', 'Thị trấn Diên Sanh', '470');
INSERT INTO services_ward (id, name, district_id) VALUES ('19684', 'Xã Hải An', '470');
INSERT INTO services_ward (id, name, district_id) VALUES ('19687', 'Xã Hải Bình', '470');
INSERT INTO services_ward (id, name, district_id) VALUES ('19693', 'Xã Hải Quy', '470');
INSERT INTO services_ward (id, name, district_id) VALUES ('19699', 'Xã Hải Hưng', '470');
INSERT INTO services_ward (id, name, district_id) VALUES ('19702', 'Xã Hải Phú', '470');
INSERT INTO services_ward (id, name, district_id) VALUES ('19708', 'Xã Hải Thượng', '470');
INSERT INTO services_ward (id, name, district_id) VALUES ('19711', 'Xã Hải Dương', '470');
INSERT INTO services_ward (id, name, district_id) VALUES ('19714', 'Xã Hải Định', '470');
INSERT INTO services_ward (id, name, district_id) VALUES ('19717', 'Xã Hải Lâm', '470');
INSERT INTO services_ward (id, name, district_id) VALUES ('19726', 'Xã Hải Phong', '470');
INSERT INTO services_ward (id, name, district_id) VALUES ('19729', 'Xã Hải Trường', '470');
INSERT INTO services_ward (id, name, district_id) VALUES ('19735', 'Xã Hải Sơn', '470');
INSERT INTO services_ward (id, name, district_id) VALUES ('19738', 'Xã Hải Chánh', '470');
INSERT INTO services_ward (id, name, district_id) VALUES ('19741', 'Xã Hải Khê', '470');
INSERT INTO services_district (id, name, city_id) VALUES ('471', 'Huyện Cồn Cỏ', '45');
INSERT INTO services_city (id, name) VALUES ('46', 'Thành phố Huế');
INSERT INTO services_district (id, name, city_id) VALUES ('474', 'Quận Thuận Hóa', '46');
INSERT INTO services_ward (id, name, district_id) VALUES ('19777', 'Phường Vỹ Dạ', '474');
INSERT INTO services_ward (id, name, district_id) VALUES ('19780', 'Phường Phường Đúc', '474');
INSERT INTO services_ward (id, name, district_id) VALUES ('19783', 'Phường Vĩnh Ninh', '474');
INSERT INTO services_ward (id, name, district_id) VALUES ('19786', 'Phường Phú Hội', '474');
INSERT INTO services_ward (id, name, district_id) VALUES ('19789', 'Phường Phú Nhuận', '474');
INSERT INTO services_ward (id, name, district_id) VALUES ('19792', 'Phường Xuân Phú', '474');
INSERT INTO services_ward (id, name, district_id) VALUES ('19795', 'Phường Trường An', '474');
INSERT INTO services_ward (id, name, district_id) VALUES ('19798', 'Phường Phước Vĩnh', '474');
INSERT INTO services_ward (id, name, district_id) VALUES ('19801', 'Phường An Cựu', '474');
INSERT INTO services_ward (id, name, district_id) VALUES ('19807', 'Phường Thuỷ Biều', '474');
INSERT INTO services_ward (id, name, district_id) VALUES ('19813', 'Phường Thuỷ Xuân', '474');
INSERT INTO services_ward (id, name, district_id) VALUES ('19815', 'Phường An Đông', '474');
INSERT INTO services_ward (id, name, district_id) VALUES ('19816', 'Phường An Tây', '474');
INSERT INTO services_ward (id, name, district_id) VALUES ('19900', 'Phường Thuận An', '474');
INSERT INTO services_ward (id, name, district_id) VALUES ('19909', 'Phường Dương Nỗ', '474');
INSERT INTO services_ward (id, name, district_id) VALUES ('19930', 'Phường Phú Thượng', '474');
INSERT INTO services_ward (id, name, district_id) VALUES ('19963', 'Phường Thủy Vân', '474');
INSERT INTO services_ward (id, name, district_id) VALUES ('19981', 'Phường Thủy Bằng', '474');
INSERT INTO services_ward (id, name, district_id) VALUES ('20002', 'Phường Hương Phong', '474');
INSERT INTO services_district (id, name, city_id) VALUES ('475', 'Quận Phú Xuân', '46');
INSERT INTO services_ward (id, name, district_id) VALUES ('19750', 'Phường Tây Lộc', '475');
INSERT INTO services_ward (id, name, district_id) VALUES ('19753', 'Phường Thuận Lộc', '475');
INSERT INTO services_ward (id, name, district_id) VALUES ('19756', 'Phường Gia Hội', '475');
INSERT INTO services_ward (id, name, district_id) VALUES ('19759', 'Phường Phú Hậu', '475');
INSERT INTO services_ward (id, name, district_id) VALUES ('19762', 'Phường Thuận Hòa', '475');
INSERT INTO services_ward (id, name, district_id) VALUES ('19768', 'Phường Đông Ba', '475');
INSERT INTO services_ward (id, name, district_id) VALUES ('19774', 'Phường Kim Long', '475');
INSERT INTO services_ward (id, name, district_id) VALUES ('19803', 'Phường An Hòa', '475');
INSERT INTO services_ward (id, name, district_id) VALUES ('19804', 'Phường Hương Sơ', '475');
INSERT INTO services_ward (id, name, district_id) VALUES ('19810', 'Phường Hương Long', '475');
INSERT INTO services_ward (id, name, district_id) VALUES ('20014', 'Phường Hương Vinh', '475');
INSERT INTO services_ward (id, name, district_id) VALUES ('20023', 'Phường Hương An', '475');
INSERT INTO services_ward (id, name, district_id) VALUES ('20029', 'Phường Long Hồ', '475');
INSERT INTO services_district (id, name, city_id) VALUES ('476', 'Thị xã Phong Điền', '46');
INSERT INTO services_ward (id, name, district_id) VALUES ('19819', 'Phường Phong Thu', '476');
INSERT INTO services_ward (id, name, district_id) VALUES ('19825', 'Xã Phong Thạnh', '476');
INSERT INTO services_ward (id, name, district_id) VALUES ('19828', 'Phường Phong Phú', '476');
INSERT INTO services_ward (id, name, district_id) VALUES ('19831', 'Xã Phong Bình', '476');
INSERT INTO services_ward (id, name, district_id) VALUES ('19837', 'Xã Phong Chương', '476');
INSERT INTO services_ward (id, name, district_id) VALUES ('19843', 'Phường Phong Hải', '476');
INSERT INTO services_ward (id, name, district_id) VALUES ('19846', 'Phường Phong Hòa', '476');
INSERT INTO services_ward (id, name, district_id) VALUES ('19852', 'Phường Phong Hiền', '476');
INSERT INTO services_ward (id, name, district_id) VALUES ('19855', 'Xã Phong Mỹ', '476');
INSERT INTO services_ward (id, name, district_id) VALUES ('19858', 'Phường Phong An', '476');
INSERT INTO services_ward (id, name, district_id) VALUES ('19861', 'Xã Phong Xuân', '476');
INSERT INTO services_ward (id, name, district_id) VALUES ('19864', 'Xã Phong Sơn', '476');
INSERT INTO services_district (id, name, city_id) VALUES ('477', 'Huyện Quảng Điền', '46');
INSERT INTO services_ward (id, name, district_id) VALUES ('19867', 'Thị trấn Sịa', '477');
INSERT INTO services_ward (id, name, district_id) VALUES ('19870', 'Xã Quảng Thái', '477');
INSERT INTO services_ward (id, name, district_id) VALUES ('19873', 'Xã Quảng Ngạn', '477');
INSERT INTO services_ward (id, name, district_id) VALUES ('19876', 'Xã Quảng Lợi', '477');
INSERT INTO services_ward (id, name, district_id) VALUES ('19879', 'Xã Quảng Công', '477');
INSERT INTO services_ward (id, name, district_id) VALUES ('19882', 'Xã Quảng Phước', '477');
INSERT INTO services_ward (id, name, district_id) VALUES ('19885', 'Xã Quảng Vinh', '477');
INSERT INTO services_ward (id, name, district_id) VALUES ('19888', 'Xã Quảng An', '477');
INSERT INTO services_ward (id, name, district_id) VALUES ('19891', 'Xã Quảng Thành', '477');
INSERT INTO services_ward (id, name, district_id) VALUES ('19894', 'Xã Quảng Thọ', '477');
INSERT INTO services_ward (id, name, district_id) VALUES ('19897', 'Xã Quảng Phú', '477');
INSERT INTO services_district (id, name, city_id) VALUES ('478', 'Huyện Phú Vang', '46');
INSERT INTO services_ward (id, name, district_id) VALUES ('19903', 'Xã Phú Thuận', '478');
INSERT INTO services_ward (id, name, district_id) VALUES ('19912', 'Xã Phú An', '478');
INSERT INTO services_ward (id, name, district_id) VALUES ('19915', 'Xã Phú Hải', '478');
INSERT INTO services_ward (id, name, district_id) VALUES ('19918', 'Xã Phú Xuân', '478');
INSERT INTO services_ward (id, name, district_id) VALUES ('19921', 'Xã Phú Diên', '478');
INSERT INTO services_ward (id, name, district_id) VALUES ('19927', 'Xã Phú Mỹ', '478');
INSERT INTO services_ward (id, name, district_id) VALUES ('19933', 'Xã Phú Hồ', '478');
INSERT INTO services_ward (id, name, district_id) VALUES ('19936', 'Xã Vinh Xuân', '478');
INSERT INTO services_ward (id, name, district_id) VALUES ('19939', 'Xã Phú Lương', '478');
INSERT INTO services_ward (id, name, district_id) VALUES ('19942', 'Thị trấn Phú Đa', '478');
INSERT INTO services_ward (id, name, district_id) VALUES ('19945', 'Xã Vinh Thanh', '478');
INSERT INTO services_ward (id, name, district_id) VALUES ('19948', 'Xã Vinh An', '478');
INSERT INTO services_ward (id, name, district_id) VALUES ('19954', 'Xã Phú Gia', '478');
INSERT INTO services_ward (id, name, district_id) VALUES ('19957', 'Xã Vinh Hà', '478');
INSERT INTO services_district (id, name, city_id) VALUES ('479', 'Thị xã Hương Thủy', '46');
INSERT INTO services_ward (id, name, district_id) VALUES ('19960', 'Phường Phú Bài', '479');
INSERT INTO services_ward (id, name, district_id) VALUES ('19966', 'Xã Thủy Thanh', '479');
INSERT INTO services_ward (id, name, district_id) VALUES ('19969', 'Phường Thủy Dương', '479');
INSERT INTO services_ward (id, name, district_id) VALUES ('19972', 'Phường Thủy Phương', '479');
INSERT INTO services_ward (id, name, district_id) VALUES ('19975', 'Phường Thủy Châu', '479');
INSERT INTO services_ward (id, name, district_id) VALUES ('19978', 'Phường Thủy Lương', '479');
INSERT INTO services_ward (id, name, district_id) VALUES ('19984', 'Xã Thủy Tân', '479');
INSERT INTO services_ward (id, name, district_id) VALUES ('19987', 'Xã Thủy Phù', '479');
INSERT INTO services_ward (id, name, district_id) VALUES ('19990', 'Xã Phú Sơn', '479');
INSERT INTO services_ward (id, name, district_id) VALUES ('19993', 'Xã Dương Hòa', '479');
INSERT INTO services_district (id, name, city_id) VALUES ('480', 'Thị xã Hương Trà', '46');
INSERT INTO services_ward (id, name, district_id) VALUES ('19996', 'Phường Tứ Hạ', '480');
INSERT INTO services_ward (id, name, district_id) VALUES ('20005', 'Xã Hương Toàn', '480');
INSERT INTO services_ward (id, name, district_id) VALUES ('20008', 'Phường Hương Vân', '480');
INSERT INTO services_ward (id, name, district_id) VALUES ('20011', 'Phường Hương Văn', '480');
INSERT INTO services_ward (id, name, district_id) VALUES ('20017', 'Phường Hương Xuân', '480');
INSERT INTO services_ward (id, name, district_id) VALUES ('20020', 'Phường Hương Chữ', '480');
INSERT INTO services_ward (id, name, district_id) VALUES ('20026', 'Xã Hương Bình', '480');
INSERT INTO services_ward (id, name, district_id) VALUES ('20035', 'Xã Bình Tiến', '480');
INSERT INTO services_ward (id, name, district_id) VALUES ('20041', 'Xã Bình Thành', '480');
INSERT INTO services_district (id, name, city_id) VALUES ('481', 'Huyện A Lưới', '46');
INSERT INTO services_ward (id, name, district_id) VALUES ('20044', 'Thị trấn A Lưới', '481');
INSERT INTO services_ward (id, name, district_id) VALUES ('20047', 'Xã Hồng Vân', '481');
INSERT INTO services_ward (id, name, district_id) VALUES ('20050', 'Xã Hồng Hạ', '481');
INSERT INTO services_ward (id, name, district_id) VALUES ('20053', 'Xã Hồng Kim', '481');
INSERT INTO services_ward (id, name, district_id) VALUES ('20056', 'Xã Trung Sơn', '481');
INSERT INTO services_ward (id, name, district_id) VALUES ('20059', 'Xã Hương Nguyên', '481');
INSERT INTO services_ward (id, name, district_id) VALUES ('20065', 'Xã Hồng Bắc', '481');
INSERT INTO services_ward (id, name, district_id) VALUES ('20068', 'Xã A Ngo', '481');
INSERT INTO services_ward (id, name, district_id) VALUES ('20071', 'Xã Sơn Thủy', '481');
INSERT INTO services_ward (id, name, district_id) VALUES ('20074', 'Xã Phú Vinh', '481');
INSERT INTO services_ward (id, name, district_id) VALUES ('20080', 'Xã Hương Phong', '481');
INSERT INTO services_ward (id, name, district_id) VALUES ('20083', 'Xã Quảng Nhâm', '481');
INSERT INTO services_ward (id, name, district_id) VALUES ('20086', 'Xã Hồng Thượng', '481');
INSERT INTO services_ward (id, name, district_id) VALUES ('20089', 'Xã Hồng Thái', '481');
INSERT INTO services_ward (id, name, district_id) VALUES ('20095', 'Xã A Roàng', '481');
INSERT INTO services_ward (id, name, district_id) VALUES ('20098', 'Xã Đông Sơn', '481');
INSERT INTO services_ward (id, name, district_id) VALUES ('20101', 'Xã Lâm Đớt', '481');
INSERT INTO services_ward (id, name, district_id) VALUES ('20104', 'Xã Hồng Thủy', '481');
INSERT INTO services_district (id, name, city_id) VALUES ('482', 'Huyện Phú Lộc', '46');
INSERT INTO services_ward (id, name, district_id) VALUES ('20107', 'Thị trấn Phú Lộc', '482');
INSERT INTO services_ward (id, name, district_id) VALUES ('20110', 'Thị trấn Lăng Cô', '482');
INSERT INTO services_ward (id, name, district_id) VALUES ('20113', 'Xã Vinh Mỹ', '482');
INSERT INTO services_ward (id, name, district_id) VALUES ('20116', 'Xã Vinh Hưng', '482');
INSERT INTO services_ward (id, name, district_id) VALUES ('20122', 'Xã Giang Hải', '482');
INSERT INTO services_ward (id, name, district_id) VALUES ('20125', 'Xã Vinh Hiền', '482');
INSERT INTO services_ward (id, name, district_id) VALUES ('20128', 'Xã Lộc Bổn', '482');
INSERT INTO services_ward (id, name, district_id) VALUES ('20131', 'Thị trấn Lộc Sơn', '482');
INSERT INTO services_ward (id, name, district_id) VALUES ('20134', 'Xã Lộc Bình', '482');
INSERT INTO services_ward (id, name, district_id) VALUES ('20137', 'Xã Lộc Vĩnh', '482');
INSERT INTO services_ward (id, name, district_id) VALUES ('20140', 'Xã Lộc An', '482');
INSERT INTO services_ward (id, name, district_id) VALUES ('20143', 'Xã Lộc Điền', '482');
INSERT INTO services_ward (id, name, district_id) VALUES ('20146', 'Xã Lộc Thủy', '482');
INSERT INTO services_ward (id, name, district_id) VALUES ('20149', 'Xã Lộc Trì', '482');
INSERT INTO services_ward (id, name, district_id) VALUES ('20152', 'Xã Lộc Tiến', '482');
INSERT INTO services_ward (id, name, district_id) VALUES ('20155', 'Xã Lộc Hòa', '482');
INSERT INTO services_ward (id, name, district_id) VALUES ('20158', 'Xã Xuân Lộc', '482');
INSERT INTO services_ward (id, name, district_id) VALUES ('20161', 'Thị trấn Khe Tre', '482');
INSERT INTO services_ward (id, name, district_id) VALUES ('20164', 'Xã Hương Phú', '482');
INSERT INTO services_ward (id, name, district_id) VALUES ('20167', 'Xã Hương Sơn', '482');
INSERT INTO services_ward (id, name, district_id) VALUES ('20170', 'Xã Hương Lộc', '482');
INSERT INTO services_ward (id, name, district_id) VALUES ('20173', 'Xã Thượng Quảng', '482');
INSERT INTO services_ward (id, name, district_id) VALUES ('20179', 'Xã Hương Xuân', '482');
INSERT INTO services_ward (id, name, district_id) VALUES ('20182', 'Xã Hương Hữu', '482');
INSERT INTO services_ward (id, name, district_id) VALUES ('20185', 'Xã Thượng Lộ', '482');
INSERT INTO services_ward (id, name, district_id) VALUES ('20188', 'Xã Thượng Long', '482');
INSERT INTO services_ward (id, name, district_id) VALUES ('20191', 'Xã Thượng Nhật', '482');
INSERT INTO services_city (id, name) VALUES ('48', 'Thành phố Đà Nẵng');
INSERT INTO services_district (id, name, city_id) VALUES ('490', 'Quận Liên Chiểu', '48');
INSERT INTO services_ward (id, name, district_id) VALUES ('20194', 'Phường Hòa Hiệp Bắc', '490');
INSERT INTO services_ward (id, name, district_id) VALUES ('20195', 'Phường Hòa Hiệp Nam', '490');
INSERT INTO services_ward (id, name, district_id) VALUES ('20197', 'Phường Hòa Khánh Bắc', '490');
INSERT INTO services_ward (id, name, district_id) VALUES ('20198', 'Phường Hòa Khánh Nam', '490');
INSERT INTO services_ward (id, name, district_id) VALUES ('20200', 'Phường Hòa Minh', '490');
INSERT INTO services_district (id, name, city_id) VALUES ('491', 'Quận Thanh Khê', '48');
INSERT INTO services_ward (id, name, district_id) VALUES ('20206', 'Phường Thanh Khê Tây', '491');
INSERT INTO services_ward (id, name, district_id) VALUES ('20207', 'Phường Thanh Khê Đông', '491');
INSERT INTO services_ward (id, name, district_id) VALUES ('20209', 'Phường Xuân Hà', '491');
INSERT INTO services_ward (id, name, district_id) VALUES ('20215', 'Phường Chính Gián', '491');
INSERT INTO services_ward (id, name, district_id) VALUES ('20218', 'Phường Thạc Gián', '491');
INSERT INTO services_ward (id, name, district_id) VALUES ('20224', 'Phường An Khê', '491');
INSERT INTO services_district (id, name, city_id) VALUES ('492', 'Quận Hải Châu', '48');
INSERT INTO services_ward (id, name, district_id) VALUES ('20227', 'Phường Thanh Bình', '492');
INSERT INTO services_ward (id, name, district_id) VALUES ('20230', 'Phường Thuận Phước', '492');
INSERT INTO services_ward (id, name, district_id) VALUES ('20233', 'Phường Thạch Thang', '492');
INSERT INTO services_ward (id, name, district_id) VALUES ('20236', 'Phường Hải Châu', '492');
INSERT INTO services_ward (id, name, district_id) VALUES ('20242', 'Phường Phước Ninh', '492');
INSERT INTO services_ward (id, name, district_id) VALUES ('20245', 'Phường Hòa Thuận Tây', '492');
INSERT INTO services_ward (id, name, district_id) VALUES ('20254', 'Phường Bình Thuận', '492');
INSERT INTO services_ward (id, name, district_id) VALUES ('20257', 'Phường Hòa Cường Bắc', '492');
INSERT INTO services_ward (id, name, district_id) VALUES ('20258', 'Phường Hòa Cường Nam', '492');
INSERT INTO services_district (id, name, city_id) VALUES ('493', 'Quận Sơn Trà', '48');
INSERT INTO services_ward (id, name, district_id) VALUES ('20263', 'Phường Thọ Quang', '493');
INSERT INTO services_ward (id, name, district_id) VALUES ('20266', 'Phường Nại Hiên Đông', '493');
INSERT INTO services_ward (id, name, district_id) VALUES ('20269', 'Phường Mân Thái', '493');
INSERT INTO services_ward (id, name, district_id) VALUES ('20272', 'Phường An Hải Bắc', '493');
INSERT INTO services_ward (id, name, district_id) VALUES ('20275', 'Phường Phước Mỹ', '493');
INSERT INTO services_ward (id, name, district_id) VALUES ('20278', 'Phường An Hải Nam', '493');
INSERT INTO services_district (id, name, city_id) VALUES ('494', 'Quận Ngũ Hành Sơn', '48');
INSERT INTO services_ward (id, name, district_id) VALUES ('20284', 'Phường Mỹ An', '494');
INSERT INTO services_ward (id, name, district_id) VALUES ('20285', 'Phường Khuê Mỹ', '494');
INSERT INTO services_ward (id, name, district_id) VALUES ('20287', 'Phường Hoà Quý', '494');
INSERT INTO services_ward (id, name, district_id) VALUES ('20290', 'Phường Hoà Hải', '494');
INSERT INTO services_district (id, name, city_id) VALUES ('495', 'Quận Cẩm Lệ', '48');
INSERT INTO services_ward (id, name, district_id) VALUES ('20260', 'Phường Khuê Trung', '495');
INSERT INTO services_ward (id, name, district_id) VALUES ('20305', 'Phường Hòa Phát', '495');
INSERT INTO services_ward (id, name, district_id) VALUES ('20306', 'Phường Hòa An', '495');
INSERT INTO services_ward (id, name, district_id) VALUES ('20311', 'Phường Hòa Thọ Tây', '495');
INSERT INTO services_ward (id, name, district_id) VALUES ('20312', 'Phường Hòa Thọ Đông', '495');
INSERT INTO services_ward (id, name, district_id) VALUES ('20314', 'Phường Hòa Xuân', '495');
INSERT INTO services_district (id, name, city_id) VALUES ('497', 'Huyện Hòa Vang', '48');
INSERT INTO services_ward (id, name, district_id) VALUES ('20293', 'Xã Hòa Bắc', '497');
INSERT INTO services_ward (id, name, district_id) VALUES ('20296', 'Xã Hòa Liên', '497');
INSERT INTO services_ward (id, name, district_id) VALUES ('20299', 'Xã Hòa Ninh', '497');
INSERT INTO services_ward (id, name, district_id) VALUES ('20302', 'Xã Hòa Sơn', '497');
INSERT INTO services_ward (id, name, district_id) VALUES ('20308', 'Xã Hòa Nhơn', '497');
INSERT INTO services_ward (id, name, district_id) VALUES ('20317', 'Xã Hòa Phú', '497');
INSERT INTO services_ward (id, name, district_id) VALUES ('20320', 'Xã Hòa Phong', '497');
INSERT INTO services_ward (id, name, district_id) VALUES ('20323', 'Xã Hòa Châu', '497');
INSERT INTO services_ward (id, name, district_id) VALUES ('20326', 'Xã Hòa Tiến', '497');
INSERT INTO services_ward (id, name, district_id) VALUES ('20329', 'Xã Hòa Phước', '497');
INSERT INTO services_ward (id, name, district_id) VALUES ('20332', 'Xã Hòa Khương', '497');
INSERT INTO services_district (id, name, city_id) VALUES ('498', 'Huyện Hoàng Sa', '48');
INSERT INTO services_city (id, name) VALUES ('49', 'Tỉnh Quảng Nam');
INSERT INTO services_district (id, name, city_id) VALUES ('502', 'Thành phố Tam Kỳ', '49');
INSERT INTO services_ward (id, name, district_id) VALUES ('20335', 'Phường Tân Thạnh', '502');
INSERT INTO services_ward (id, name, district_id) VALUES ('20341', 'Phường An Mỹ', '502');
INSERT INTO services_ward (id, name, district_id) VALUES ('20344', 'Phường Hòa Hương', '502');
INSERT INTO services_ward (id, name, district_id) VALUES ('20347', 'Phường An Xuân', '502');
INSERT INTO services_ward (id, name, district_id) VALUES ('20350', 'Phường An Sơn', '502');
INSERT INTO services_ward (id, name, district_id) VALUES ('20353', 'Phường Trường Xuân', '502');
INSERT INTO services_ward (id, name, district_id) VALUES ('20356', 'Phường An Phú', '502');
INSERT INTO services_ward (id, name, district_id) VALUES ('20359', 'Xã Tam Thanh', '502');
INSERT INTO services_ward (id, name, district_id) VALUES ('20362', 'Xã Tam Thăng', '502');
INSERT INTO services_ward (id, name, district_id) VALUES ('20371', 'Xã Tam Phú', '502');
INSERT INTO services_ward (id, name, district_id) VALUES ('20375', 'Phường Hoà Thuận', '502');
INSERT INTO services_ward (id, name, district_id) VALUES ('20389', 'Xã Tam Ngọc', '502');
INSERT INTO services_district (id, name, city_id) VALUES ('503', 'Thành phố Hội An', '49');
INSERT INTO services_ward (id, name, district_id) VALUES ('20398', 'Phường Minh An', '503');
INSERT INTO services_ward (id, name, district_id) VALUES ('20401', 'Phường Tân An', '503');
INSERT INTO services_ward (id, name, district_id) VALUES ('20404', 'Phường Cẩm Phô', '503');
INSERT INTO services_ward (id, name, district_id) VALUES ('20407', 'Phường Thanh Hà', '503');
INSERT INTO services_ward (id, name, district_id) VALUES ('20410', 'Phường Sơn Phong', '503');
INSERT INTO services_ward (id, name, district_id) VALUES ('20413', 'Phường Cẩm Châu', '503');
INSERT INTO services_ward (id, name, district_id) VALUES ('20416', 'Phường Cửa Đại', '503');
INSERT INTO services_ward (id, name, district_id) VALUES ('20419', 'Phường Cẩm An', '503');
INSERT INTO services_ward (id, name, district_id) VALUES ('20422', 'Xã Cẩm Hà', '503');
INSERT INTO services_ward (id, name, district_id) VALUES ('20425', 'Xã Cẩm Kim', '503');
INSERT INTO services_ward (id, name, district_id) VALUES ('20428', 'Phường Cẩm Nam', '503');
INSERT INTO services_ward (id, name, district_id) VALUES ('20431', 'Xã Cẩm Thanh', '503');
INSERT INTO services_ward (id, name, district_id) VALUES ('20434', 'Xã Tân Hiệp', '503');
INSERT INTO services_district (id, name, city_id) VALUES ('504', 'Huyện Tây Giang', '49');
INSERT INTO services_ward (id, name, district_id) VALUES ('20437', 'Xã Ch''ơm', '504');
INSERT INTO services_ward (id, name, district_id) VALUES ('20440', 'Xã Ga Ri', '504');
INSERT INTO services_ward (id, name, district_id) VALUES ('20443', 'Xã A Xan', '504');
INSERT INTO services_ward (id, name, district_id) VALUES ('20446', 'Xã Tr''Hy', '504');
INSERT INTO services_ward (id, name, district_id) VALUES ('20449', 'Xã Lăng', '504');
INSERT INTO services_ward (id, name, district_id) VALUES ('20452', 'Xã A Nông', '504');
INSERT INTO services_ward (id, name, district_id) VALUES ('20455', 'Xã A Tiêng', '504');
INSERT INTO services_ward (id, name, district_id) VALUES ('20458', 'Xã Bha Lê', '504');
INSERT INTO services_ward (id, name, district_id) VALUES ('20461', 'Xã A Vương', '504');
INSERT INTO services_ward (id, name, district_id) VALUES ('20464', 'Xã Dang', '504');
INSERT INTO services_district (id, name, city_id) VALUES ('505', 'Huyện Đông Giang', '49');
INSERT INTO services_ward (id, name, district_id) VALUES ('20467', 'Thị trấn P Rao', '505');
INSERT INTO services_ward (id, name, district_id) VALUES ('20470', 'Xã Tà Lu', '505');
INSERT INTO services_ward (id, name, district_id) VALUES ('20473', 'Xã Sông Kôn', '505');
INSERT INTO services_ward (id, name, district_id) VALUES ('20476', 'Xã Jơ Ngây', '505');
INSERT INTO services_ward (id, name, district_id) VALUES ('20479', 'Xã A Ting', '505');
INSERT INTO services_ward (id, name, district_id) VALUES ('20482', 'Xã Tư', '505');
INSERT INTO services_ward (id, name, district_id) VALUES ('20485', 'Xã Ba', '505');
INSERT INTO services_ward (id, name, district_id) VALUES ('20488', 'Xã A Rooi', '505');
INSERT INTO services_ward (id, name, district_id) VALUES ('20491', 'Xã Za Hung', '505');
INSERT INTO services_ward (id, name, district_id) VALUES ('20494', 'Xã Mà Cooi', '505');
INSERT INTO services_ward (id, name, district_id) VALUES ('20497', 'Xã Ka Dăng', '505');
INSERT INTO services_district (id, name, city_id) VALUES ('506', 'Huyện Đại Lộc', '49');
INSERT INTO services_ward (id, name, district_id) VALUES ('20500', 'Thị trấn Ái Nghĩa', '506');
INSERT INTO services_ward (id, name, district_id) VALUES ('20503', 'Xã Đại Sơn', '506');
INSERT INTO services_ward (id, name, district_id) VALUES ('20506', 'Xã Đại Lãnh', '506');
INSERT INTO services_ward (id, name, district_id) VALUES ('20509', 'Xã Đại Hưng', '506');
INSERT INTO services_ward (id, name, district_id) VALUES ('20512', 'Xã Đại Hồng', '506');
INSERT INTO services_ward (id, name, district_id) VALUES ('20515', 'Xã Đại Đồng', '506');
INSERT INTO services_ward (id, name, district_id) VALUES ('20518', 'Xã Đại Quang', '506');
INSERT INTO services_ward (id, name, district_id) VALUES ('20521', 'Xã Đại Nghĩa', '506');
INSERT INTO services_ward (id, name, district_id) VALUES ('20524', 'Xã Đại Hiệp', '506');
INSERT INTO services_ward (id, name, district_id) VALUES ('20527', 'Xã Đại Thạnh', '506');
INSERT INTO services_ward (id, name, district_id) VALUES ('20530', 'Xã Đại Chánh', '506');
INSERT INTO services_ward (id, name, district_id) VALUES ('20533', 'Xã Đại Tân', '506');
INSERT INTO services_ward (id, name, district_id) VALUES ('20536', 'Xã Đại Phong', '506');
INSERT INTO services_ward (id, name, district_id) VALUES ('20539', 'Xã Đại Minh', '506');
INSERT INTO services_ward (id, name, district_id) VALUES ('20542', 'Xã Đại Thắng', '506');
INSERT INTO services_ward (id, name, district_id) VALUES ('20545', 'Xã Đại Cường', '506');
INSERT INTO services_ward (id, name, district_id) VALUES ('20547', 'Xã Đại An', '506');
INSERT INTO services_ward (id, name, district_id) VALUES ('20548', 'Xã Đại Hòa', '506');
INSERT INTO services_district (id, name, city_id) VALUES ('507', 'Thị xã Điện Bàn', '49');
INSERT INTO services_ward (id, name, district_id) VALUES ('20551', 'Phường Vĩnh Điện', '507');
INSERT INTO services_ward (id, name, district_id) VALUES ('20554', 'Xã Điện Tiến', '507');
INSERT INTO services_ward (id, name, district_id) VALUES ('20557', 'Xã Điện Hòa', '507');
INSERT INTO services_ward (id, name, district_id) VALUES ('20560', 'Phường Điện Thắng Bắc', '507');
INSERT INTO services_ward (id, name, district_id) VALUES ('20561', 'Phường Điện Thắng Trung', '507');
INSERT INTO services_ward (id, name, district_id) VALUES ('20562', 'Phường Điện Thắng Nam', '507');
INSERT INTO services_ward (id, name, district_id) VALUES ('20563', 'Phường Điện Ngọc', '507');
INSERT INTO services_ward (id, name, district_id) VALUES ('20566', 'Xã Điện Hồng', '507');
INSERT INTO services_ward (id, name, district_id) VALUES ('20569', 'Xã Điện Thọ', '507');
INSERT INTO services_ward (id, name, district_id) VALUES ('20572', 'Xã Điện Phước', '507');
INSERT INTO services_ward (id, name, district_id) VALUES ('20575', 'Phường Điện An', '507');
INSERT INTO services_ward (id, name, district_id) VALUES ('20578', 'Phường Điện Nam Bắc', '507');
INSERT INTO services_ward (id, name, district_id) VALUES ('20579', 'Phường Điện Nam Trung', '507');
INSERT INTO services_ward (id, name, district_id) VALUES ('20580', 'Phường Điện Nam Đông', '507');
INSERT INTO services_ward (id, name, district_id) VALUES ('20581', 'Phường Điện Dương', '507');
INSERT INTO services_ward (id, name, district_id) VALUES ('20584', 'Xã Điện Quang', '507');
INSERT INTO services_ward (id, name, district_id) VALUES ('20587', 'Xã Điện Trung', '507');
INSERT INTO services_ward (id, name, district_id) VALUES ('20590', 'Xã Điện Phong', '507');
INSERT INTO services_ward (id, name, district_id) VALUES ('20593', 'Phường Điện Minh', '507');
INSERT INTO services_ward (id, name, district_id) VALUES ('20596', 'Phường Điện Phương', '507');
INSERT INTO services_district (id, name, city_id) VALUES ('508', 'Huyện Duy Xuyên', '49');
INSERT INTO services_ward (id, name, district_id) VALUES ('20599', 'Thị trấn Nam Phước', '508');
INSERT INTO services_ward (id, name, district_id) VALUES ('20605', 'Xã Duy Phú', '508');
INSERT INTO services_ward (id, name, district_id) VALUES ('20608', 'Xã Duy Tân', '508');
INSERT INTO services_ward (id, name, district_id) VALUES ('20611', 'Xã Duy Hòa', '508');
INSERT INTO services_ward (id, name, district_id) VALUES ('20614', 'Xã Duy Châu', '508');
INSERT INTO services_ward (id, name, district_id) VALUES ('20617', 'Xã Duy Trinh', '508');
INSERT INTO services_ward (id, name, district_id) VALUES ('20620', 'Xã Duy Sơn', '508');
INSERT INTO services_ward (id, name, district_id) VALUES ('20623', 'Xã Duy Trung', '508');
INSERT INTO services_ward (id, name, district_id) VALUES ('20626', 'Xã Duy Phước', '508');
INSERT INTO services_ward (id, name, district_id) VALUES ('20629', 'Xã Duy Thành', '508');
INSERT INTO services_ward (id, name, district_id) VALUES ('20632', 'Xã Duy Vinh', '508');
INSERT INTO services_ward (id, name, district_id) VALUES ('20635', 'Xã Duy Nghĩa', '508');
INSERT INTO services_ward (id, name, district_id) VALUES ('20638', 'Xã Duy Hải', '508');
INSERT INTO services_district (id, name, city_id) VALUES ('509', 'Huyện Quế Sơn', '49');
INSERT INTO services_ward (id, name, district_id) VALUES ('20641', 'Thị trấn Đông Phú', '509');
INSERT INTO services_ward (id, name, district_id) VALUES ('20644', 'Xã Quế Xuân 1', '509');
INSERT INTO services_ward (id, name, district_id) VALUES ('20647', 'Xã Quế Xuân 2', '509');
INSERT INTO services_ward (id, name, district_id) VALUES ('20650', 'Xã Quế Phú', '509');
INSERT INTO services_ward (id, name, district_id) VALUES ('20651', 'Thị trấn Hương An', '509');
INSERT INTO services_ward (id, name, district_id) VALUES ('20656', 'Thị trấn Trung Phước', '509');
INSERT INTO services_ward (id, name, district_id) VALUES ('20659', 'Xã Quế Hiệp', '509');
INSERT INTO services_ward (id, name, district_id) VALUES ('20662', 'Xã Quế Thuận', '509');
INSERT INTO services_ward (id, name, district_id) VALUES ('20665', 'Xã Quế Mỹ', '509');
INSERT INTO services_ward (id, name, district_id) VALUES ('20668', 'Xã Ninh Phước', '509');
INSERT INTO services_ward (id, name, district_id) VALUES ('20669', 'Xã Phước Ninh', '509');
INSERT INTO services_ward (id, name, district_id) VALUES ('20671', 'Xã Quế Lộc', '509');
INSERT INTO services_ward (id, name, district_id) VALUES ('20677', 'Xã Quế Long', '509');
INSERT INTO services_ward (id, name, district_id) VALUES ('20680', 'Xã Quế Châu', '509');
INSERT INTO services_ward (id, name, district_id) VALUES ('20683', 'Xã Quế Phong', '509');
INSERT INTO services_ward (id, name, district_id) VALUES ('20686', 'Xã Quế An', '509');
INSERT INTO services_ward (id, name, district_id) VALUES ('20689', 'Xã Quế Minh', '509');
INSERT INTO services_ward (id, name, district_id) VALUES ('20692', 'Xã Quế Lâm', '509');
INSERT INTO services_district (id, name, city_id) VALUES ('510', 'Huyện Nam Giang', '49');
INSERT INTO services_ward (id, name, district_id) VALUES ('20695', 'Thị trấn Thạnh Mỹ', '510');
INSERT INTO services_ward (id, name, district_id) VALUES ('20698', 'Xã Laêê', '510');
INSERT INTO services_ward (id, name, district_id) VALUES ('20699', 'Xã Chơ Chun', '510');
INSERT INTO services_ward (id, name, district_id) VALUES ('20701', 'Xã Zuôich', '510');
INSERT INTO services_ward (id, name, district_id) VALUES ('20702', 'Xã Tà Pơơ', '510');
INSERT INTO services_ward (id, name, district_id) VALUES ('20704', 'Xã La Dêê', '510');
INSERT INTO services_ward (id, name, district_id) VALUES ('20705', 'Xã Đắc Tôi', '510');
INSERT INTO services_ward (id, name, district_id) VALUES ('20707', 'Xã Chà Vàl', '510');
INSERT INTO services_ward (id, name, district_id) VALUES ('20710', 'Xã Tà Bhinh', '510');
INSERT INTO services_ward (id, name, district_id) VALUES ('20713', 'Xã Cà Dy', '510');
INSERT INTO services_ward (id, name, district_id) VALUES ('20716', 'Xã Đắc Pre', '510');
INSERT INTO services_ward (id, name, district_id) VALUES ('20719', 'Xã Đắc Pring', '510');
INSERT INTO services_district (id, name, city_id) VALUES ('511', 'Huyện Phước Sơn', '49');
INSERT INTO services_ward (id, name, district_id) VALUES ('20722', 'Thị trấn Khâm Đức', '511');
INSERT INTO services_ward (id, name, district_id) VALUES ('20725', 'Xã Phước Xuân', '511');
INSERT INTO services_ward (id, name, district_id) VALUES ('20728', 'Xã Phước Hiệp', '511');
INSERT INTO services_ward (id, name, district_id) VALUES ('20729', 'Xã Phước Hoà', '511');
INSERT INTO services_ward (id, name, district_id) VALUES ('20731', 'Xã Phước Đức', '511');
INSERT INTO services_ward (id, name, district_id) VALUES ('20734', 'Xã Phước Năng', '511');
INSERT INTO services_ward (id, name, district_id) VALUES ('20737', 'Xã Phước Mỹ', '511');
INSERT INTO services_ward (id, name, district_id) VALUES ('20740', 'Xã Phước Chánh', '511');
INSERT INTO services_ward (id, name, district_id) VALUES ('20743', 'Xã Phước Công', '511');
INSERT INTO services_ward (id, name, district_id) VALUES ('20746', 'Xã Phước Kim', '511');
INSERT INTO services_ward (id, name, district_id) VALUES ('20749', 'Xã Phước Lộc', '511');
INSERT INTO services_ward (id, name, district_id) VALUES ('20752', 'Xã Phước Thành', '511');
INSERT INTO services_district (id, name, city_id) VALUES ('512', 'Huyện Hiệp Đức', '49');
INSERT INTO services_ward (id, name, district_id) VALUES ('20758', 'Xã Quế Tân', '512');
INSERT INTO services_ward (id, name, district_id) VALUES ('20764', 'Xã Quế Thọ', '512');
INSERT INTO services_ward (id, name, district_id) VALUES ('20767', 'Xã Bình Lâm', '512');
INSERT INTO services_ward (id, name, district_id) VALUES ('20770', 'Xã Sông Trà', '512');
INSERT INTO services_ward (id, name, district_id) VALUES ('20773', 'Xã Phước Trà', '512');
INSERT INTO services_ward (id, name, district_id) VALUES ('20776', 'Xã Phước Gia', '512');
INSERT INTO services_ward (id, name, district_id) VALUES ('20779', 'Thị trấn Tân Bình', '512');
INSERT INTO services_ward (id, name, district_id) VALUES ('20782', 'Xã Quế Lưu', '512');
INSERT INTO services_ward (id, name, district_id) VALUES ('20785', 'Xã Thăng Phước', '512');
INSERT INTO services_ward (id, name, district_id) VALUES ('20788', 'Xã Bình Sơn', '512');
INSERT INTO services_district (id, name, city_id) VALUES ('513', 'Huyện Thăng Bình', '49');
INSERT INTO services_ward (id, name, district_id) VALUES ('20791', 'Thị trấn Hà Lam', '513');
INSERT INTO services_ward (id, name, district_id) VALUES ('20794', 'Xã Bình Dương', '513');
INSERT INTO services_ward (id, name, district_id) VALUES ('20797', 'Xã Bình Giang', '513');
INSERT INTO services_ward (id, name, district_id) VALUES ('20800', 'Xã Bình Nguyên', '513');
INSERT INTO services_ward (id, name, district_id) VALUES ('20803', 'Xã Bình Phục', '513');
INSERT INTO services_ward (id, name, district_id) VALUES ('20806', 'Xã Bình Triều', '513');
INSERT INTO services_ward (id, name, district_id) VALUES ('20809', 'Xã Bình Đào', '513');
INSERT INTO services_ward (id, name, district_id) VALUES ('20812', 'Xã Bình Minh', '513');
INSERT INTO services_ward (id, name, district_id) VALUES ('20815', 'Xã Bình Lãnh', '513');
INSERT INTO services_ward (id, name, district_id) VALUES ('20818', 'Xã Bình Trị', '513');
INSERT INTO services_ward (id, name, district_id) VALUES ('20821', 'Xã Bình Định', '513');
INSERT INTO services_ward (id, name, district_id) VALUES ('20824', 'Xã Bình Quý', '513');
INSERT INTO services_ward (id, name, district_id) VALUES ('20827', 'Xã Bình Phú', '513');
INSERT INTO services_ward (id, name, district_id) VALUES ('20833', 'Xã Bình Tú', '513');
INSERT INTO services_ward (id, name, district_id) VALUES ('20836', 'Xã Bình Sa', '513');
INSERT INTO services_ward (id, name, district_id) VALUES ('20839', 'Xã Bình Hải', '513');
INSERT INTO services_ward (id, name, district_id) VALUES ('20842', 'Xã Bình Quế', '513');
INSERT INTO services_ward (id, name, district_id) VALUES ('20845', 'Xã Bình An', '513');
INSERT INTO services_ward (id, name, district_id) VALUES ('20848', 'Xã Bình Trung', '513');
INSERT INTO services_ward (id, name, district_id) VALUES ('20851', 'Xã Bình Nam', '513');
INSERT INTO services_district (id, name, city_id) VALUES ('514', 'Huyện Tiên Phước', '49');
INSERT INTO services_ward (id, name, district_id) VALUES ('20854', 'Thị trấn Tiên Kỳ', '514');
INSERT INTO services_ward (id, name, district_id) VALUES ('20857', 'Xã Tiên Sơn', '514');
INSERT INTO services_ward (id, name, district_id) VALUES ('20860', 'Xã Tiên Hà', '514');
INSERT INTO services_ward (id, name, district_id) VALUES ('20866', 'Xã Tiên Châu', '514');
INSERT INTO services_ward (id, name, district_id) VALUES ('20869', 'Xã Tiên Lãnh', '514');
INSERT INTO services_ward (id, name, district_id) VALUES ('20872', 'Xã Tiên Ngọc', '514');
INSERT INTO services_ward (id, name, district_id) VALUES ('20875', 'Xã Tiên Hiệp', '514');
INSERT INTO services_ward (id, name, district_id) VALUES ('20878', 'Xã Tiên Cảnh', '514');
INSERT INTO services_ward (id, name, district_id) VALUES ('20881', 'Xã Tiên Mỹ', '514');
INSERT INTO services_ward (id, name, district_id) VALUES ('20884', 'Xã Tiên Phong', '514');
INSERT INTO services_ward (id, name, district_id) VALUES ('20887', 'Xã Tiên Thọ', '514');
INSERT INTO services_ward (id, name, district_id) VALUES ('20890', 'Xã Tiên An', '514');
INSERT INTO services_ward (id, name, district_id) VALUES ('20893', 'Xã Tiên Lộc', '514');
INSERT INTO services_ward (id, name, district_id) VALUES ('20896', 'Xã Tiên Lập', '514');
INSERT INTO services_district (id, name, city_id) VALUES ('515', 'Huyện Bắc Trà My', '49');
INSERT INTO services_ward (id, name, district_id) VALUES ('20899', 'Thị trấn Trà My', '515');
INSERT INTO services_ward (id, name, district_id) VALUES ('20900', 'Xã Trà Sơn', '515');
INSERT INTO services_ward (id, name, district_id) VALUES ('20902', 'Xã Trà Kót', '515');
INSERT INTO services_ward (id, name, district_id) VALUES ('20905', 'Xã Trà Nú', '515');
INSERT INTO services_ward (id, name, district_id) VALUES ('20908', 'Xã Trà Đông', '515');
INSERT INTO services_ward (id, name, district_id) VALUES ('20911', 'Xã Trà Dương', '515');
INSERT INTO services_ward (id, name, district_id) VALUES ('20914', 'Xã Trà Giang', '515');
INSERT INTO services_ward (id, name, district_id) VALUES ('20917', 'Xã Trà Bui', '515');
INSERT INTO services_ward (id, name, district_id) VALUES ('20920', 'Xã Trà Đốc', '515');
INSERT INTO services_ward (id, name, district_id) VALUES ('20923', 'Xã Trà Tân', '515');
INSERT INTO services_ward (id, name, district_id) VALUES ('20926', 'Xã Trà Giác', '515');
INSERT INTO services_ward (id, name, district_id) VALUES ('20929', 'Xã Trà Giáp', '515');
INSERT INTO services_ward (id, name, district_id) VALUES ('20932', 'Xã Trà Ka', '515');
INSERT INTO services_district (id, name, city_id) VALUES ('516', 'Huyện Nam Trà My', '49');
INSERT INTO services_ward (id, name, district_id) VALUES ('20935', 'Xã Trà Leng', '516');
INSERT INTO services_ward (id, name, district_id) VALUES ('20938', 'Xã Trà Dơn', '516');
INSERT INTO services_ward (id, name, district_id) VALUES ('20941', 'Xã Trà Tập', '516');
INSERT INTO services_ward (id, name, district_id) VALUES ('20944', 'Xã Trà Mai', '516');
INSERT INTO services_ward (id, name, district_id) VALUES ('20947', 'Xã Trà Cang', '516');
INSERT INTO services_ward (id, name, district_id) VALUES ('20950', 'Xã Trà Linh', '516');
INSERT INTO services_ward (id, name, district_id) VALUES ('20953', 'Xã Trà Nam', '516');
INSERT INTO services_ward (id, name, district_id) VALUES ('20956', 'Xã Trà Don', '516');
INSERT INTO services_ward (id, name, district_id) VALUES ('20959', 'Xã Trà Vân', '516');
INSERT INTO services_ward (id, name, district_id) VALUES ('20962', 'Xã Trà Vinh', '516');
INSERT INTO services_district (id, name, city_id) VALUES ('517', 'Huyện Núi Thành', '49');
INSERT INTO services_ward (id, name, district_id) VALUES ('20965', 'Thị trấn Núi Thành', '517');
INSERT INTO services_ward (id, name, district_id) VALUES ('20968', 'Xã Tam Xuân I', '517');
INSERT INTO services_ward (id, name, district_id) VALUES ('20971', 'Xã Tam Xuân II', '517');
INSERT INTO services_ward (id, name, district_id) VALUES ('20974', 'Xã Tam Tiến', '517');
INSERT INTO services_ward (id, name, district_id) VALUES ('20977', 'Xã Tam Sơn', '517');
INSERT INTO services_ward (id, name, district_id) VALUES ('20980', 'Xã Tam Thạnh', '517');
INSERT INTO services_ward (id, name, district_id) VALUES ('20983', 'Xã Tam Anh Bắc', '517');
INSERT INTO services_ward (id, name, district_id) VALUES ('20984', 'Xã Tam Anh Nam', '517');
INSERT INTO services_ward (id, name, district_id) VALUES ('20986', 'Xã Tam Hòa', '517');
INSERT INTO services_ward (id, name, district_id) VALUES ('20989', 'Xã Tam Hiệp', '517');
INSERT INTO services_ward (id, name, district_id) VALUES ('20992', 'Xã Tam Hải', '517');
INSERT INTO services_ward (id, name, district_id) VALUES ('20995', 'Xã Tam Giang', '517');
INSERT INTO services_ward (id, name, district_id) VALUES ('20998', 'Xã Tam Quang', '517');
INSERT INTO services_ward (id, name, district_id) VALUES ('21001', 'Xã Tam Nghĩa', '517');
INSERT INTO services_ward (id, name, district_id) VALUES ('21004', 'Xã Tam Mỹ Tây', '517');
INSERT INTO services_ward (id, name, district_id) VALUES ('21005', 'Xã Tam Mỹ Đông', '517');
INSERT INTO services_ward (id, name, district_id) VALUES ('21007', 'Xã Tam Trà', '517');
INSERT INTO services_district (id, name, city_id) VALUES ('518', 'Huyện Phú Ninh', '49');
INSERT INTO services_ward (id, name, district_id) VALUES ('20364', 'Thị trấn Phú Thịnh', '518');
INSERT INTO services_ward (id, name, district_id) VALUES ('20365', 'Xã Tam Thành', '518');
INSERT INTO services_ward (id, name, district_id) VALUES ('20368', 'Xã Tam An', '518');
INSERT INTO services_ward (id, name, district_id) VALUES ('20374', 'Xã Tam Đàn', '518');
INSERT INTO services_ward (id, name, district_id) VALUES ('20377', 'Xã Tam Lộc', '518');
INSERT INTO services_ward (id, name, district_id) VALUES ('20380', 'Xã Tam Phước', '518');
INSERT INTO services_ward (id, name, district_id) VALUES ('20386', 'Xã Tam Thái', '518');
INSERT INTO services_ward (id, name, district_id) VALUES ('20387', 'Xã Tam Đại', '518');
INSERT INTO services_ward (id, name, district_id) VALUES ('20392', 'Xã Tam Dân', '518');
INSERT INTO services_ward (id, name, district_id) VALUES ('20395', 'Xã Tam Lãnh', '518');
INSERT INTO services_city (id, name) VALUES ('51', 'Tỉnh Quảng Ngãi');
INSERT INTO services_district (id, name, city_id) VALUES ('522', 'Thành phố Quảng Ngãi', '51');
INSERT INTO services_ward (id, name, district_id) VALUES ('21010', 'Phường Lê Hồng Phong', '522');
INSERT INTO services_ward (id, name, district_id) VALUES ('21013', 'Phường Trần Phú', '522');
INSERT INTO services_ward (id, name, district_id) VALUES ('21016', 'Phường Quảng Phú', '522');
INSERT INTO services_ward (id, name, district_id) VALUES ('21019', 'Phường Nghĩa Chánh', '522');
INSERT INTO services_ward (id, name, district_id) VALUES ('21022', 'Phường Trần Hưng Đạo', '522');
INSERT INTO services_ward (id, name, district_id) VALUES ('21025', 'Phường Nguyễn Nghiêm', '522');
INSERT INTO services_ward (id, name, district_id) VALUES ('21028', 'Phường Nghĩa Lộ', '522');
INSERT INTO services_ward (id, name, district_id) VALUES ('21031', 'Phường Chánh Lộ', '522');
INSERT INTO services_ward (id, name, district_id) VALUES ('21034', 'Xã Nghĩa Dũng', '522');
INSERT INTO services_ward (id, name, district_id) VALUES ('21037', 'Xã Nghĩa Dõng', '522');
INSERT INTO services_ward (id, name, district_id) VALUES ('21172', 'Phường Trương Quang Trọng', '522');
INSERT INTO services_ward (id, name, district_id) VALUES ('21187', 'Xã Tịnh Hòa', '522');
INSERT INTO services_ward (id, name, district_id) VALUES ('21190', 'Xã Tịnh Kỳ', '522');
INSERT INTO services_ward (id, name, district_id) VALUES ('21199', 'Xã Tịnh Thiện', '522');
INSERT INTO services_ward (id, name, district_id) VALUES ('21202', 'Xã Tịnh Ấn Đông', '522');
INSERT INTO services_ward (id, name, district_id) VALUES ('21208', 'Xã Tịnh Châu', '522');
INSERT INTO services_ward (id, name, district_id) VALUES ('21211', 'Xã Tịnh Khê', '522');
INSERT INTO services_ward (id, name, district_id) VALUES ('21214', 'Xã Tịnh Long', '522');
INSERT INTO services_ward (id, name, district_id) VALUES ('21223', 'Xã Tịnh Ấn Tây', '522');
INSERT INTO services_ward (id, name, district_id) VALUES ('21232', 'Xã Tịnh An', '522');
INSERT INTO services_ward (id, name, district_id) VALUES ('21256', 'Xã Nghĩa Hà', '522');
INSERT INTO services_ward (id, name, district_id) VALUES ('21262', 'Xã An Phú', '522');
INSERT INTO services_district (id, name, city_id) VALUES ('524', 'Huyện Bình Sơn', '51');
INSERT INTO services_ward (id, name, district_id) VALUES ('21040', 'Thị trấn Châu Ổ', '524');
INSERT INTO services_ward (id, name, district_id) VALUES ('21043', 'Xã Bình Thuận', '524');
INSERT INTO services_ward (id, name, district_id) VALUES ('21046', 'Xã Bình Thạnh', '524');
INSERT INTO services_ward (id, name, district_id) VALUES ('21049', 'Xã Bình Đông', '524');
INSERT INTO services_ward (id, name, district_id) VALUES ('21052', 'Xã Bình Chánh', '524');
INSERT INTO services_ward (id, name, district_id) VALUES ('21055', 'Xã Bình Nguyên', '524');
INSERT INTO services_ward (id, name, district_id) VALUES ('21058', 'Xã Bình Khương', '524');
INSERT INTO services_ward (id, name, district_id) VALUES ('21061', 'Xã Bình Trị', '524');
INSERT INTO services_ward (id, name, district_id) VALUES ('21064', 'Xã Bình An', '524');
INSERT INTO services_ward (id, name, district_id) VALUES ('21067', 'Xã Bình Hải', '524');
INSERT INTO services_ward (id, name, district_id) VALUES ('21070', 'Xã Bình Dương', '524');
INSERT INTO services_ward (id, name, district_id) VALUES ('21073', 'Xã Bình Phước', '524');
INSERT INTO services_ward (id, name, district_id) VALUES ('21079', 'Xã Bình Hòa', '524');
INSERT INTO services_ward (id, name, district_id) VALUES ('21082', 'Xã Bình Trung', '524');
INSERT INTO services_ward (id, name, district_id) VALUES ('21085', 'Xã Bình Minh', '524');
INSERT INTO services_ward (id, name, district_id) VALUES ('21088', 'Xã Bình Long', '524');
INSERT INTO services_ward (id, name, district_id) VALUES ('21091', 'Xã Bình Thanh', '524');
INSERT INTO services_ward (id, name, district_id) VALUES ('21100', 'Xã Bình Chương', '524');
INSERT INTO services_ward (id, name, district_id) VALUES ('21103', 'Xã Bình Hiệp', '524');
INSERT INTO services_ward (id, name, district_id) VALUES ('21106', 'Xã Bình Mỹ', '524');
INSERT INTO services_ward (id, name, district_id) VALUES ('21109', 'Xã Bình Tân Phú', '524');
INSERT INTO services_ward (id, name, district_id) VALUES ('21112', 'Xã Bình Châu', '524');
INSERT INTO services_district (id, name, city_id) VALUES ('525', 'Huyện Trà Bồng', '51');
INSERT INTO services_ward (id, name, district_id) VALUES ('21115', 'Thị trấn Trà Xuân', '525');
INSERT INTO services_ward (id, name, district_id) VALUES ('21118', 'Xã Trà Giang', '525');
INSERT INTO services_ward (id, name, district_id) VALUES ('21121', 'Xã Trà Thủy', '525');
INSERT INTO services_ward (id, name, district_id) VALUES ('21124', 'Xã Trà Hiệp', '525');
INSERT INTO services_ward (id, name, district_id) VALUES ('21127', 'Xã Trà Bình', '525');
INSERT INTO services_ward (id, name, district_id) VALUES ('21130', 'Xã Trà Phú', '525');
INSERT INTO services_ward (id, name, district_id) VALUES ('21133', 'Xã Trà Lâm', '525');
INSERT INTO services_ward (id, name, district_id) VALUES ('21136', 'Xã Trà Tân', '525');
INSERT INTO services_ward (id, name, district_id) VALUES ('21139', 'Xã Trà Sơn', '525');
INSERT INTO services_ward (id, name, district_id) VALUES ('21142', 'Xã Trà Bùi', '525');
INSERT INTO services_ward (id, name, district_id) VALUES ('21145', 'Xã Trà Thanh', '525');
INSERT INTO services_ward (id, name, district_id) VALUES ('21148', 'Xã Sơn Trà', '525');
INSERT INTO services_ward (id, name, district_id) VALUES ('21154', 'Xã Trà Phong', '525');
INSERT INTO services_ward (id, name, district_id) VALUES ('21157', 'Xã Hương Trà', '525');
INSERT INTO services_ward (id, name, district_id) VALUES ('21163', 'Xã Trà Xinh', '525');
INSERT INTO services_ward (id, name, district_id) VALUES ('21166', 'Xã Trà Tây', '525');
INSERT INTO services_district (id, name, city_id) VALUES ('527', 'Huyện Sơn Tịnh', '51');
INSERT INTO services_ward (id, name, district_id) VALUES ('21175', 'Xã Tịnh Thọ', '527');
INSERT INTO services_ward (id, name, district_id) VALUES ('21178', 'Xã Tịnh Trà', '527');
INSERT INTO services_ward (id, name, district_id) VALUES ('21181', 'Xã Tịnh Phong', '527');
INSERT INTO services_ward (id, name, district_id) VALUES ('21184', 'Xã Tịnh Hiệp', '527');
INSERT INTO services_ward (id, name, district_id) VALUES ('21193', 'Xã Tịnh Bình', '527');
INSERT INTO services_ward (id, name, district_id) VALUES ('21196', 'Xã Tịnh Đông', '527');
INSERT INTO services_ward (id, name, district_id) VALUES ('21205', 'Xã Tịnh Bắc', '527');
INSERT INTO services_ward (id, name, district_id) VALUES ('21217', 'Xã Tịnh Sơn', '527');
INSERT INTO services_ward (id, name, district_id) VALUES ('21220', 'Thị trấn Tịnh Hà', '527');
INSERT INTO services_ward (id, name, district_id) VALUES ('21226', 'Xã Tịnh Giang', '527');
INSERT INTO services_ward (id, name, district_id) VALUES ('21229', 'Xã Tịnh Minh', '527');
INSERT INTO services_district (id, name, city_id) VALUES ('528', 'Huyện Tư Nghĩa', '51');
INSERT INTO services_ward (id, name, district_id) VALUES ('21235', 'Thị trấn La Hà', '528');
INSERT INTO services_ward (id, name, district_id) VALUES ('21238', 'Thị trấn Sông Vệ', '528');
INSERT INTO services_ward (id, name, district_id) VALUES ('21241', 'Xã Nghĩa Lâm', '528');
INSERT INTO services_ward (id, name, district_id) VALUES ('21244', 'Xã Nghĩa Thắng', '528');
INSERT INTO services_ward (id, name, district_id) VALUES ('21247', 'Xã Nghĩa Thuận', '528');
INSERT INTO services_ward (id, name, district_id) VALUES ('21250', 'Xã Nghĩa Kỳ', '528');
INSERT INTO services_ward (id, name, district_id) VALUES ('21259', 'Xã Nghĩa Sơn', '528');
INSERT INTO services_ward (id, name, district_id) VALUES ('21268', 'Xã Nghĩa Hòa', '528');
INSERT INTO services_ward (id, name, district_id) VALUES ('21271', 'Xã Nghĩa Điền', '528');
INSERT INTO services_ward (id, name, district_id) VALUES ('21274', 'Xã Nghĩa Thương', '528');
INSERT INTO services_ward (id, name, district_id) VALUES ('21277', 'Xã Nghĩa Trung', '528');
INSERT INTO services_ward (id, name, district_id) VALUES ('21280', 'Xã Nghĩa Hiệp', '528');
INSERT INTO services_ward (id, name, district_id) VALUES ('21283', 'Xã Nghĩa Phương', '528');
INSERT INTO services_district (id, name, city_id) VALUES ('529', 'Huyện Sơn Hà', '51');
INSERT INTO services_ward (id, name, district_id) VALUES ('21328', 'Xã Sơn Ba', '529');
INSERT INTO services_ward (id, name, district_id) VALUES ('21289', 'Thị trấn Di Lăng', '529');
INSERT INTO services_ward (id, name, district_id) VALUES ('21292', 'Xã Sơn Hạ', '529');
INSERT INTO services_ward (id, name, district_id) VALUES ('21295', 'Xã Sơn Thành', '529');
INSERT INTO services_ward (id, name, district_id) VALUES ('21298', 'Xã Sơn Nham', '529');
INSERT INTO services_ward (id, name, district_id) VALUES ('21301', 'Xã Sơn Bao', '529');
INSERT INTO services_ward (id, name, district_id) VALUES ('21304', 'Xã Sơn Linh', '529');
INSERT INTO services_ward (id, name, district_id) VALUES ('21307', 'Xã Sơn Giang', '529');
INSERT INTO services_ward (id, name, district_id) VALUES ('21310', 'Xã Sơn Trung', '529');
INSERT INTO services_ward (id, name, district_id) VALUES ('21313', 'Xã Sơn Thượng', '529');
INSERT INTO services_ward (id, name, district_id) VALUES ('21316', 'Xã Sơn Cao', '529');
INSERT INTO services_ward (id, name, district_id) VALUES ('21319', 'Xã Sơn Hải', '529');
INSERT INTO services_ward (id, name, district_id) VALUES ('21322', 'Xã Sơn Thủy', '529');
INSERT INTO services_ward (id, name, district_id) VALUES ('21325', 'Xã Sơn Kỳ', '529');
INSERT INTO services_district (id, name, city_id) VALUES ('530', 'Huyện Sơn Tây', '51');
INSERT INTO services_ward (id, name, district_id) VALUES ('21331', 'Xã Sơn Bua', '530');
INSERT INTO services_ward (id, name, district_id) VALUES ('21334', 'Xã Sơn Mùa', '530');
INSERT INTO services_ward (id, name, district_id) VALUES ('21335', 'Xã Sơn Liên', '530');
INSERT INTO services_ward (id, name, district_id) VALUES ('21337', 'Xã Sơn Tân', '530');
INSERT INTO services_ward (id, name, district_id) VALUES ('21338', 'Xã Sơn Màu', '530');
INSERT INTO services_ward (id, name, district_id) VALUES ('21340', 'Xã Sơn Dung', '530');
INSERT INTO services_ward (id, name, district_id) VALUES ('21341', 'Xã Sơn Long', '530');
INSERT INTO services_ward (id, name, district_id) VALUES ('21343', 'Xã Sơn Tinh', '530');
INSERT INTO services_ward (id, name, district_id) VALUES ('21346', 'Xã Sơn Lập', '530');
INSERT INTO services_district (id, name, city_id) VALUES ('531', 'Huyện Minh Long', '51');
INSERT INTO services_ward (id, name, district_id) VALUES ('21349', 'Xã Long Sơn', '531');
INSERT INTO services_ward (id, name, district_id) VALUES ('21352', 'Xã Long Mai', '531');
INSERT INTO services_ward (id, name, district_id) VALUES ('21355', 'Xã Thanh An', '531');
INSERT INTO services_ward (id, name, district_id) VALUES ('21358', 'Xã Long Môn', '531');
INSERT INTO services_ward (id, name, district_id) VALUES ('21361', 'Xã Long Hiệp', '531');
INSERT INTO services_district (id, name, city_id) VALUES ('532', 'Huyện Nghĩa Hành', '51');
INSERT INTO services_ward (id, name, district_id) VALUES ('21364', 'Thị trấn Chợ Chùa', '532');
INSERT INTO services_ward (id, name, district_id) VALUES ('21367', 'Xã Hành Thuận', '532');
INSERT INTO services_ward (id, name, district_id) VALUES ('21370', 'Xã Hành Dũng', '532');
INSERT INTO services_ward (id, name, district_id) VALUES ('21373', 'Xã Hành Trung', '532');
INSERT INTO services_ward (id, name, district_id) VALUES ('21376', 'Xã Hành Nhân', '532');
INSERT INTO services_ward (id, name, district_id) VALUES ('21379', 'Xã Hành Đức', '532');
INSERT INTO services_ward (id, name, district_id) VALUES ('21382', 'Xã Hành Minh', '532');
INSERT INTO services_ward (id, name, district_id) VALUES ('21385', 'Xã Hành Phước', '532');
INSERT INTO services_ward (id, name, district_id) VALUES ('21388', 'Xã Hành Thiện', '532');
INSERT INTO services_ward (id, name, district_id) VALUES ('21391', 'Xã Hành Thịnh', '532');
INSERT INTO services_ward (id, name, district_id) VALUES ('21394', 'Xã Hành Tín Tây', '532');
INSERT INTO services_ward (id, name, district_id) VALUES ('21397', 'Xã Hành Tín Đông', '532');
INSERT INTO services_district (id, name, city_id) VALUES ('533', 'Huyện Mộ Đức', '51');
INSERT INTO services_ward (id, name, district_id) VALUES ('21400', 'Thị trấn Mộ Đức', '533');
INSERT INTO services_ward (id, name, district_id) VALUES ('21406', 'Xã Thắng Lợi', '533');
INSERT INTO services_ward (id, name, district_id) VALUES ('21409', 'Xã Đức Nhuận', '533');
INSERT INTO services_ward (id, name, district_id) VALUES ('21412', 'Xã Đức Chánh', '533');
INSERT INTO services_ward (id, name, district_id) VALUES ('21415', 'Xã Đức Hiệp', '533');
INSERT INTO services_ward (id, name, district_id) VALUES ('21418', 'Xã Đức Minh', '533');
INSERT INTO services_ward (id, name, district_id) VALUES ('21421', 'Xã Đức Thạnh', '533');
INSERT INTO services_ward (id, name, district_id) VALUES ('21424', 'Xã Đức Hòa', '533');
INSERT INTO services_ward (id, name, district_id) VALUES ('21427', 'Xã Đức Tân', '533');
INSERT INTO services_ward (id, name, district_id) VALUES ('21430', 'Xã Đức Phú', '533');
INSERT INTO services_ward (id, name, district_id) VALUES ('21433', 'Xã Đức Phong', '533');
INSERT INTO services_ward (id, name, district_id) VALUES ('21436', 'Xã Đức Lân', '533');
INSERT INTO services_district (id, name, city_id) VALUES ('534', 'Thị xã Đức Phổ', '51');
INSERT INTO services_ward (id, name, district_id) VALUES ('21439', 'Phường Nguyễn Nghiêm', '534');
INSERT INTO services_ward (id, name, district_id) VALUES ('21442', 'Xã Phổ An', '534');
INSERT INTO services_ward (id, name, district_id) VALUES ('21445', 'Xã Phổ Phong', '534');
INSERT INTO services_ward (id, name, district_id) VALUES ('21448', 'Xã Phổ Thuận', '534');
INSERT INTO services_ward (id, name, district_id) VALUES ('21451', 'Phường Phổ Văn', '534');
INSERT INTO services_ward (id, name, district_id) VALUES ('21454', 'Phường Phổ Quang', '534');
INSERT INTO services_ward (id, name, district_id) VALUES ('21457', 'Xã Phổ Nhơn', '534');
INSERT INTO services_ward (id, name, district_id) VALUES ('21460', 'Phường Phổ Ninh', '534');
INSERT INTO services_ward (id, name, district_id) VALUES ('21463', 'Phường Phổ Minh', '534');
INSERT INTO services_ward (id, name, district_id) VALUES ('21466', 'Phường Phổ Vinh', '534');
INSERT INTO services_ward (id, name, district_id) VALUES ('21469', 'Phường Phổ Hòa', '534');
INSERT INTO services_ward (id, name, district_id) VALUES ('21472', 'Xã Phổ Cường', '534');
INSERT INTO services_ward (id, name, district_id) VALUES ('21475', 'Xã Phổ Khánh', '534');
INSERT INTO services_ward (id, name, district_id) VALUES ('21478', 'Phường Phổ Thạnh', '534');
INSERT INTO services_ward (id, name, district_id) VALUES ('21481', 'Xã Phổ Châu', '534');
INSERT INTO services_district (id, name, city_id) VALUES ('535', 'Huyện Ba Tơ', '51');
INSERT INTO services_ward (id, name, district_id) VALUES ('21484', 'Thị trấn Ba Tơ', '535');
INSERT INTO services_ward (id, name, district_id) VALUES ('21487', 'Xã Ba Điền', '535');
INSERT INTO services_ward (id, name, district_id) VALUES ('21490', 'Xã Ba Vinh', '535');
INSERT INTO services_ward (id, name, district_id) VALUES ('21493', 'Xã Ba Thành', '535');
INSERT INTO services_ward (id, name, district_id) VALUES ('21496', 'Xã Ba Động', '535');
INSERT INTO services_ward (id, name, district_id) VALUES ('21499', 'Xã Ba Dinh', '535');
INSERT INTO services_ward (id, name, district_id) VALUES ('21500', 'Xã Ba Giang', '535');
INSERT INTO services_ward (id, name, district_id) VALUES ('21502', 'Xã Ba Liên', '535');
INSERT INTO services_ward (id, name, district_id) VALUES ('21505', 'Xã Ba Ngạc', '535');
INSERT INTO services_ward (id, name, district_id) VALUES ('21508', 'Xã Ba Khâm', '535');
INSERT INTO services_ward (id, name, district_id) VALUES ('21511', 'Xã Ba Cung', '535');
INSERT INTO services_ward (id, name, district_id) VALUES ('21517', 'Xã Ba Tiêu', '535');
INSERT INTO services_ward (id, name, district_id) VALUES ('21520', 'Xã Ba Trang', '535');
INSERT INTO services_ward (id, name, district_id) VALUES ('21523', 'Xã Ba Tô', '535');
INSERT INTO services_ward (id, name, district_id) VALUES ('21526', 'Xã Ba Bích', '535');
INSERT INTO services_ward (id, name, district_id) VALUES ('21529', 'Xã Ba Vì', '535');
INSERT INTO services_ward (id, name, district_id) VALUES ('21532', 'Xã Ba Lế', '535');
INSERT INTO services_ward (id, name, district_id) VALUES ('21535', 'Xã Ba Nam', '535');
INSERT INTO services_ward (id, name, district_id) VALUES ('21538', 'Xã Ba Xa', '535');
INSERT INTO services_district (id, name, city_id) VALUES ('536', 'Huyện Lý Sơn', '51');
INSERT INTO services_city (id, name) VALUES ('52', 'Tỉnh Bình Định');
INSERT INTO services_district (id, name, city_id) VALUES ('540', 'Thành phố Quy Nhơn', '52');
INSERT INTO services_ward (id, name, district_id) VALUES ('21550', 'Phường Nhơn Bình', '540');
INSERT INTO services_ward (id, name, district_id) VALUES ('21553', 'Phường Nhơn Phú', '540');
INSERT INTO services_ward (id, name, district_id) VALUES ('21556', 'Phường Đống Đa', '540');
INSERT INTO services_ward (id, name, district_id) VALUES ('21559', 'Phường Trần Quang Diệu', '540');
INSERT INTO services_ward (id, name, district_id) VALUES ('21562', 'Phường Hải Cảng', '540');
INSERT INTO services_ward (id, name, district_id) VALUES ('21565', 'Phường Quang Trung', '540');
INSERT INTO services_ward (id, name, district_id) VALUES ('21577', 'Phường Ngô Mây', '540');
INSERT INTO services_ward (id, name, district_id) VALUES ('21580', 'Phường Trần Phú', '540');
INSERT INTO services_ward (id, name, district_id) VALUES ('21583', 'Phường Thị Nại', '540');
INSERT INTO services_ward (id, name, district_id) VALUES ('21589', 'Phường Bùi Thị Xuân', '540');
INSERT INTO services_ward (id, name, district_id) VALUES ('21592', 'Phường Nguyễn Văn Cừ', '540');
INSERT INTO services_ward (id, name, district_id) VALUES ('21595', 'Phường Ghềnh Ráng', '540');
INSERT INTO services_ward (id, name, district_id) VALUES ('21598', 'Xã Nhơn Lý', '540');
INSERT INTO services_ward (id, name, district_id) VALUES ('21601', 'Xã Nhơn Hội', '540');
INSERT INTO services_ward (id, name, district_id) VALUES ('21604', 'Xã Nhơn Hải', '540');
INSERT INTO services_ward (id, name, district_id) VALUES ('21607', 'Xã Nhơn Châu', '540');
INSERT INTO services_ward (id, name, district_id) VALUES ('21991', 'Xã Phước Mỹ', '540');
INSERT INTO services_district (id, name, city_id) VALUES ('542', 'Huyện An Lão', '52');
INSERT INTO services_ward (id, name, district_id) VALUES ('21609', 'Thị trấn An Lão', '542');
INSERT INTO services_ward (id, name, district_id) VALUES ('21610', 'Xã An Hưng', '542');
INSERT INTO services_ward (id, name, district_id) VALUES ('21613', 'Xã An Trung', '542');
INSERT INTO services_ward (id, name, district_id) VALUES ('21616', 'Xã An Dũng', '542');
INSERT INTO services_ward (id, name, district_id) VALUES ('21619', 'Xã An Vinh', '542');
INSERT INTO services_ward (id, name, district_id) VALUES ('21622', 'Xã An Toàn', '542');
INSERT INTO services_ward (id, name, district_id) VALUES ('21625', 'Xã An Tân', '542');
INSERT INTO services_ward (id, name, district_id) VALUES ('21628', 'Xã An Hòa', '542');
INSERT INTO services_ward (id, name, district_id) VALUES ('21631', 'Xã An Quang', '542');
INSERT INTO services_ward (id, name, district_id) VALUES ('21634', 'Xã An Nghĩa', '542');
INSERT INTO services_district (id, name, city_id) VALUES ('543', 'Thị xã Hoài Nhơn', '52');
INSERT INTO services_ward (id, name, district_id) VALUES ('21637', 'Phường Tam Quan', '543');
INSERT INTO services_ward (id, name, district_id) VALUES ('21640', 'Phường Bồng Sơn', '543');
INSERT INTO services_ward (id, name, district_id) VALUES ('21643', 'Xã Hoài Sơn', '543');
INSERT INTO services_ward (id, name, district_id) VALUES ('21646', 'Xã Hoài Châu Bắc', '543');
INSERT INTO services_ward (id, name, district_id) VALUES ('21649', 'Xã Hoài Châu', '543');
INSERT INTO services_ward (id, name, district_id) VALUES ('21652', 'Xã Hoài Phú', '543');
INSERT INTO services_ward (id, name, district_id) VALUES ('21655', 'Phường Tam Quan Bắc', '543');
INSERT INTO services_ward (id, name, district_id) VALUES ('21658', 'Phường Tam Quan Nam', '543');
INSERT INTO services_ward (id, name, district_id) VALUES ('21661', 'Phường Hoài Hảo', '543');
INSERT INTO services_ward (id, name, district_id) VALUES ('21664', 'Phường Hoài Thanh Tây', '543');
INSERT INTO services_ward (id, name, district_id) VALUES ('21667', 'Phường Hoài Thanh', '543');
INSERT INTO services_ward (id, name, district_id) VALUES ('21670', 'Phường Hoài Hương', '543');
INSERT INTO services_ward (id, name, district_id) VALUES ('21673', 'Phường Hoài Tân', '543');
INSERT INTO services_ward (id, name, district_id) VALUES ('21676', 'Xã Hoài Hải', '543');
INSERT INTO services_ward (id, name, district_id) VALUES ('21679', 'Phường Hoài Xuân', '543');
INSERT INTO services_ward (id, name, district_id) VALUES ('21682', 'Xã Hoài Mỹ', '543');
INSERT INTO services_ward (id, name, district_id) VALUES ('21685', 'Phường Hoài Đức', '543');
INSERT INTO services_district (id, name, city_id) VALUES ('544', 'Huyện Hoài Ân', '52');
INSERT INTO services_ward (id, name, district_id) VALUES ('21688', 'Thị trấn Tăng Bạt Hổ', '544');
INSERT INTO services_ward (id, name, district_id) VALUES ('21690', 'Xã Ân Hảo Tây', '544');
INSERT INTO services_ward (id, name, district_id) VALUES ('21691', 'Xã Ân Hảo Đông', '544');
INSERT INTO services_ward (id, name, district_id) VALUES ('21694', 'Xã Ân Sơn', '544');
INSERT INTO services_ward (id, name, district_id) VALUES ('21697', 'Xã Ân Mỹ', '544');
INSERT INTO services_ward (id, name, district_id) VALUES ('21700', 'Xã Đak Mang', '544');
INSERT INTO services_ward (id, name, district_id) VALUES ('21703', 'Xã Ân Tín', '544');
INSERT INTO services_ward (id, name, district_id) VALUES ('21706', 'Xã Ân Thạnh', '544');
INSERT INTO services_ward (id, name, district_id) VALUES ('21709', 'Xã Ân Phong', '544');
INSERT INTO services_ward (id, name, district_id) VALUES ('21712', 'Xã Ân Đức', '544');
INSERT INTO services_ward (id, name, district_id) VALUES ('21715', 'Xã Ân Hữu', '544');
INSERT INTO services_ward (id, name, district_id) VALUES ('21718', 'Xã Bok Tới', '544');
INSERT INTO services_ward (id, name, district_id) VALUES ('21721', 'Xã Ân Tường Tây', '544');
INSERT INTO services_ward (id, name, district_id) VALUES ('21724', 'Xã Ân Tường Đông', '544');
INSERT INTO services_ward (id, name, district_id) VALUES ('21727', 'Xã Ân Nghĩa', '544');
INSERT INTO services_district (id, name, city_id) VALUES ('545', 'Huyện Phù Mỹ', '52');
INSERT INTO services_ward (id, name, district_id) VALUES ('21730', 'Thị trấn Phù Mỹ', '545');
INSERT INTO services_ward (id, name, district_id) VALUES ('21733', 'Thị trấn Bình Dương', '545');
INSERT INTO services_ward (id, name, district_id) VALUES ('21736', 'Xã Mỹ Đức', '545');
INSERT INTO services_ward (id, name, district_id) VALUES ('21739', 'Xã Mỹ Châu', '545');
INSERT INTO services_ward (id, name, district_id) VALUES ('21742', 'Xã Mỹ Thắng', '545');
INSERT INTO services_ward (id, name, district_id) VALUES ('21745', 'Xã Mỹ Lộc', '545');
INSERT INTO services_ward (id, name, district_id) VALUES ('21748', 'Xã Mỹ Lợi', '545');
INSERT INTO services_ward (id, name, district_id) VALUES ('21751', 'Xã Mỹ An', '545');
INSERT INTO services_ward (id, name, district_id) VALUES ('21754', 'Xã Mỹ Phong', '545');
INSERT INTO services_ward (id, name, district_id) VALUES ('21757', 'Xã Mỹ Trinh', '545');
INSERT INTO services_ward (id, name, district_id) VALUES ('21760', 'Xã Mỹ Thọ', '545');
INSERT INTO services_ward (id, name, district_id) VALUES ('21763', 'Xã Mỹ Hòa', '545');
INSERT INTO services_ward (id, name, district_id) VALUES ('21766', 'Xã Mỹ Thành', '545');
INSERT INTO services_ward (id, name, district_id) VALUES ('21769', 'Xã Mỹ Chánh', '545');
INSERT INTO services_ward (id, name, district_id) VALUES ('21772', 'Xã Mỹ Quang', '545');
INSERT INTO services_ward (id, name, district_id) VALUES ('21775', 'Xã Mỹ Hiệp', '545');
INSERT INTO services_ward (id, name, district_id) VALUES ('21778', 'Xã Mỹ Tài', '545');
INSERT INTO services_ward (id, name, district_id) VALUES ('21781', 'Xã Mỹ Cát', '545');
INSERT INTO services_ward (id, name, district_id) VALUES ('21784', 'Xã Mỹ Chánh Tây', '545');
INSERT INTO services_district (id, name, city_id) VALUES ('546', 'Huyện Vĩnh Thạnh', '52');
INSERT INTO services_ward (id, name, district_id) VALUES ('21786', 'Thị trấn Vĩnh Thạnh', '546');
INSERT INTO services_ward (id, name, district_id) VALUES ('21787', 'Xã Vĩnh Sơn', '546');
INSERT INTO services_ward (id, name, district_id) VALUES ('21790', 'Xã Vĩnh Kim', '546');
INSERT INTO services_ward (id, name, district_id) VALUES ('21796', 'Xã Vĩnh Hiệp', '546');
INSERT INTO services_ward (id, name, district_id) VALUES ('21799', 'Xã Vĩnh Hảo', '546');
INSERT INTO services_ward (id, name, district_id) VALUES ('21801', 'Xã Vĩnh Hòa', '546');
INSERT INTO services_ward (id, name, district_id) VALUES ('21802', 'Xã Vĩnh Thịnh', '546');
INSERT INTO services_ward (id, name, district_id) VALUES ('21804', 'Xã Vĩnh Thuận', '546');
INSERT INTO services_ward (id, name, district_id) VALUES ('21805', 'Xã Vĩnh Quang', '546');
INSERT INTO services_district (id, name, city_id) VALUES ('547', 'Huyện Tây Sơn', '52');
INSERT INTO services_ward (id, name, district_id) VALUES ('21808', 'Thị trấn Phú Phong', '547');
INSERT INTO services_ward (id, name, district_id) VALUES ('21811', 'Xã Bình Tân', '547');
INSERT INTO services_ward (id, name, district_id) VALUES ('21814', 'Xã Tây Thuận', '547');
INSERT INTO services_ward (id, name, district_id) VALUES ('21817', 'Xã Bình Thuận', '547');
INSERT INTO services_ward (id, name, district_id) VALUES ('21820', 'Xã Tây Giang', '547');
INSERT INTO services_ward (id, name, district_id) VALUES ('21823', 'Xã Bình Thành', '547');
INSERT INTO services_ward (id, name, district_id) VALUES ('21826', 'Xã Tây An', '547');
INSERT INTO services_ward (id, name, district_id) VALUES ('21829', 'Xã Bình Hòa', '547');
INSERT INTO services_ward (id, name, district_id) VALUES ('21832', 'Xã Tây Bình', '547');
INSERT INTO services_ward (id, name, district_id) VALUES ('21835', 'Xã Bình Tường', '547');
INSERT INTO services_ward (id, name, district_id) VALUES ('21838', 'Xã Tây Vinh', '547');
INSERT INTO services_ward (id, name, district_id) VALUES ('21841', 'Xã Vĩnh An', '547');
INSERT INTO services_ward (id, name, district_id) VALUES ('21844', 'Xã Tây Xuân', '547');
INSERT INTO services_ward (id, name, district_id) VALUES ('21847', 'Xã Bình Nghi', '547');
INSERT INTO services_ward (id, name, district_id) VALUES ('21850', 'Xã Tây Phú', '547');
INSERT INTO services_district (id, name, city_id) VALUES ('548', 'Huyện Phù Cát', '52');
INSERT INTO services_ward (id, name, district_id) VALUES ('21853', 'Thị trấn Ngô Mây', '548');
INSERT INTO services_ward (id, name, district_id) VALUES ('21856', 'Xã Cát Sơn', '548');
INSERT INTO services_ward (id, name, district_id) VALUES ('21859', 'Xã Cát Minh', '548');
INSERT INTO services_ward (id, name, district_id) VALUES ('21862', 'Thị trấn Cát Khánh', '548');
INSERT INTO services_ward (id, name, district_id) VALUES ('21865', 'Xã Cát Tài', '548');
INSERT INTO services_ward (id, name, district_id) VALUES ('21868', 'Xã Cát Lâm', '548');
INSERT INTO services_ward (id, name, district_id) VALUES ('21871', 'Xã Cát Hanh', '548');
INSERT INTO services_ward (id, name, district_id) VALUES ('21874', 'Xã Cát Thành', '548');
INSERT INTO services_ward (id, name, district_id) VALUES ('21877', 'Xã Cát Trinh', '548');
INSERT INTO services_ward (id, name, district_id) VALUES ('21880', 'Xã Cát Hải', '548');
INSERT INTO services_ward (id, name, district_id) VALUES ('21883', 'Xã Cát Hiệp', '548');
INSERT INTO services_ward (id, name, district_id) VALUES ('21886', 'Xã Cát Nhơn', '548');
INSERT INTO services_ward (id, name, district_id) VALUES ('21889', 'Xã Cát Hưng', '548');
INSERT INTO services_ward (id, name, district_id) VALUES ('21892', 'Xã Cát Tường', '548');
INSERT INTO services_ward (id, name, district_id) VALUES ('21895', 'Xã Cát Tân', '548');
INSERT INTO services_ward (id, name, district_id) VALUES ('21898', 'Thị trấn Cát Tiến', '548');
INSERT INTO services_ward (id, name, district_id) VALUES ('21901', 'Xã Cát Thắng', '548');
INSERT INTO services_ward (id, name, district_id) VALUES ('21904', 'Xã Cát Chánh', '548');
INSERT INTO services_district (id, name, city_id) VALUES ('549', 'Thị xã An Nhơn', '52');
INSERT INTO services_ward (id, name, district_id) VALUES ('21907', 'Phường Bình Định', '549');
INSERT INTO services_ward (id, name, district_id) VALUES ('21910', 'Phường Đập Đá', '549');
INSERT INTO services_ward (id, name, district_id) VALUES ('21913', 'Xã Nhơn Mỹ', '549');
INSERT INTO services_ward (id, name, district_id) VALUES ('21916', 'Phường Nhơn Thành', '549');
INSERT INTO services_ward (id, name, district_id) VALUES ('21919', 'Xã Nhơn Hạnh', '549');
INSERT INTO services_ward (id, name, district_id) VALUES ('21922', 'Xã Nhơn Hậu', '549');
INSERT INTO services_ward (id, name, district_id) VALUES ('21925', 'Xã Nhơn Phong', '549');
INSERT INTO services_ward (id, name, district_id) VALUES ('21928', 'Xã Nhơn An', '549');
INSERT INTO services_ward (id, name, district_id) VALUES ('21931', 'Xã Nhơn Phúc', '549');
INSERT INTO services_ward (id, name, district_id) VALUES ('21934', 'Phường Nhơn Hưng', '549');
INSERT INTO services_ward (id, name, district_id) VALUES ('21937', 'Xã Nhơn Khánh', '549');
INSERT INTO services_ward (id, name, district_id) VALUES ('21940', 'Xã Nhơn Lộc', '549');
INSERT INTO services_ward (id, name, district_id) VALUES ('21943', 'Phường Nhơn Hoà', '549');
INSERT INTO services_ward (id, name, district_id) VALUES ('21946', 'Xã Nhơn Tân', '549');
INSERT INTO services_ward (id, name, district_id) VALUES ('21949', 'Xã Nhơn Thọ', '549');
INSERT INTO services_district (id, name, city_id) VALUES ('550', 'Huyện Tuy Phước', '52');
INSERT INTO services_ward (id, name, district_id) VALUES ('21952', 'Thị trấn Tuy Phước', '550');
INSERT INTO services_ward (id, name, district_id) VALUES ('21955', 'Thị trấn Diêu Trì', '550');
INSERT INTO services_ward (id, name, district_id) VALUES ('21958', 'Xã Phước Thắng', '550');
INSERT INTO services_ward (id, name, district_id) VALUES ('21961', 'Xã Phước Hưng', '550');
INSERT INTO services_ward (id, name, district_id) VALUES ('21964', 'Xã Phước Quang', '550');
INSERT INTO services_ward (id, name, district_id) VALUES ('21967', 'Xã Phước Hòa', '550');
INSERT INTO services_ward (id, name, district_id) VALUES ('21970', 'Xã Phước Sơn', '550');
INSERT INTO services_ward (id, name, district_id) VALUES ('21973', 'Xã Phước Hiệp', '550');
INSERT INTO services_ward (id, name, district_id) VALUES ('21976', 'Xã Phước Lộc', '550');
INSERT INTO services_ward (id, name, district_id) VALUES ('21979', 'Xã Phước Nghĩa', '550');
INSERT INTO services_ward (id, name, district_id) VALUES ('21982', 'Xã Phước Thuận', '550');
INSERT INTO services_ward (id, name, district_id) VALUES ('21985', 'Xã Phước An', '550');
INSERT INTO services_ward (id, name, district_id) VALUES ('21988', 'Xã Phước Thành', '550');
INSERT INTO services_district (id, name, city_id) VALUES ('551', 'Huyện Vân Canh', '52');
INSERT INTO services_ward (id, name, district_id) VALUES ('21994', 'Thị trấn Vân Canh', '551');
INSERT INTO services_ward (id, name, district_id) VALUES ('21997', 'Xã Canh Liên', '551');
INSERT INTO services_ward (id, name, district_id) VALUES ('22000', 'Xã Canh Hiệp', '551');
INSERT INTO services_ward (id, name, district_id) VALUES ('22003', 'Xã Canh Vinh', '551');
INSERT INTO services_ward (id, name, district_id) VALUES ('22006', 'Xã Canh Hiển', '551');
INSERT INTO services_ward (id, name, district_id) VALUES ('22009', 'Xã Canh Thuận', '551');
INSERT INTO services_ward (id, name, district_id) VALUES ('22012', 'Xã Canh Hòa', '551');
INSERT INTO services_city (id, name) VALUES ('54', 'Tỉnh Phú Yên');
INSERT INTO services_district (id, name, city_id) VALUES ('555', 'Thành phố Tuy Hoà', '54');
INSERT INTO services_ward (id, name, district_id) VALUES ('22015', 'Phường 1', '555');
INSERT INTO services_ward (id, name, district_id) VALUES ('22018', 'Phường 2', '555');
INSERT INTO services_ward (id, name, district_id) VALUES ('22024', 'Phường 9', '555');
INSERT INTO services_ward (id, name, district_id) VALUES ('22030', 'Phường 4', '555');
INSERT INTO services_ward (id, name, district_id) VALUES ('22033', 'Phường 5', '555');
INSERT INTO services_ward (id, name, district_id) VALUES ('22036', 'Phường 7', '555');
INSERT INTO services_ward (id, name, district_id) VALUES ('22040', 'Phường Phú Thạnh', '555');
INSERT INTO services_ward (id, name, district_id) VALUES ('22041', 'Phường Phú Đông', '555');
INSERT INTO services_ward (id, name, district_id) VALUES ('22042', 'Xã Hòa Kiến', '555');
INSERT INTO services_ward (id, name, district_id) VALUES ('22045', 'Xã Bình Kiến', '555');
INSERT INTO services_ward (id, name, district_id) VALUES ('22162', 'Xã An Phú', '555');
INSERT INTO services_ward (id, name, district_id) VALUES ('22240', 'Phường Phú Lâm', '555');
INSERT INTO services_district (id, name, city_id) VALUES ('557', 'Thị xã Sông Cầu', '54');
INSERT INTO services_ward (id, name, district_id) VALUES ('22051', 'Phường Xuân Phú', '557');
INSERT INTO services_ward (id, name, district_id) VALUES ('22052', 'Xã Xuân Lâm', '557');
INSERT INTO services_ward (id, name, district_id) VALUES ('22053', 'Phường Xuân Thành', '557');
INSERT INTO services_ward (id, name, district_id) VALUES ('22054', 'Xã Xuân Hải', '557');
INSERT INTO services_ward (id, name, district_id) VALUES ('22057', 'Xã Xuân Lộc', '557');
INSERT INTO services_ward (id, name, district_id) VALUES ('22060', 'Xã Xuân Bình', '557');
INSERT INTO services_ward (id, name, district_id) VALUES ('22066', 'Xã Xuân Cảnh', '557');
INSERT INTO services_ward (id, name, district_id) VALUES ('22069', 'Xã Xuân Thịnh', '557');
INSERT INTO services_ward (id, name, district_id) VALUES ('22072', 'Xã Xuân Phương', '557');
INSERT INTO services_ward (id, name, district_id) VALUES ('22073', 'Phường Xuân Yên', '557');
INSERT INTO services_ward (id, name, district_id) VALUES ('22075', 'Xã Xuân Thọ 1', '557');
INSERT INTO services_ward (id, name, district_id) VALUES ('22076', 'Phường Xuân Đài', '557');
INSERT INTO services_ward (id, name, district_id) VALUES ('22078', 'Xã Xuân Thọ 2', '557');
INSERT INTO services_district (id, name, city_id) VALUES ('558', 'Huyện Đồng Xuân', '54');
INSERT INTO services_ward (id, name, district_id) VALUES ('22081', 'Thị trấn La Hai', '558');
INSERT INTO services_ward (id, name, district_id) VALUES ('22084', 'Xã Đa Lộc', '558');
INSERT INTO services_ward (id, name, district_id) VALUES ('22087', 'Xã Phú Mỡ', '558');
INSERT INTO services_ward (id, name, district_id) VALUES ('22090', 'Xã Xuân Lãnh', '558');
INSERT INTO services_ward (id, name, district_id) VALUES ('22093', 'Xã Xuân Long', '558');
INSERT INTO services_ward (id, name, district_id) VALUES ('22096', 'Xã Xuân Quang 1', '558');
INSERT INTO services_ward (id, name, district_id) VALUES ('22099', 'Xã Xuân Sơn Bắc', '558');
INSERT INTO services_ward (id, name, district_id) VALUES ('22102', 'Xã Xuân Quang 2', '558');
INSERT INTO services_ward (id, name, district_id) VALUES ('22105', 'Xã Xuân Sơn Nam', '558');
INSERT INTO services_ward (id, name, district_id) VALUES ('22108', 'Xã Xuân Quang 3', '558');
INSERT INTO services_ward (id, name, district_id) VALUES ('22111', 'Xã Xuân Phước', '558');
INSERT INTO services_district (id, name, city_id) VALUES ('559', 'Huyện Tuy An', '54');
INSERT INTO services_ward (id, name, district_id) VALUES ('22114', 'Thị trấn Chí Thạnh', '559');
INSERT INTO services_ward (id, name, district_id) VALUES ('22117', 'Xã An Dân', '559');
INSERT INTO services_ward (id, name, district_id) VALUES ('22120', 'Xã An Ninh Tây', '559');
INSERT INTO services_ward (id, name, district_id) VALUES ('22123', 'Xã An Ninh Đông', '559');
INSERT INTO services_ward (id, name, district_id) VALUES ('22126', 'Xã An Thạch', '559');
INSERT INTO services_ward (id, name, district_id) VALUES ('22129', 'Xã An Định', '559');
INSERT INTO services_ward (id, name, district_id) VALUES ('22132', 'Xã An Nghiệp', '559');
INSERT INTO services_ward (id, name, district_id) VALUES ('22138', 'Xã An Cư', '559');
INSERT INTO services_ward (id, name, district_id) VALUES ('22141', 'Xã An Xuân', '559');
INSERT INTO services_ward (id, name, district_id) VALUES ('22144', 'Xã An Lĩnh', '559');
INSERT INTO services_ward (id, name, district_id) VALUES ('22147', 'Xã An Hòa Hải', '559');
INSERT INTO services_ward (id, name, district_id) VALUES ('22150', 'Xã An Hiệp', '559');
INSERT INTO services_ward (id, name, district_id) VALUES ('22153', 'Xã An Mỹ', '559');
INSERT INTO services_ward (id, name, district_id) VALUES ('22156', 'Xã An Chấn', '559');
INSERT INTO services_ward (id, name, district_id) VALUES ('22159', 'Xã An Thọ', '559');
INSERT INTO services_district (id, name, city_id) VALUES ('560', 'Huyện Sơn Hòa', '54');
INSERT INTO services_ward (id, name, district_id) VALUES ('22165', 'Thị trấn Củng Sơn', '560');
INSERT INTO services_ward (id, name, district_id) VALUES ('22168', 'Xã Phước Tân', '560');
INSERT INTO services_ward (id, name, district_id) VALUES ('22171', 'Xã Sơn Hội', '560');
INSERT INTO services_ward (id, name, district_id) VALUES ('22174', 'Xã Sơn Định', '560');
INSERT INTO services_ward (id, name, district_id) VALUES ('22177', 'Xã Sơn Long', '560');
INSERT INTO services_ward (id, name, district_id) VALUES ('22180', 'Xã Cà Lúi', '560');
INSERT INTO services_ward (id, name, district_id) VALUES ('22183', 'Xã Sơn Phước', '560');
INSERT INTO services_ward (id, name, district_id) VALUES ('22186', 'Xã Sơn Xuân', '560');
INSERT INTO services_ward (id, name, district_id) VALUES ('22189', 'Xã Sơn Nguyên', '560');
INSERT INTO services_ward (id, name, district_id) VALUES ('22192', 'Xã Eachà Rang', '560');
INSERT INTO services_ward (id, name, district_id) VALUES ('22195', 'Xã Krông Pa', '560');
INSERT INTO services_ward (id, name, district_id) VALUES ('22198', 'Xã Suối Bạc', '560');
INSERT INTO services_ward (id, name, district_id) VALUES ('22201', 'Xã Sơn Hà', '560');
INSERT INTO services_ward (id, name, district_id) VALUES ('22204', 'Xã Suối Trai', '560');
INSERT INTO services_district (id, name, city_id) VALUES ('561', 'Huyện Sông Hinh', '54');
INSERT INTO services_ward (id, name, district_id) VALUES ('22207', 'Thị trấn Hai Riêng', '561');
INSERT INTO services_ward (id, name, district_id) VALUES ('22210', 'Xã Ea Lâm', '561');
INSERT INTO services_ward (id, name, district_id) VALUES ('22213', 'Xã Đức Bình Tây', '561');
INSERT INTO services_ward (id, name, district_id) VALUES ('22216', 'Xã Ea Bá', '561');
INSERT INTO services_ward (id, name, district_id) VALUES ('22219', 'Xã Sơn Giang', '561');
INSERT INTO services_ward (id, name, district_id) VALUES ('22222', 'Xã Đức Bình Đông', '561');
INSERT INTO services_ward (id, name, district_id) VALUES ('22225', 'Xã EaBar', '561');
INSERT INTO services_ward (id, name, district_id) VALUES ('22228', 'Xã EaBia', '561');
INSERT INTO services_ward (id, name, district_id) VALUES ('22231', 'Xã EaTrol', '561');
INSERT INTO services_ward (id, name, district_id) VALUES ('22234', 'Xã Sông Hinh', '561');
INSERT INTO services_ward (id, name, district_id) VALUES ('22237', 'Xã Ealy', '561');
INSERT INTO services_district (id, name, city_id) VALUES ('562', 'Huyện Tây Hoà', '54');
INSERT INTO services_ward (id, name, district_id) VALUES ('22249', 'Xã Sơn Thành Tây', '562');
INSERT INTO services_ward (id, name, district_id) VALUES ('22250', 'Xã Sơn Thành Đông', '562');
INSERT INTO services_ward (id, name, district_id) VALUES ('22252', 'Xã Hòa Bình 1', '562');
INSERT INTO services_ward (id, name, district_id) VALUES ('22255', 'Thị trấn Phú Thứ', '562');
INSERT INTO services_ward (id, name, district_id) VALUES ('22264', 'Xã Hòa Phong', '562');
INSERT INTO services_ward (id, name, district_id) VALUES ('22270', 'Xã Hòa Phú', '562');
INSERT INTO services_ward (id, name, district_id) VALUES ('22273', 'Xã Hòa Tân Tây', '562');
INSERT INTO services_ward (id, name, district_id) VALUES ('22276', 'Xã Hòa Đồng', '562');
INSERT INTO services_ward (id, name, district_id) VALUES ('22285', 'Xã Hòa Mỹ Đông', '562');
INSERT INTO services_ward (id, name, district_id) VALUES ('22288', 'Xã Hòa Mỹ Tây', '562');
INSERT INTO services_ward (id, name, district_id) VALUES ('22294', 'Xã Hòa Thịnh', '562');
INSERT INTO services_district (id, name, city_id) VALUES ('563', 'Huyện Phú Hoà', '54');
INSERT INTO services_ward (id, name, district_id) VALUES ('22303', 'Xã Hòa Quang Bắc', '563');
INSERT INTO services_ward (id, name, district_id) VALUES ('22306', 'Xã Hòa Quang Nam', '563');
INSERT INTO services_ward (id, name, district_id) VALUES ('22309', 'Xã Hòa Hội', '563');
INSERT INTO services_ward (id, name, district_id) VALUES ('22312', 'Xã Hòa Trị', '563');
INSERT INTO services_ward (id, name, district_id) VALUES ('22315', 'Xã Hòa An', '563');
INSERT INTO services_ward (id, name, district_id) VALUES ('22318', 'Xã Hòa Định Đông', '563');
INSERT INTO services_ward (id, name, district_id) VALUES ('22319', 'Thị trấn Phú Hoà', '563');
INSERT INTO services_ward (id, name, district_id) VALUES ('22321', 'Xã Hòa Định Tây', '563');
INSERT INTO services_ward (id, name, district_id) VALUES ('22324', 'Xã Hòa Thắng', '563');
INSERT INTO services_district (id, name, city_id) VALUES ('564', 'Thị xã Đông Hòa', '54');
INSERT INTO services_ward (id, name, district_id) VALUES ('22243', 'Xã Hòa Thành', '564');
INSERT INTO services_ward (id, name, district_id) VALUES ('22246', 'Phường Hòa Hiệp Bắc', '564');
INSERT INTO services_ward (id, name, district_id) VALUES ('22258', 'Phường Hoà Vinh', '564');
INSERT INTO services_ward (id, name, district_id) VALUES ('22261', 'Phường Hoà Hiệp Trung', '564');
INSERT INTO services_ward (id, name, district_id) VALUES ('22267', 'Xã Hòa Tân Đông', '564');
INSERT INTO services_ward (id, name, district_id) VALUES ('22279', 'Phường Hòa Xuân Tây', '564');
INSERT INTO services_ward (id, name, district_id) VALUES ('22282', 'Phường Hòa Hiệp Nam', '564');
INSERT INTO services_ward (id, name, district_id) VALUES ('22291', 'Xã Hòa Xuân Đông', '564');
INSERT INTO services_ward (id, name, district_id) VALUES ('22297', 'Xã Hòa Tâm', '564');
INSERT INTO services_ward (id, name, district_id) VALUES ('22300', 'Xã Hòa Xuân Nam', '564');
INSERT INTO services_city (id, name) VALUES ('56', 'Tỉnh Khánh Hòa');
INSERT INTO services_district (id, name, city_id) VALUES ('568', 'Thành phố Nha Trang', '56');
INSERT INTO services_ward (id, name, district_id) VALUES ('22327', 'Phường Vĩnh Hòa', '568');
INSERT INTO services_ward (id, name, district_id) VALUES ('22330', 'Phường Vĩnh Hải', '568');
INSERT INTO services_ward (id, name, district_id) VALUES ('22333', 'Phường Vĩnh Phước', '568');
INSERT INTO services_ward (id, name, district_id) VALUES ('22336', 'Phường Ngọc Hiệp', '568');
INSERT INTO services_ward (id, name, district_id) VALUES ('22339', 'Phường Vĩnh Thọ', '568');
INSERT INTO services_ward (id, name, district_id) VALUES ('22348', 'Phường Vạn Thạnh', '568');
INSERT INTO services_ward (id, name, district_id) VALUES ('22351', 'Phường Phương Sài', '568');
INSERT INTO services_ward (id, name, district_id) VALUES ('22357', 'Phường Phước Hải', '568');
INSERT INTO services_ward (id, name, district_id) VALUES ('22363', 'Phường Lộc Thọ', '568');
INSERT INTO services_ward (id, name, district_id) VALUES ('22366', 'Phường Tân Tiến', '568');
INSERT INTO services_ward (id, name, district_id) VALUES ('22372', 'Phường Phước Hòa', '568');
INSERT INTO services_ward (id, name, district_id) VALUES ('22375', 'Phường Vĩnh Nguyên', '568');
INSERT INTO services_ward (id, name, district_id) VALUES ('22378', 'Phường Phước Long', '568');
INSERT INTO services_ward (id, name, district_id) VALUES ('22381', 'Phường Vĩnh Trường', '568');
INSERT INTO services_ward (id, name, district_id) VALUES ('22384', 'Xã Vĩnh Lương', '568');
INSERT INTO services_ward (id, name, district_id) VALUES ('22387', 'Xã Vĩnh Phương', '568');
INSERT INTO services_ward (id, name, district_id) VALUES ('22390', 'Xã Vĩnh Ngọc', '568');
INSERT INTO services_ward (id, name, district_id) VALUES ('22393', 'Xã Vĩnh Thạnh', '568');
INSERT INTO services_ward (id, name, district_id) VALUES ('22396', 'Xã Vĩnh Trung', '568');
INSERT INTO services_ward (id, name, district_id) VALUES ('22399', 'Xã Vĩnh Hiệp', '568');
INSERT INTO services_ward (id, name, district_id) VALUES ('22402', 'Xã Vĩnh Thái', '568');
INSERT INTO services_ward (id, name, district_id) VALUES ('22405', 'Xã Phước Đồng', '568');
INSERT INTO services_district (id, name, city_id) VALUES ('569', 'Thành phố Cam Ranh', '56');
INSERT INTO services_ward (id, name, district_id) VALUES ('22408', 'Phường Cam Nghĩa', '569');
INSERT INTO services_ward (id, name, district_id) VALUES ('22411', 'Phường Cam Phúc Bắc', '569');
INSERT INTO services_ward (id, name, district_id) VALUES ('22414', 'Phường Cam Phúc Nam', '569');
INSERT INTO services_ward (id, name, district_id) VALUES ('22417', 'Phường Cam Lộc', '569');
INSERT INTO services_ward (id, name, district_id) VALUES ('22420', 'Phường Cam Phú', '569');
INSERT INTO services_ward (id, name, district_id) VALUES ('22423', 'Phường Ba Ngòi', '569');
INSERT INTO services_ward (id, name, district_id) VALUES ('22426', 'Phường Cam Thuận', '569');
INSERT INTO services_ward (id, name, district_id) VALUES ('22429', 'Phường Cam Lợi', '569');
INSERT INTO services_ward (id, name, district_id) VALUES ('22432', 'Phường Cam Linh', '569');
INSERT INTO services_ward (id, name, district_id) VALUES ('22468', 'Xã Cam Thành Nam', '569');
INSERT INTO services_ward (id, name, district_id) VALUES ('22474', 'Xã Cam Phước Đông', '569');
INSERT INTO services_ward (id, name, district_id) VALUES ('22477', 'Xã Cam Thịnh Tây', '569');
INSERT INTO services_ward (id, name, district_id) VALUES ('22480', 'Xã Cam Thịnh Đông', '569');
INSERT INTO services_ward (id, name, district_id) VALUES ('22483', 'Xã Cam Lập', '569');
INSERT INTO services_ward (id, name, district_id) VALUES ('22486', 'Xã Cam Bình', '569');
INSERT INTO services_district (id, name, city_id) VALUES ('570', 'Huyện Cam Lâm', '56');
INSERT INTO services_ward (id, name, district_id) VALUES ('22435', 'Xã Cam Tân', '570');
INSERT INTO services_ward (id, name, district_id) VALUES ('22438', 'Xã Cam Hòa', '570');
INSERT INTO services_ward (id, name, district_id) VALUES ('22441', 'Xã Cam Hải Đông', '570');
INSERT INTO services_ward (id, name, district_id) VALUES ('22444', 'Xã Cam Hải Tây', '570');
INSERT INTO services_ward (id, name, district_id) VALUES ('22447', 'Xã Sơn Tân', '570');
INSERT INTO services_ward (id, name, district_id) VALUES ('22450', 'Xã Cam Hiệp Bắc', '570');
INSERT INTO services_ward (id, name, district_id) VALUES ('22453', 'Thị trấn Cam Đức', '570');
INSERT INTO services_ward (id, name, district_id) VALUES ('22456', 'Xã Cam Hiệp Nam', '570');
INSERT INTO services_ward (id, name, district_id) VALUES ('22459', 'Xã Cam Phước Tây', '570');
INSERT INTO services_ward (id, name, district_id) VALUES ('22462', 'Xã Cam Thành Bắc', '570');
INSERT INTO services_ward (id, name, district_id) VALUES ('22465', 'Xã Cam An Bắc', '570');
INSERT INTO services_ward (id, name, district_id) VALUES ('22471', 'Xã Cam An Nam', '570');
INSERT INTO services_ward (id, name, district_id) VALUES ('22708', 'Xã Suối Cát', '570');
INSERT INTO services_ward (id, name, district_id) VALUES ('22711', 'Xã Suối Tân', '570');
INSERT INTO services_district (id, name, city_id) VALUES ('571', 'Huyện Vạn Ninh', '56');
INSERT INTO services_ward (id, name, district_id) VALUES ('22489', 'Thị trấn Vạn Giã', '571');
INSERT INTO services_ward (id, name, district_id) VALUES ('22492', 'Xã Đại Lãnh', '571');
INSERT INTO services_ward (id, name, district_id) VALUES ('22495', 'Xã Vạn Phước', '571');
INSERT INTO services_ward (id, name, district_id) VALUES ('22498', 'Xã Vạn Long', '571');
INSERT INTO services_ward (id, name, district_id) VALUES ('22501', 'Xã Vạn Bình', '571');
INSERT INTO services_ward (id, name, district_id) VALUES ('22504', 'Xã Vạn Thọ', '571');
INSERT INTO services_ward (id, name, district_id) VALUES ('22507', 'Xã Vạn Khánh', '571');
INSERT INTO services_ward (id, name, district_id) VALUES ('22510', 'Xã Vạn Phú', '571');
INSERT INTO services_ward (id, name, district_id) VALUES ('22513', 'Xã Vạn Lương', '571');
INSERT INTO services_ward (id, name, district_id) VALUES ('22516', 'Xã Vạn Thắng', '571');
INSERT INTO services_ward (id, name, district_id) VALUES ('22519', 'Xã Vạn Thạnh', '571');
INSERT INTO services_ward (id, name, district_id) VALUES ('22522', 'Xã Xuân Sơn', '571');
INSERT INTO services_ward (id, name, district_id) VALUES ('22525', 'Xã Vạn Hưng', '571');
INSERT INTO services_district (id, name, city_id) VALUES ('572', 'Thị xã Ninh Hòa', '56');
INSERT INTO services_ward (id, name, district_id) VALUES ('22528', 'Phường Ninh Hiệp', '572');
INSERT INTO services_ward (id, name, district_id) VALUES ('22531', 'Xã Ninh Sơn', '572');
INSERT INTO services_ward (id, name, district_id) VALUES ('22534', 'Xã Ninh Tây', '572');
INSERT INTO services_ward (id, name, district_id) VALUES ('22537', 'Xã Ninh Thượng', '572');
INSERT INTO services_ward (id, name, district_id) VALUES ('22540', 'Xã Ninh An', '572');
INSERT INTO services_ward (id, name, district_id) VALUES ('22543', 'Phường Ninh Hải', '572');
INSERT INTO services_ward (id, name, district_id) VALUES ('22546', 'Xã Ninh Thọ', '572');
INSERT INTO services_ward (id, name, district_id) VALUES ('22549', 'Xã Ninh Trung', '572');
INSERT INTO services_ward (id, name, district_id) VALUES ('22552', 'Xã Ninh Sim', '572');
INSERT INTO services_ward (id, name, district_id) VALUES ('22555', 'Xã Ninh Xuân', '572');
INSERT INTO services_ward (id, name, district_id) VALUES ('22558', 'Xã Ninh Thân', '572');
INSERT INTO services_ward (id, name, district_id) VALUES ('22561', 'Phường Ninh Diêm', '572');
INSERT INTO services_ward (id, name, district_id) VALUES ('22564', 'Xã Ninh Đông', '572');
INSERT INTO services_ward (id, name, district_id) VALUES ('22567', 'Phường Ninh Thủy', '572');
INSERT INTO services_ward (id, name, district_id) VALUES ('22570', 'Phường Ninh Đa', '572');
INSERT INTO services_ward (id, name, district_id) VALUES ('22573', 'Xã Ninh Phụng', '572');
INSERT INTO services_ward (id, name, district_id) VALUES ('22576', 'Xã Ninh Bình', '572');
INSERT INTO services_ward (id, name, district_id) VALUES ('22582', 'Xã Ninh Phú', '572');
INSERT INTO services_ward (id, name, district_id) VALUES ('22585', 'Xã Ninh Tân', '572');
INSERT INTO services_ward (id, name, district_id) VALUES ('22588', 'Xã Ninh Quang', '572');
INSERT INTO services_ward (id, name, district_id) VALUES ('22591', 'Phường Ninh Giang', '572');
INSERT INTO services_ward (id, name, district_id) VALUES ('22594', 'Phường Ninh Hà', '572');
INSERT INTO services_ward (id, name, district_id) VALUES ('22597', 'Xã Ninh Hưng', '572');
INSERT INTO services_ward (id, name, district_id) VALUES ('22600', 'Xã Ninh Lộc', '572');
INSERT INTO services_ward (id, name, district_id) VALUES ('22603', 'Xã Ninh Ích', '572');
INSERT INTO services_ward (id, name, district_id) VALUES ('22606', 'Xã Ninh Phước', '572');
INSERT INTO services_district (id, name, city_id) VALUES ('573', 'Huyện Khánh Vĩnh', '56');
INSERT INTO services_ward (id, name, district_id) VALUES ('22609', 'Thị trấn Khánh Vĩnh', '573');
INSERT INTO services_ward (id, name, district_id) VALUES ('22612', 'Xã Khánh Hiệp', '573');
INSERT INTO services_ward (id, name, district_id) VALUES ('22615', 'Xã Khánh Bình', '573');
INSERT INTO services_ward (id, name, district_id) VALUES ('22618', 'Xã Khánh Trung', '573');
INSERT INTO services_ward (id, name, district_id) VALUES ('22621', 'Xã Khánh Đông', '573');
INSERT INTO services_ward (id, name, district_id) VALUES ('22624', 'Xã Khánh Thượng', '573');
INSERT INTO services_ward (id, name, district_id) VALUES ('22627', 'Xã Khánh Nam', '573');
INSERT INTO services_ward (id, name, district_id) VALUES ('22630', 'Xã Sông Cầu', '573');
INSERT INTO services_ward (id, name, district_id) VALUES ('22633', 'Xã Giang Ly', '573');
INSERT INTO services_ward (id, name, district_id) VALUES ('22636', 'Xã Cầu Bà', '573');
INSERT INTO services_ward (id, name, district_id) VALUES ('22639', 'Xã Liên Sang', '573');
INSERT INTO services_ward (id, name, district_id) VALUES ('22642', 'Xã Khánh Thành', '573');
INSERT INTO services_ward (id, name, district_id) VALUES ('22645', 'Xã Khánh Phú', '573');
INSERT INTO services_ward (id, name, district_id) VALUES ('22648', 'Xã Sơn Thái', '573');
INSERT INTO services_district (id, name, city_id) VALUES ('574', 'Huyện Diên Khánh', '56');
INSERT INTO services_ward (id, name, district_id) VALUES ('22651', 'Thị trấn Diên Khánh', '574');
INSERT INTO services_ward (id, name, district_id) VALUES ('22654', 'Xã Diên Lâm', '574');
INSERT INTO services_ward (id, name, district_id) VALUES ('22657', 'Xã Diên Điền', '574');
INSERT INTO services_ward (id, name, district_id) VALUES ('22660', 'Xã Xuân Đồng', '574');
INSERT INTO services_ward (id, name, district_id) VALUES ('22663', 'Xã Diên Sơn', '574');
INSERT INTO services_ward (id, name, district_id) VALUES ('22669', 'Xã Diên Phú', '574');
INSERT INTO services_ward (id, name, district_id) VALUES ('22672', 'Xã Diên Thọ', '574');
INSERT INTO services_ward (id, name, district_id) VALUES ('22675', 'Xã Diên Phước', '574');
INSERT INTO services_ward (id, name, district_id) VALUES ('22678', 'Xã Diên Lạc', '574');
INSERT INTO services_ward (id, name, district_id) VALUES ('22681', 'Xã Diên Tân', '574');
INSERT INTO services_ward (id, name, district_id) VALUES ('22684', 'Xã Diên Hòa', '574');
INSERT INTO services_ward (id, name, district_id) VALUES ('22687', 'Xã Diên Thạnh', '574');
INSERT INTO services_ward (id, name, district_id) VALUES ('22690', 'Xã Diên Toàn', '574');
INSERT INTO services_ward (id, name, district_id) VALUES ('22693', 'Xã Diên An', '574');
INSERT INTO services_ward (id, name, district_id) VALUES ('22696', 'Xã Bình Lộc', '574');
INSERT INTO services_ward (id, name, district_id) VALUES ('22702', 'Xã Suối Hiệp', '574');
INSERT INTO services_ward (id, name, district_id) VALUES ('22705', 'Xã Suối Tiên', '574');
INSERT INTO services_district (id, name, city_id) VALUES ('575', 'Huyện Khánh Sơn', '56');
INSERT INTO services_ward (id, name, district_id) VALUES ('22714', 'Thị trấn Tô Hạp', '575');
INSERT INTO services_ward (id, name, district_id) VALUES ('22717', 'Xã Thành Sơn', '575');
INSERT INTO services_ward (id, name, district_id) VALUES ('22720', 'Xã Sơn Lâm', '575');
INSERT INTO services_ward (id, name, district_id) VALUES ('22723', 'Xã Sơn Hiệp', '575');
INSERT INTO services_ward (id, name, district_id) VALUES ('22726', 'Xã Sơn Bình', '575');
INSERT INTO services_ward (id, name, district_id) VALUES ('22729', 'Xã Sơn Trung', '575');
INSERT INTO services_ward (id, name, district_id) VALUES ('22732', 'Xã Ba Cụm Bắc', '575');
INSERT INTO services_ward (id, name, district_id) VALUES ('22735', 'Xã Ba Cụm Nam', '575');
INSERT INTO services_district (id, name, city_id) VALUES ('576', 'Huyện Trường Sa', '56');
INSERT INTO services_ward (id, name, district_id) VALUES ('22736', 'Thị trấn Trường Sa', '576');
INSERT INTO services_ward (id, name, district_id) VALUES ('22737', 'Xã Song Tử Tây', '576');
INSERT INTO services_ward (id, name, district_id) VALUES ('22739', 'Xã Sinh Tồn', '576');
INSERT INTO services_city (id, name) VALUES ('58', 'Tỉnh Ninh Thuận');
INSERT INTO services_district (id, name, city_id) VALUES ('582', 'Thành phố Phan Rang-Tháp Chàm', '58');
INSERT INTO services_ward (id, name, district_id) VALUES ('22738', 'Phường Đô Vinh', '582');
INSERT INTO services_ward (id, name, district_id) VALUES ('22741', 'Phường Phước Mỹ', '582');
INSERT INTO services_ward (id, name, district_id) VALUES ('22744', 'Phường Bảo An', '582');
INSERT INTO services_ward (id, name, district_id) VALUES ('22750', 'Phường Phủ Hà', '582');
INSERT INTO services_ward (id, name, district_id) VALUES ('22759', 'Phường Kinh Dinh', '582');
INSERT INTO services_ward (id, name, district_id) VALUES ('22762', 'Phường Đạo Long', '582');
INSERT INTO services_ward (id, name, district_id) VALUES ('22765', 'Phường Đài Sơn', '582');
INSERT INTO services_ward (id, name, district_id) VALUES ('22768', 'Phường Đông Hải', '582');
INSERT INTO services_ward (id, name, district_id) VALUES ('22771', 'Phường Mỹ Đông', '582');
INSERT INTO services_ward (id, name, district_id) VALUES ('22774', 'Xã Thành Hải', '582');
INSERT INTO services_ward (id, name, district_id) VALUES ('22777', 'Phường Văn Hải', '582');
INSERT INTO services_ward (id, name, district_id) VALUES ('22779', 'Phường Mỹ Bình', '582');
INSERT INTO services_ward (id, name, district_id) VALUES ('22780', 'Phường Mỹ Hải', '582');
INSERT INTO services_district (id, name, city_id) VALUES ('584', 'Huyện Bác Ái', '58');
INSERT INTO services_ward (id, name, district_id) VALUES ('22783', 'Xã Phước Bình', '584');
INSERT INTO services_ward (id, name, district_id) VALUES ('22786', 'Xã Phước Hòa', '584');
INSERT INTO services_ward (id, name, district_id) VALUES ('22789', 'Xã Phước Tân', '584');
INSERT INTO services_ward (id, name, district_id) VALUES ('22792', 'Xã Phước Tiến', '584');
INSERT INTO services_ward (id, name, district_id) VALUES ('22795', 'Xã Phước Thắng', '584');
INSERT INTO services_ward (id, name, district_id) VALUES ('22798', 'Xã Phước Thành', '584');
INSERT INTO services_ward (id, name, district_id) VALUES ('22801', 'Xã Phước Đại', '584');
INSERT INTO services_ward (id, name, district_id) VALUES ('22804', 'Xã Phước Chính', '584');
INSERT INTO services_ward (id, name, district_id) VALUES ('22807', 'Xã Phước Trung', '584');
INSERT INTO services_district (id, name, city_id) VALUES ('585', 'Huyện Ninh Sơn', '58');
INSERT INTO services_ward (id, name, district_id) VALUES ('22810', 'Thị trấn Tân Sơn', '585');
INSERT INTO services_ward (id, name, district_id) VALUES ('22813', 'Xã Lâm Sơn', '585');
INSERT INTO services_ward (id, name, district_id) VALUES ('22816', 'Xã Lương Sơn', '585');
INSERT INTO services_ward (id, name, district_id) VALUES ('22819', 'Xã Quảng Sơn', '585');
INSERT INTO services_ward (id, name, district_id) VALUES ('22822', 'Xã Mỹ Sơn', '585');
INSERT INTO services_ward (id, name, district_id) VALUES ('22825', 'Xã Hòa Sơn', '585');
INSERT INTO services_ward (id, name, district_id) VALUES ('22828', 'Xã Ma Nới', '585');
INSERT INTO services_ward (id, name, district_id) VALUES ('22831', 'Xã Nhơn Sơn', '585');
INSERT INTO services_district (id, name, city_id) VALUES ('586', 'Huyện Ninh Hải', '58');
INSERT INTO services_ward (id, name, district_id) VALUES ('22834', 'Thị trấn Khánh Hải', '586');
INSERT INTO services_ward (id, name, district_id) VALUES ('22846', 'Xã Vĩnh Hải', '586');
INSERT INTO services_ward (id, name, district_id) VALUES ('22852', 'Xã Phương Hải', '586');
INSERT INTO services_ward (id, name, district_id) VALUES ('22855', 'Xã Tân Hải', '586');
INSERT INTO services_ward (id, name, district_id) VALUES ('22858', 'Xã Xuân Hải', '586');
INSERT INTO services_ward (id, name, district_id) VALUES ('22861', 'Xã Hộ Hải', '586');
INSERT INTO services_ward (id, name, district_id) VALUES ('22864', 'Xã Tri Hải', '586');
INSERT INTO services_ward (id, name, district_id) VALUES ('22867', 'Xã Nhơn Hải', '586');
INSERT INTO services_ward (id, name, district_id) VALUES ('22868', 'Xã Thanh Hải', '586');
INSERT INTO services_district (id, name, city_id) VALUES ('587', 'Huyện Ninh Phước', '58');
INSERT INTO services_ward (id, name, district_id) VALUES ('22870', 'Thị trấn Phước Dân', '587');
INSERT INTO services_ward (id, name, district_id) VALUES ('22873', 'Xã Phước Sơn', '587');
INSERT INTO services_ward (id, name, district_id) VALUES ('22876', 'Xã Phước Thái', '587');
INSERT INTO services_ward (id, name, district_id) VALUES ('22879', 'Xã Phước Hậu', '587');
INSERT INTO services_ward (id, name, district_id) VALUES ('22882', 'Xã Phước Thuận', '587');
INSERT INTO services_ward (id, name, district_id) VALUES ('22888', 'Xã An Hải', '587');
INSERT INTO services_ward (id, name, district_id) VALUES ('22891', 'Xã Phước Hữu', '587');
INSERT INTO services_ward (id, name, district_id) VALUES ('22894', 'Xã Phước Hải', '587');
INSERT INTO services_ward (id, name, district_id) VALUES ('22912', 'Xã Phước Vinh', '587');
INSERT INTO services_district (id, name, city_id) VALUES ('588', 'Huyện Thuận Bắc', '58');
INSERT INTO services_ward (id, name, district_id) VALUES ('22837', 'Xã Phước Chiến', '588');
INSERT INTO services_ward (id, name, district_id) VALUES ('22840', 'Xã Công Hải', '588');
INSERT INTO services_ward (id, name, district_id) VALUES ('22843', 'Xã Phước Kháng', '588');
INSERT INTO services_ward (id, name, district_id) VALUES ('22849', 'Xã Lợi Hải', '588');
INSERT INTO services_ward (id, name, district_id) VALUES ('22853', 'Xã Bắc Sơn', '588');
INSERT INTO services_ward (id, name, district_id) VALUES ('22856', 'Xã Bắc Phong', '588');
INSERT INTO services_district (id, name, city_id) VALUES ('589', 'Huyện Thuận Nam', '58');
INSERT INTO services_ward (id, name, district_id) VALUES ('22885', 'Xã Phước Hà', '589');
INSERT INTO services_ward (id, name, district_id) VALUES ('22897', 'Xã Phước Nam', '589');
INSERT INTO services_ward (id, name, district_id) VALUES ('22898', 'Xã Phước Ninh', '589');
INSERT INTO services_ward (id, name, district_id) VALUES ('22900', 'Xã Nhị Hà', '589');
INSERT INTO services_ward (id, name, district_id) VALUES ('22903', 'Xã Phước Dinh', '589');
INSERT INTO services_ward (id, name, district_id) VALUES ('22906', 'Xã Phước Minh', '589');
INSERT INTO services_ward (id, name, district_id) VALUES ('22909', 'Xã Phước Diêm', '589');
INSERT INTO services_ward (id, name, district_id) VALUES ('22910', 'Xã Cà Ná', '589');
INSERT INTO services_city (id, name) VALUES ('60', 'Tỉnh Bình Thuận');
INSERT INTO services_district (id, name, city_id) VALUES ('593', 'Thành phố Phan Thiết', '60');
INSERT INTO services_ward (id, name, district_id) VALUES ('22915', 'Phường Mũi Né', '593');
INSERT INTO services_ward (id, name, district_id) VALUES ('22918', 'Phường Hàm Tiến', '593');
INSERT INTO services_ward (id, name, district_id) VALUES ('22921', 'Phường Phú Hài', '593');
INSERT INTO services_ward (id, name, district_id) VALUES ('22924', 'Phường Phú Thủy', '593');
INSERT INTO services_ward (id, name, district_id) VALUES ('22927', 'Phường Phú Tài', '593');
INSERT INTO services_ward (id, name, district_id) VALUES ('22930', 'Phường Phú Trinh', '593');
INSERT INTO services_ward (id, name, district_id) VALUES ('22933', 'Phường Xuân An', '593');
INSERT INTO services_ward (id, name, district_id) VALUES ('22936', 'Phường Thanh Hải', '593');
INSERT INTO services_ward (id, name, district_id) VALUES ('22945', 'Phường Lạc Đạo', '593');
INSERT INTO services_ward (id, name, district_id) VALUES ('22951', 'Phường Bình Hưng', '593');
INSERT INTO services_ward (id, name, district_id) VALUES ('22954', 'Phường Đức Long', '593');
INSERT INTO services_ward (id, name, district_id) VALUES ('22957', 'Xã Thiện Nghiệp', '593');
INSERT INTO services_ward (id, name, district_id) VALUES ('22960', 'Xã Phong Nẫm', '593');
INSERT INTO services_ward (id, name, district_id) VALUES ('22963', 'Xã Tiến Lợi', '593');
INSERT INTO services_ward (id, name, district_id) VALUES ('22966', 'Xã Tiến Thành', '593');
INSERT INTO services_district (id, name, city_id) VALUES ('594', 'Thị xã La Gi', '60');
INSERT INTO services_ward (id, name, district_id) VALUES ('23231', 'Phường Phước Hội', '594');
INSERT INTO services_ward (id, name, district_id) VALUES ('23232', 'Phường Phước Lộc', '594');
INSERT INTO services_ward (id, name, district_id) VALUES ('23234', 'Phường Tân Thiện', '594');
INSERT INTO services_ward (id, name, district_id) VALUES ('23235', 'Phường Tân An', '594');
INSERT INTO services_ward (id, name, district_id) VALUES ('23237', 'Phường Bình Tân', '594');
INSERT INTO services_ward (id, name, district_id) VALUES ('23245', 'Xã Tân Hải', '594');
INSERT INTO services_ward (id, name, district_id) VALUES ('23246', 'Xã Tân Tiến', '594');
INSERT INTO services_ward (id, name, district_id) VALUES ('23248', 'Xã Tân Bình', '594');
INSERT INTO services_ward (id, name, district_id) VALUES ('23268', 'Xã Tân Phước', '594');
INSERT INTO services_district (id, name, city_id) VALUES ('595', 'Huyện Tuy Phong', '60');
INSERT INTO services_ward (id, name, district_id) VALUES ('22969', 'Thị trấn Liên Hương', '595');
INSERT INTO services_ward (id, name, district_id) VALUES ('22972', 'Thị trấn Phan Rí Cửa', '595');
INSERT INTO services_ward (id, name, district_id) VALUES ('22975', 'Xã Phan Dũng', '595');
INSERT INTO services_ward (id, name, district_id) VALUES ('22978', 'Xã Phong Phú', '595');
INSERT INTO services_ward (id, name, district_id) VALUES ('22981', 'Xã Vĩnh Hảo', '595');
INSERT INTO services_ward (id, name, district_id) VALUES ('22984', 'Xã Vĩnh Tân', '595');
INSERT INTO services_ward (id, name, district_id) VALUES ('22987', 'Xã Phú Lạc', '595');
INSERT INTO services_ward (id, name, district_id) VALUES ('22990', 'Xã Phước Thể', '595');
INSERT INTO services_ward (id, name, district_id) VALUES ('22993', 'Xã Hòa Minh', '595');
INSERT INTO services_ward (id, name, district_id) VALUES ('22996', 'Xã Chí Công', '595');
INSERT INTO services_ward (id, name, district_id) VALUES ('22999', 'Xã Bình Thạnh', '595');
INSERT INTO services_district (id, name, city_id) VALUES ('596', 'Huyện Bắc Bình', '60');
INSERT INTO services_ward (id, name, district_id) VALUES ('23005', 'Thị trấn Chợ Lầu', '596');
INSERT INTO services_ward (id, name, district_id) VALUES ('23008', 'Xã Phan Sơn', '596');
INSERT INTO services_ward (id, name, district_id) VALUES ('23011', 'Xã Phan Lâm', '596');
INSERT INTO services_ward (id, name, district_id) VALUES ('23014', 'Xã Bình An', '596');
INSERT INTO services_ward (id, name, district_id) VALUES ('23017', 'Xã Phan Điền', '596');
INSERT INTO services_ward (id, name, district_id) VALUES ('23020', 'Xã Hải Ninh', '596');
INSERT INTO services_ward (id, name, district_id) VALUES ('23023', 'Xã Sông Lũy', '596');
INSERT INTO services_ward (id, name, district_id) VALUES ('23026', 'Xã Phan Tiến', '596');
INSERT INTO services_ward (id, name, district_id) VALUES ('23029', 'Xã Sông Bình', '596');
INSERT INTO services_ward (id, name, district_id) VALUES ('23032', 'Thị trấn Lương Sơn', '596');
INSERT INTO services_ward (id, name, district_id) VALUES ('23035', 'Xã Phan Hòa', '596');
INSERT INTO services_ward (id, name, district_id) VALUES ('23038', 'Xã Phan Thanh', '596');
INSERT INTO services_ward (id, name, district_id) VALUES ('23041', 'Xã Hồng Thái', '596');
INSERT INTO services_ward (id, name, district_id) VALUES ('23044', 'Xã Phan Hiệp', '596');
INSERT INTO services_ward (id, name, district_id) VALUES ('23047', 'Xã Bình Tân', '596');
INSERT INTO services_ward (id, name, district_id) VALUES ('23050', 'Xã Phan Rí Thành', '596');
INSERT INTO services_ward (id, name, district_id) VALUES ('23053', 'Xã Hòa Thắng', '596');
INSERT INTO services_ward (id, name, district_id) VALUES ('23056', 'Xã Hồng Phong', '596');
INSERT INTO services_district (id, name, city_id) VALUES ('597', 'Huyện Hàm Thuận Bắc', '60');
INSERT INTO services_ward (id, name, district_id) VALUES ('23059', 'Thị trấn Ma Lâm', '597');
INSERT INTO services_ward (id, name, district_id) VALUES ('23062', 'Thị trấn Phú Long', '597');
INSERT INTO services_ward (id, name, district_id) VALUES ('23065', 'Xã La Dạ', '597');
INSERT INTO services_ward (id, name, district_id) VALUES ('23068', 'Xã Đông Tiến', '597');
INSERT INTO services_ward (id, name, district_id) VALUES ('23071', 'Xã Thuận Hòa', '597');
INSERT INTO services_ward (id, name, district_id) VALUES ('23074', 'Xã Đông Giang', '597');
INSERT INTO services_ward (id, name, district_id) VALUES ('23077', 'Xã Hàm Phú', '597');
INSERT INTO services_ward (id, name, district_id) VALUES ('23080', 'Xã Hồng Liêm', '597');
INSERT INTO services_ward (id, name, district_id) VALUES ('23083', 'Xã Thuận Minh', '597');
INSERT INTO services_ward (id, name, district_id) VALUES ('23086', 'Xã Hồng Sơn', '597');
INSERT INTO services_ward (id, name, district_id) VALUES ('23089', 'Xã Hàm Trí', '597');
INSERT INTO services_ward (id, name, district_id) VALUES ('23092', 'Xã Hàm Đức', '597');
INSERT INTO services_ward (id, name, district_id) VALUES ('23095', 'Xã Hàm Liêm', '597');
INSERT INTO services_ward (id, name, district_id) VALUES ('23098', 'Xã Hàm Chính', '597');
INSERT INTO services_ward (id, name, district_id) VALUES ('23101', 'Xã Hàm Hiệp', '597');
INSERT INTO services_ward (id, name, district_id) VALUES ('23104', 'Xã Hàm Thắng', '597');
INSERT INTO services_ward (id, name, district_id) VALUES ('23107', 'Xã Đa Mi', '597');
INSERT INTO services_district (id, name, city_id) VALUES ('598', 'Huyện Hàm Thuận Nam', '60');
INSERT INTO services_ward (id, name, district_id) VALUES ('23110', 'Thị trấn Thuận Nam', '598');
INSERT INTO services_ward (id, name, district_id) VALUES ('23113', 'Xã Mỹ Thạnh', '598');
INSERT INTO services_ward (id, name, district_id) VALUES ('23116', 'Xã Hàm Cần', '598');
INSERT INTO services_ward (id, name, district_id) VALUES ('23119', 'Xã Mương Mán', '598');
INSERT INTO services_ward (id, name, district_id) VALUES ('23122', 'Xã Hàm Thạnh', '598');
INSERT INTO services_ward (id, name, district_id) VALUES ('23125', 'Xã Hàm Kiệm', '598');
INSERT INTO services_ward (id, name, district_id) VALUES ('23128', 'Xã Hàm Cường', '598');
INSERT INTO services_ward (id, name, district_id) VALUES ('23131', 'Xã Hàm Mỹ', '598');
INSERT INTO services_ward (id, name, district_id) VALUES ('23134', 'Xã Tân Lập', '598');
INSERT INTO services_ward (id, name, district_id) VALUES ('23137', 'Xã Hàm Minh', '598');
INSERT INTO services_ward (id, name, district_id) VALUES ('23140', 'Xã Thuận Quí', '598');
INSERT INTO services_ward (id, name, district_id) VALUES ('23143', 'Xã Tân Thuận', '598');
INSERT INTO services_ward (id, name, district_id) VALUES ('23146', 'Xã Tân Thành', '598');
INSERT INTO services_district (id, name, city_id) VALUES ('599', 'Huyện Tánh Linh', '60');
INSERT INTO services_ward (id, name, district_id) VALUES ('23149', 'Thị trấn Lạc Tánh', '599');
INSERT INTO services_ward (id, name, district_id) VALUES ('23152', 'Xã Bắc Ruộng', '599');
INSERT INTO services_ward (id, name, district_id) VALUES ('23158', 'Xã Nghị Đức', '599');
INSERT INTO services_ward (id, name, district_id) VALUES ('23161', 'Xã La Ngâu', '599');
INSERT INTO services_ward (id, name, district_id) VALUES ('23164', 'Xã Huy Khiêm', '599');
INSERT INTO services_ward (id, name, district_id) VALUES ('23167', 'Xã Măng Tố', '599');
INSERT INTO services_ward (id, name, district_id) VALUES ('23170', 'Xã Đức Phú', '599');
INSERT INTO services_ward (id, name, district_id) VALUES ('23173', 'Xã Đồng Kho', '599');
INSERT INTO services_ward (id, name, district_id) VALUES ('23176', 'Xã Gia An', '599');
INSERT INTO services_ward (id, name, district_id) VALUES ('23179', 'Xã Đức Bình', '599');
INSERT INTO services_ward (id, name, district_id) VALUES ('23182', 'Xã Gia Huynh', '599');
INSERT INTO services_ward (id, name, district_id) VALUES ('23185', 'Xã Đức Thuận', '599');
INSERT INTO services_ward (id, name, district_id) VALUES ('23188', 'Xã Suối Kiết', '599');
INSERT INTO services_district (id, name, city_id) VALUES ('600', 'Huyện Đức Linh', '60');
INSERT INTO services_ward (id, name, district_id) VALUES ('23191', 'Thị trấn Võ Xu', '600');
INSERT INTO services_ward (id, name, district_id) VALUES ('23194', 'Thị trấn Đức Tài', '600');
INSERT INTO services_ward (id, name, district_id) VALUES ('23197', 'Xã Đa Kai', '600');
INSERT INTO services_ward (id, name, district_id) VALUES ('23200', 'Xã Sùng Nhơn', '600');
INSERT INTO services_ward (id, name, district_id) VALUES ('23203', 'Xã Mê Pu', '600');
INSERT INTO services_ward (id, name, district_id) VALUES ('23206', 'Xã Nam Chính', '600');
INSERT INTO services_ward (id, name, district_id) VALUES ('23212', 'Xã Đức Hạnh', '600');
INSERT INTO services_ward (id, name, district_id) VALUES ('23215', 'Xã Đức Tín', '600');
INSERT INTO services_ward (id, name, district_id) VALUES ('23218', 'Xã Vũ Hoà', '600');
INSERT INTO services_ward (id, name, district_id) VALUES ('23221', 'Xã Tân Hà', '600');
INSERT INTO services_ward (id, name, district_id) VALUES ('23224', 'Xã Đông Hà', '600');
INSERT INTO services_ward (id, name, district_id) VALUES ('23227', 'Xã Trà Tân', '600');
INSERT INTO services_district (id, name, city_id) VALUES ('601', 'Huyện Hàm Tân', '60');
INSERT INTO services_ward (id, name, district_id) VALUES ('23230', 'Thị trấn Tân Minh', '601');
INSERT INTO services_ward (id, name, district_id) VALUES ('23236', 'Thị trấn Tân Nghĩa', '601');
INSERT INTO services_ward (id, name, district_id) VALUES ('23239', 'Xã Sông Phan', '601');
INSERT INTO services_ward (id, name, district_id) VALUES ('23242', 'Xã Tân Phúc', '601');
INSERT INTO services_ward (id, name, district_id) VALUES ('23251', 'Xã Tân Đức', '601');
INSERT INTO services_ward (id, name, district_id) VALUES ('23254', 'Xã Tân Thắng', '601');
INSERT INTO services_ward (id, name, district_id) VALUES ('23255', 'Xã Thắng Hải', '601');
INSERT INTO services_ward (id, name, district_id) VALUES ('23257', 'Xã Tân Hà', '601');
INSERT INTO services_ward (id, name, district_id) VALUES ('23260', 'Xã Tân Xuân', '601');
INSERT INTO services_ward (id, name, district_id) VALUES ('23266', 'Xã Sơn Mỹ', '601');
INSERT INTO services_district (id, name, city_id) VALUES ('602', 'Huyện Phú Quí', '60');
INSERT INTO services_ward (id, name, district_id) VALUES ('23272', 'Xã Ngũ Phụng', '602');
INSERT INTO services_ward (id, name, district_id) VALUES ('23275', 'Xã Long Hải', '602');
INSERT INTO services_ward (id, name, district_id) VALUES ('23278', 'Xã Tam Thanh', '602');
INSERT INTO services_city (id, name) VALUES ('62', 'Tỉnh Kon Tum');
INSERT INTO services_district (id, name, city_id) VALUES ('608', 'Thành phố Kon Tum', '62');
INSERT INTO services_ward (id, name, district_id) VALUES ('23281', 'Phường Quang Trung', '608');
INSERT INTO services_ward (id, name, district_id) VALUES ('23284', 'Phường Duy Tân', '608');
INSERT INTO services_ward (id, name, district_id) VALUES ('23287', 'Phường Quyết Thắng', '608');
INSERT INTO services_ward (id, name, district_id) VALUES ('23290', 'Phường Trường Chinh', '608');
INSERT INTO services_ward (id, name, district_id) VALUES ('23293', 'Phường Thắng Lợi', '608');
INSERT INTO services_ward (id, name, district_id) VALUES ('23296', 'Phường Ngô Mây', '608');
INSERT INTO services_ward (id, name, district_id) VALUES ('23299', 'Phường Thống Nhất', '608');
INSERT INTO services_ward (id, name, district_id) VALUES ('23302', 'Phường Lê Lợi', '608');
INSERT INTO services_ward (id, name, district_id) VALUES ('23305', 'Phường Nguyễn Trãi', '608');
INSERT INTO services_ward (id, name, district_id) VALUES ('23308', 'Phường Trần Hưng Đạo', '608');
INSERT INTO services_ward (id, name, district_id) VALUES ('23311', 'Xã Đắk Cấm', '608');
INSERT INTO services_ward (id, name, district_id) VALUES ('23314', 'Xã Kroong', '608');
INSERT INTO services_ward (id, name, district_id) VALUES ('23317', 'Xã Ngọk Bay', '608');
INSERT INTO services_ward (id, name, district_id) VALUES ('23320', 'Xã Vinh Quang', '608');
INSERT INTO services_ward (id, name, district_id) VALUES ('23323', 'Xã Đắk Blà', '608');
INSERT INTO services_ward (id, name, district_id) VALUES ('23326', 'Xã Ia Chim', '608');
INSERT INTO services_ward (id, name, district_id) VALUES ('23327', 'Xã Đăk Năng', '608');
INSERT INTO services_ward (id, name, district_id) VALUES ('23329', 'Xã Đoàn Kết', '608');
INSERT INTO services_ward (id, name, district_id) VALUES ('23332', 'Xã Chư Hreng', '608');
INSERT INTO services_ward (id, name, district_id) VALUES ('23335', 'Xã Đắk Rơ Wa', '608');
INSERT INTO services_ward (id, name, district_id) VALUES ('23338', 'Xã Hòa Bình', '608');
INSERT INTO services_district (id, name, city_id) VALUES ('610', 'Huyện Đắk Glei', '62');
INSERT INTO services_ward (id, name, district_id) VALUES ('23341', 'Thị trấn Đắk Glei', '610');
INSERT INTO services_ward (id, name, district_id) VALUES ('23344', 'Xã Đắk Blô', '610');
INSERT INTO services_ward (id, name, district_id) VALUES ('23347', 'Xã Đắk Man', '610');
INSERT INTO services_ward (id, name, district_id) VALUES ('23350', 'Xã Đắk Nhoong', '610');
INSERT INTO services_ward (id, name, district_id) VALUES ('23353', 'Xã Đắk Pék', '610');
INSERT INTO services_ward (id, name, district_id) VALUES ('23356', 'Xã Đắk Choong', '610');
INSERT INTO services_ward (id, name, district_id) VALUES ('23359', 'Xã Xốp', '610');
INSERT INTO services_ward (id, name, district_id) VALUES ('23362', 'Xã Mường Hoong', '610');
INSERT INTO services_ward (id, name, district_id) VALUES ('23365', 'Xã Ngọc Linh', '610');
INSERT INTO services_ward (id, name, district_id) VALUES ('23368', 'Xã Đắk Long', '610');
INSERT INTO services_ward (id, name, district_id) VALUES ('23371', 'Xã Đắk KRoong', '610');
INSERT INTO services_ward (id, name, district_id) VALUES ('23374', 'Xã Đắk Môn', '610');
INSERT INTO services_district (id, name, city_id) VALUES ('611', 'Huyện Ngọc Hồi', '62');
INSERT INTO services_ward (id, name, district_id) VALUES ('23377', 'Thị trấn Plei Kần', '611');
INSERT INTO services_ward (id, name, district_id) VALUES ('23380', 'Xã Đắk Ang', '611');
INSERT INTO services_ward (id, name, district_id) VALUES ('23383', 'Xã Đắk Dục', '611');
INSERT INTO services_ward (id, name, district_id) VALUES ('23386', 'Xã Đắk Nông', '611');
INSERT INTO services_ward (id, name, district_id) VALUES ('23389', 'Xã Đắk Xú', '611');
INSERT INTO services_ward (id, name, district_id) VALUES ('23392', 'Xã Đắk Kan', '611');
INSERT INTO services_ward (id, name, district_id) VALUES ('23395', 'Xã Bờ Y', '611');
INSERT INTO services_ward (id, name, district_id) VALUES ('23398', 'Xã Sa Loong', '611');
INSERT INTO services_district (id, name, city_id) VALUES ('612', 'Huyện Đắk Tô', '62');
INSERT INTO services_ward (id, name, district_id) VALUES ('23401', 'Thị trấn Đắk Tô', '612');
INSERT INTO services_ward (id, name, district_id) VALUES ('23427', 'Xã Đắk Rơ Nga', '612');
INSERT INTO services_ward (id, name, district_id) VALUES ('23428', 'Xã Ngọk Tụ', '612');
INSERT INTO services_ward (id, name, district_id) VALUES ('23430', 'Xã Đắk Trăm', '612');
INSERT INTO services_ward (id, name, district_id) VALUES ('23431', 'Xã Văn Lem', '612');
INSERT INTO services_ward (id, name, district_id) VALUES ('23434', 'Xã Kon Đào', '612');
INSERT INTO services_ward (id, name, district_id) VALUES ('23437', 'Xã Tân Cảnh', '612');
INSERT INTO services_ward (id, name, district_id) VALUES ('23440', 'Xã Diên Bình', '612');
INSERT INTO services_ward (id, name, district_id) VALUES ('23443', 'Xã Pô Kô', '612');
INSERT INTO services_district (id, name, city_id) VALUES ('613', 'Huyện Kon Plông', '62');
INSERT INTO services_ward (id, name, district_id) VALUES ('23452', 'Xã Đắk Nên', '613');
INSERT INTO services_ward (id, name, district_id) VALUES ('23455', 'Xã Đắk Ring', '613');
INSERT INTO services_ward (id, name, district_id) VALUES ('23458', 'Xã Măng Buk', '613');
INSERT INTO services_ward (id, name, district_id) VALUES ('23461', 'Xã Đắk Tăng', '613');
INSERT INTO services_ward (id, name, district_id) VALUES ('23464', 'Xã Ngok Tem', '613');
INSERT INTO services_ward (id, name, district_id) VALUES ('23467', 'Xã Pờ Ê', '613');
INSERT INTO services_ward (id, name, district_id) VALUES ('23470', 'Xã Măng Cành', '613');
INSERT INTO services_ward (id, name, district_id) VALUES ('23473', 'Thị trấn Măng Đen', '613');
INSERT INTO services_ward (id, name, district_id) VALUES ('23476', 'Xã Hiếu', '613');
INSERT INTO services_district (id, name, city_id) VALUES ('614', 'Huyện Kon Rẫy', '62');
INSERT INTO services_ward (id, name, district_id) VALUES ('23479', 'Thị trấn Đắk Rve', '614');
INSERT INTO services_ward (id, name, district_id) VALUES ('23482', 'Xã Đắk Kôi', '614');
INSERT INTO services_ward (id, name, district_id) VALUES ('23485', 'Xã Đắk Tơ Lung', '614');
INSERT INTO services_ward (id, name, district_id) VALUES ('23488', 'Xã Đắk Ruồng', '614');
INSERT INTO services_ward (id, name, district_id) VALUES ('23491', 'Xã Đắk Pne', '614');
INSERT INTO services_ward (id, name, district_id) VALUES ('23494', 'Xã Đắk Tờ Re', '614');
INSERT INTO services_ward (id, name, district_id) VALUES ('23497', 'Xã Tân Lập', '614');
INSERT INTO services_district (id, name, city_id) VALUES ('615', 'Huyện Đắk Hà', '62');
INSERT INTO services_ward (id, name, district_id) VALUES ('23500', 'Thị trấn Đắk Hà', '615');
INSERT INTO services_ward (id, name, district_id) VALUES ('23503', 'Xã Đắk PXi', '615');
INSERT INTO services_ward (id, name, district_id) VALUES ('23504', 'Xã Đăk Long', '615');
INSERT INTO services_ward (id, name, district_id) VALUES ('23506', 'Xã Đắk HRing', '615');
INSERT INTO services_ward (id, name, district_id) VALUES ('23509', 'Xã Đắk Ui', '615');
INSERT INTO services_ward (id, name, district_id) VALUES ('23510', 'Xã Đăk Ngọk', '615');
INSERT INTO services_ward (id, name, district_id) VALUES ('23512', 'Xã Đắk Mar', '615');
INSERT INTO services_ward (id, name, district_id) VALUES ('23515', 'Xã Ngok Wang', '615');
INSERT INTO services_ward (id, name, district_id) VALUES ('23518', 'Xã Ngok Réo', '615');
INSERT INTO services_ward (id, name, district_id) VALUES ('23521', 'Xã Hà Mòn', '615');
INSERT INTO services_ward (id, name, district_id) VALUES ('23524', 'Xã Đắk La', '615');
INSERT INTO services_district (id, name, city_id) VALUES ('616', 'Huyện Sa Thầy', '62');
INSERT INTO services_ward (id, name, district_id) VALUES ('23527', 'Thị trấn Sa Thầy', '616');
INSERT INTO services_ward (id, name, district_id) VALUES ('23530', 'Xã Rơ Kơi', '616');
INSERT INTO services_ward (id, name, district_id) VALUES ('23533', 'Xã Sa Nhơn', '616');
INSERT INTO services_ward (id, name, district_id) VALUES ('23534', 'Xã Hơ Moong', '616');
INSERT INTO services_ward (id, name, district_id) VALUES ('23536', 'Xã Mô Rai', '616');
INSERT INTO services_ward (id, name, district_id) VALUES ('23539', 'Xã Sa Sơn', '616');
INSERT INTO services_ward (id, name, district_id) VALUES ('23542', 'Xã Sa Nghĩa', '616');
INSERT INTO services_ward (id, name, district_id) VALUES ('23545', 'Xã Sa Bình', '616');
INSERT INTO services_ward (id, name, district_id) VALUES ('23548', 'Xã Ya Xiêr', '616');
INSERT INTO services_ward (id, name, district_id) VALUES ('23551', 'Xã Ya Tăng', '616');
INSERT INTO services_ward (id, name, district_id) VALUES ('23554', 'Xã Ya ly', '616');
INSERT INTO services_district (id, name, city_id) VALUES ('617', 'Huyện Tu Mơ Rông', '62');
INSERT INTO services_ward (id, name, district_id) VALUES ('23404', 'Xã Ngọc Lây', '617');
INSERT INTO services_ward (id, name, district_id) VALUES ('23407', 'Xã Đắk Na', '617');
INSERT INTO services_ward (id, name, district_id) VALUES ('23410', 'Xã Măng Ri', '617');
INSERT INTO services_ward (id, name, district_id) VALUES ('23413', 'Xã Ngọc Yêu', '617');
INSERT INTO services_ward (id, name, district_id) VALUES ('23416', 'Xã Đắk Sao', '617');
INSERT INTO services_ward (id, name, district_id) VALUES ('23417', 'Xã Đắk Rơ Ông', '617');
INSERT INTO services_ward (id, name, district_id) VALUES ('23419', 'Xã Đắk Tờ Kan', '617');
INSERT INTO services_ward (id, name, district_id) VALUES ('23422', 'Xã Tu Mơ Rông', '617');
INSERT INTO services_ward (id, name, district_id) VALUES ('23425', 'Xã Đắk Hà', '617');
INSERT INTO services_ward (id, name, district_id) VALUES ('23446', 'Xã Tê Xăng', '617');
INSERT INTO services_ward (id, name, district_id) VALUES ('23449', 'Xã Văn Xuôi', '617');
INSERT INTO services_district (id, name, city_id) VALUES ('618', 'Huyện Ia H'' Drai', '62');
INSERT INTO services_ward (id, name, district_id) VALUES ('23535', 'Xã Ia Đal', '618');
INSERT INTO services_ward (id, name, district_id) VALUES ('23537', 'Xã Ia Dom', '618');
INSERT INTO services_ward (id, name, district_id) VALUES ('23538', 'Xã Ia Tơi', '618');
INSERT INTO services_city (id, name) VALUES ('64', 'Tỉnh Gia Lai');
INSERT INTO services_district (id, name, city_id) VALUES ('622', 'Thành phố Pleiku', '64');
INSERT INTO services_ward (id, name, district_id) VALUES ('23557', 'Phường Yên Đỗ', '622');
INSERT INTO services_ward (id, name, district_id) VALUES ('23560', 'Phường Diên Hồng', '622');
INSERT INTO services_ward (id, name, district_id) VALUES ('23563', 'Phường Ia Kring', '622');
INSERT INTO services_ward (id, name, district_id) VALUES ('23566', 'Phường Hội Thương', '622');
INSERT INTO services_ward (id, name, district_id) VALUES ('23569', 'Phường Hội Phú', '622');
INSERT INTO services_ward (id, name, district_id) VALUES ('23570', 'Phường Phù Đổng', '622');
INSERT INTO services_ward (id, name, district_id) VALUES ('23572', 'Phường Hoa Lư', '622');
INSERT INTO services_ward (id, name, district_id) VALUES ('23575', 'Phường Tây Sơn', '622');
INSERT INTO services_ward (id, name, district_id) VALUES ('23578', 'Phường Thống Nhất', '622');
INSERT INTO services_ward (id, name, district_id) VALUES ('23579', 'Phường Đống Đa', '622');
INSERT INTO services_ward (id, name, district_id) VALUES ('23581', 'Phường Trà Bá', '622');
INSERT INTO services_ward (id, name, district_id) VALUES ('23582', 'Phường Thắng Lợi', '622');
INSERT INTO services_ward (id, name, district_id) VALUES ('23584', 'Phường Yên Thế', '622');
INSERT INTO services_ward (id, name, district_id) VALUES ('23586', 'Phường Chi Lăng', '622');
INSERT INTO services_ward (id, name, district_id) VALUES ('23590', 'Xã Biển Hồ', '622');
INSERT INTO services_ward (id, name, district_id) VALUES ('23596', 'Xã Trà Đa', '622');
INSERT INTO services_ward (id, name, district_id) VALUES ('23599', 'Xã Chư Á', '622');
INSERT INTO services_ward (id, name, district_id) VALUES ('23602', 'Xã An Phú', '622');
INSERT INTO services_ward (id, name, district_id) VALUES ('23605', 'Xã Diên Phú', '622');
INSERT INTO services_ward (id, name, district_id) VALUES ('23608', 'Xã Ia Kênh', '622');
INSERT INTO services_ward (id, name, district_id) VALUES ('23611', 'Xã Gào', '622');
INSERT INTO services_district (id, name, city_id) VALUES ('623', 'Thị xã An Khê', '64');
INSERT INTO services_ward (id, name, district_id) VALUES ('23614', 'Phường An Bình', '623');
INSERT INTO services_ward (id, name, district_id) VALUES ('23617', 'Phường Tây Sơn', '623');
INSERT INTO services_ward (id, name, district_id) VALUES ('23620', 'Phường An Phú', '623');
INSERT INTO services_ward (id, name, district_id) VALUES ('23623', 'Phường An Tân', '623');
INSERT INTO services_ward (id, name, district_id) VALUES ('23626', 'Xã Tú An', '623');
INSERT INTO services_ward (id, name, district_id) VALUES ('23627', 'Xã Xuân An', '623');
INSERT INTO services_ward (id, name, district_id) VALUES ('23629', 'Xã Cửu An', '623');
INSERT INTO services_ward (id, name, district_id) VALUES ('23630', 'Phường An Phước', '623');
INSERT INTO services_ward (id, name, district_id) VALUES ('23632', 'Xã Song An', '623');
INSERT INTO services_ward (id, name, district_id) VALUES ('23633', 'Phường Ngô Mây', '623');
INSERT INTO services_ward (id, name, district_id) VALUES ('23635', 'Xã Thành An', '623');
INSERT INTO services_district (id, name, city_id) VALUES ('624', 'Thị xã Ayun Pa', '64');
INSERT INTO services_ward (id, name, district_id) VALUES ('24041', 'Phường Cheo Reo', '624');
INSERT INTO services_ward (id, name, district_id) VALUES ('24042', 'Phường Hòa Bình', '624');
INSERT INTO services_ward (id, name, district_id) VALUES ('24044', 'Phường Đoàn Kết', '624');
INSERT INTO services_ward (id, name, district_id) VALUES ('24045', 'Phường Sông Bờ', '624');
INSERT INTO services_ward (id, name, district_id) VALUES ('24064', 'Xã Ia RBol', '624');
INSERT INTO services_ward (id, name, district_id) VALUES ('24065', 'Xã Chư Băh', '624');
INSERT INTO services_ward (id, name, district_id) VALUES ('24070', 'Xã Ia RTô', '624');
INSERT INTO services_ward (id, name, district_id) VALUES ('24073', 'Xã Ia Sao', '624');
INSERT INTO services_district (id, name, city_id) VALUES ('625', 'Huyện KBang', '64');
INSERT INTO services_ward (id, name, district_id) VALUES ('23638', 'Thị trấn KBang', '625');
INSERT INTO services_ward (id, name, district_id) VALUES ('23641', 'Xã Kon Pne', '625');
INSERT INTO services_ward (id, name, district_id) VALUES ('23644', 'Xã Đăk Roong', '625');
INSERT INTO services_ward (id, name, district_id) VALUES ('23647', 'Xã Sơn Lang', '625');
INSERT INTO services_ward (id, name, district_id) VALUES ('23650', 'Xã KRong', '625');
INSERT INTO services_ward (id, name, district_id) VALUES ('23653', 'Xã Sơ Pai', '625');
INSERT INTO services_ward (id, name, district_id) VALUES ('23656', 'Xã Lơ Ku', '625');
INSERT INTO services_ward (id, name, district_id) VALUES ('23659', 'Xã Đông', '625');
INSERT INTO services_ward (id, name, district_id) VALUES ('23660', 'Xã Đak SMar', '625');
INSERT INTO services_ward (id, name, district_id) VALUES ('23662', 'Xã Nghĩa An', '625');
INSERT INTO services_ward (id, name, district_id) VALUES ('23665', 'Xã Tơ Tung', '625');
INSERT INTO services_ward (id, name, district_id) VALUES ('23668', 'Xã Kông Lơng Khơng', '625');
INSERT INTO services_ward (id, name, district_id) VALUES ('23674', 'Xã Kông Bơ La', '625');
INSERT INTO services_district (id, name, city_id) VALUES ('626', 'Huyện Đăk Đoa', '64');
INSERT INTO services_ward (id, name, district_id) VALUES ('23677', 'Thị trấn Đăk Đoa', '626');
INSERT INTO services_ward (id, name, district_id) VALUES ('23680', 'Xã Hà Đông', '626');
INSERT INTO services_ward (id, name, district_id) VALUES ('23683', 'Xã Đăk Sơmei', '626');
INSERT INTO services_ward (id, name, district_id) VALUES ('23684', 'Xã Đăk Krong', '626');
INSERT INTO services_ward (id, name, district_id) VALUES ('23686', 'Xã Hải Yang', '626');
INSERT INTO services_ward (id, name, district_id) VALUES ('23689', 'Xã Kon Gang', '626');
INSERT INTO services_ward (id, name, district_id) VALUES ('23692', 'Xã Hà Bầu', '626');
INSERT INTO services_ward (id, name, district_id) VALUES ('23695', 'Xã Nam Yang', '626');
INSERT INTO services_ward (id, name, district_id) VALUES ('23698', 'Xã K'' Dang', '626');
INSERT INTO services_ward (id, name, district_id) VALUES ('23701', 'Xã H'' Neng', '626');
INSERT INTO services_ward (id, name, district_id) VALUES ('23704', 'Xã Tân Bình', '626');
INSERT INTO services_ward (id, name, district_id) VALUES ('23707', 'Xã Glar', '626');
INSERT INTO services_ward (id, name, district_id) VALUES ('23710', 'Xã A Dơk', '626');
INSERT INTO services_ward (id, name, district_id) VALUES ('23713', 'Xã Trang', '626');
INSERT INTO services_ward (id, name, district_id) VALUES ('23714', 'Xã HNol', '626');
INSERT INTO services_ward (id, name, district_id) VALUES ('23716', 'Xã Ia Pết', '626');
INSERT INTO services_ward (id, name, district_id) VALUES ('23719', 'Xã Ia Băng', '626');
INSERT INTO services_district (id, name, city_id) VALUES ('627', 'Huyện Chư Păh', '64');
INSERT INTO services_ward (id, name, district_id) VALUES ('23722', 'Thị trấn Phú Hòa', '627');
INSERT INTO services_ward (id, name, district_id) VALUES ('23725', 'Xã Hà Tây', '627');
INSERT INTO services_ward (id, name, district_id) VALUES ('23728', 'Xã Ia Khươl', '627');
INSERT INTO services_ward (id, name, district_id) VALUES ('23731', 'Xã Ia Phí', '627');
INSERT INTO services_ward (id, name, district_id) VALUES ('23734', 'Thị trấn Ia Ly', '627');
INSERT INTO services_ward (id, name, district_id) VALUES ('23737', 'Xã Ia Mơ Nông', '627');
INSERT INTO services_ward (id, name, district_id) VALUES ('23738', 'Xã Ia Kreng', '627');
INSERT INTO services_ward (id, name, district_id) VALUES ('23740', 'Xã Đăk Tơ Ver', '627');
INSERT INTO services_ward (id, name, district_id) VALUES ('23743', 'Xã Hòa Phú', '627');
INSERT INTO services_ward (id, name, district_id) VALUES ('23746', 'Xã Chư Đăng Ya', '627');
INSERT INTO services_ward (id, name, district_id) VALUES ('23749', 'Xã Ia Ka', '627');
INSERT INTO services_ward (id, name, district_id) VALUES ('23752', 'Xã Ia Nhin', '627');
INSERT INTO services_ward (id, name, district_id) VALUES ('23755', 'Xã Nghĩa Hòa', '627');
INSERT INTO services_ward (id, name, district_id) VALUES ('23761', 'Xã Nghĩa Hưng', '627');
INSERT INTO services_district (id, name, city_id) VALUES ('628', 'Huyện Ia Grai', '64');
INSERT INTO services_ward (id, name, district_id) VALUES ('23764', 'Thị trấn Ia Kha', '628');
INSERT INTO services_ward (id, name, district_id) VALUES ('23767', 'Xã Ia Sao', '628');
INSERT INTO services_ward (id, name, district_id) VALUES ('23768', 'Xã Ia Yok', '628');
INSERT INTO services_ward (id, name, district_id) VALUES ('23770', 'Xã Ia Hrung', '628');
INSERT INTO services_ward (id, name, district_id) VALUES ('23771', 'Xã Ia Bă', '628');
INSERT INTO services_ward (id, name, district_id) VALUES ('23773', 'Xã Ia Khai', '628');
INSERT INTO services_ward (id, name, district_id) VALUES ('23776', 'Xã Ia KRai', '628');
INSERT INTO services_ward (id, name, district_id) VALUES ('23778', 'Xã Ia Grăng', '628');
INSERT INTO services_ward (id, name, district_id) VALUES ('23779', 'Xã Ia Tô', '628');
INSERT INTO services_ward (id, name, district_id) VALUES ('23782', 'Xã Ia O', '628');
INSERT INTO services_ward (id, name, district_id) VALUES ('23785', 'Xã Ia Dêr', '628');
INSERT INTO services_ward (id, name, district_id) VALUES ('23788', 'Xã Ia Chia', '628');
INSERT INTO services_ward (id, name, district_id) VALUES ('23791', 'Xã Ia Pếch', '628');
INSERT INTO services_district (id, name, city_id) VALUES ('629', 'Huyện Mang Yang', '64');
INSERT INTO services_ward (id, name, district_id) VALUES ('23794', 'Thị trấn Kon Dơng', '629');
INSERT INTO services_ward (id, name, district_id) VALUES ('23797', 'Xã Ayun', '629');
INSERT INTO services_ward (id, name, district_id) VALUES ('23798', 'Xã Đak Jơ Ta', '629');
INSERT INTO services_ward (id, name, district_id) VALUES ('23799', 'Xã Đak Ta Ley', '629');
INSERT INTO services_ward (id, name, district_id) VALUES ('23800', 'Xã Hra', '629');
INSERT INTO services_ward (id, name, district_id) VALUES ('23803', 'Xã Đăk Yă', '629');
INSERT INTO services_ward (id, name, district_id) VALUES ('23806', 'Xã Đăk Djrăng', '629');
INSERT INTO services_ward (id, name, district_id) VALUES ('23809', 'Xã Lơ Pang', '629');
INSERT INTO services_ward (id, name, district_id) VALUES ('23812', 'Xã Kon Thụp', '629');
INSERT INTO services_ward (id, name, district_id) VALUES ('23815', 'Xã Đê Ar', '629');
INSERT INTO services_ward (id, name, district_id) VALUES ('23818', 'Xã Kon Chiêng', '629');
INSERT INTO services_ward (id, name, district_id) VALUES ('23821', 'Xã Đăk Trôi', '629');
INSERT INTO services_district (id, name, city_id) VALUES ('630', 'Huyện Kông Chro', '64');
INSERT INTO services_ward (id, name, district_id) VALUES ('23824', 'Thị trấn Kông Chro', '630');
INSERT INTO services_ward (id, name, district_id) VALUES ('23827', 'Xã Chư Krêy', '630');
INSERT INTO services_ward (id, name, district_id) VALUES ('23830', 'Xã An Trung', '630');
INSERT INTO services_ward (id, name, district_id) VALUES ('23833', 'Xã Kông Yang', '630');
INSERT INTO services_ward (id, name, district_id) VALUES ('23836', 'Xã Đăk Tơ Pang', '630');
INSERT INTO services_ward (id, name, district_id) VALUES ('23839', 'Xã SRó', '630');
INSERT INTO services_ward (id, name, district_id) VALUES ('23840', 'Xã Đắk Kơ Ning', '630');
INSERT INTO services_ward (id, name, district_id) VALUES ('23842', 'Xã Đăk Song', '630');
INSERT INTO services_ward (id, name, district_id) VALUES ('23843', 'Xã Đăk Pling', '630');
INSERT INTO services_ward (id, name, district_id) VALUES ('23845', 'Xã Yang Trung', '630');
INSERT INTO services_ward (id, name, district_id) VALUES ('23846', 'Xã Đăk Pơ Pho', '630');
INSERT INTO services_ward (id, name, district_id) VALUES ('23848', 'Xã Ya Ma', '630');
INSERT INTO services_ward (id, name, district_id) VALUES ('23851', 'Xã Chơ Long', '630');
INSERT INTO services_ward (id, name, district_id) VALUES ('23854', 'Xã Yang Nam', '630');
INSERT INTO services_district (id, name, city_id) VALUES ('631', 'Huyện Đức Cơ', '64');
INSERT INTO services_ward (id, name, district_id) VALUES ('23857', 'Thị trấn Chư Ty', '631');
INSERT INTO services_ward (id, name, district_id) VALUES ('23860', 'Xã Ia Dơk', '631');
INSERT INTO services_ward (id, name, district_id) VALUES ('23863', 'Xã Ia Krêl', '631');
INSERT INTO services_ward (id, name, district_id) VALUES ('23866', 'Xã Ia Din', '631');
INSERT INTO services_ward (id, name, district_id) VALUES ('23869', 'Xã Ia Kla', '631');
INSERT INTO services_ward (id, name, district_id) VALUES ('23872', 'Xã Ia Dom', '631');
INSERT INTO services_ward (id, name, district_id) VALUES ('23875', 'Xã Ia Lang', '631');
INSERT INTO services_ward (id, name, district_id) VALUES ('23878', 'Xã Ia Kriêng', '631');
INSERT INTO services_ward (id, name, district_id) VALUES ('23881', 'Xã Ia Pnôn', '631');
INSERT INTO services_ward (id, name, district_id) VALUES ('23884', 'Xã Ia Nan', '631');
INSERT INTO services_district (id, name, city_id) VALUES ('632', 'Huyện Chư Prông', '64');
INSERT INTO services_ward (id, name, district_id) VALUES ('23887', 'Thị trấn Chư Prông', '632');
INSERT INTO services_ward (id, name, district_id) VALUES ('23888', 'Xã Ia Kly', '632');
INSERT INTO services_ward (id, name, district_id) VALUES ('23890', 'Xã Bình Giáo', '632');
INSERT INTO services_ward (id, name, district_id) VALUES ('23893', 'Xã Ia Drăng', '632');
INSERT INTO services_ward (id, name, district_id) VALUES ('23896', 'Xã Thăng Hưng', '632');
INSERT INTO services_ward (id, name, district_id) VALUES ('23899', 'Xã Bàu Cạn', '632');
INSERT INTO services_ward (id, name, district_id) VALUES ('23902', 'Xã Ia Phìn', '632');
INSERT INTO services_ward (id, name, district_id) VALUES ('23905', 'Xã Ia Băng', '632');
INSERT INTO services_ward (id, name, district_id) VALUES ('23908', 'Xã Ia Tôr', '632');
INSERT INTO services_ward (id, name, district_id) VALUES ('23911', 'Xã Ia Boòng', '632');
INSERT INTO services_ward (id, name, district_id) VALUES ('23914', 'Xã Ia O', '632');
INSERT INTO services_ward (id, name, district_id) VALUES ('23917', 'Xã Ia Púch', '632');
INSERT INTO services_ward (id, name, district_id) VALUES ('23920', 'Xã Ia Me', '632');
INSERT INTO services_ward (id, name, district_id) VALUES ('23923', 'Xã Ia Vê', '632');
INSERT INTO services_ward (id, name, district_id) VALUES ('23924', 'Xã Ia Bang', '632');
INSERT INTO services_ward (id, name, district_id) VALUES ('23926', 'Xã Ia Pia', '632');
INSERT INTO services_ward (id, name, district_id) VALUES ('23929', 'Xã Ia Ga', '632');
INSERT INTO services_ward (id, name, district_id) VALUES ('23932', 'Xã Ia Lâu', '632');
INSERT INTO services_ward (id, name, district_id) VALUES ('23935', 'Xã Ia Piơr', '632');
INSERT INTO services_ward (id, name, district_id) VALUES ('23938', 'Xã Ia Mơ', '632');
INSERT INTO services_district (id, name, city_id) VALUES ('633', 'Huyện Chư Sê', '64');
INSERT INTO services_ward (id, name, district_id) VALUES ('23941', 'Thị trấn Chư Sê', '633');
INSERT INTO services_ward (id, name, district_id) VALUES ('23944', 'Xã Ia Tiêm', '633');
INSERT INTO services_ward (id, name, district_id) VALUES ('23945', 'Xã Chư Pơng', '633');
INSERT INTO services_ward (id, name, district_id) VALUES ('23946', 'Xã Bar Măih', '633');
INSERT INTO services_ward (id, name, district_id) VALUES ('23947', 'Xã Bờ Ngoong', '633');
INSERT INTO services_ward (id, name, district_id) VALUES ('23950', 'Xã Ia Glai', '633');
INSERT INTO services_ward (id, name, district_id) VALUES ('23953', 'Xã AL Bá', '633');
INSERT INTO services_ward (id, name, district_id) VALUES ('23954', 'Xã Kông HTok', '633');
INSERT INTO services_ward (id, name, district_id) VALUES ('23956', 'Xã AYun', '633');
INSERT INTO services_ward (id, name, district_id) VALUES ('23959', 'Xã Ia HLốp', '633');
INSERT INTO services_ward (id, name, district_id) VALUES ('23962', 'Xã Ia Blang', '633');
INSERT INTO services_ward (id, name, district_id) VALUES ('23965', 'Xã Dun', '633');
INSERT INTO services_ward (id, name, district_id) VALUES ('23966', 'Xã Ia Pal', '633');
INSERT INTO services_ward (id, name, district_id) VALUES ('23968', 'Xã H Bông', '633');
INSERT INTO services_ward (id, name, district_id) VALUES ('23977', 'Xã Ia Ko', '633');
INSERT INTO services_district (id, name, city_id) VALUES ('634', 'Huyện Đăk Pơ', '64');
INSERT INTO services_ward (id, name, district_id) VALUES ('23989', 'Xã Hà Tam', '634');
INSERT INTO services_ward (id, name, district_id) VALUES ('23992', 'Xã An Thành', '634');
INSERT INTO services_ward (id, name, district_id) VALUES ('23995', 'Thị trấn Đak Pơ', '634');
INSERT INTO services_ward (id, name, district_id) VALUES ('23998', 'Xã Yang Bắc', '634');
INSERT INTO services_ward (id, name, district_id) VALUES ('24001', 'Xã Cư An', '634');
INSERT INTO services_ward (id, name, district_id) VALUES ('24004', 'Xã Tân An', '634');
INSERT INTO services_ward (id, name, district_id) VALUES ('24007', 'Xã Phú An', '634');
INSERT INTO services_ward (id, name, district_id) VALUES ('24010', 'Xã Ya Hội', '634');
INSERT INTO services_district (id, name, city_id) VALUES ('635', 'Huyện Ia Pa', '64');
INSERT INTO services_ward (id, name, district_id) VALUES ('24013', 'Xã Pờ Tó', '635');
INSERT INTO services_ward (id, name, district_id) VALUES ('24016', 'Xã Chư Răng', '635');
INSERT INTO services_ward (id, name, district_id) VALUES ('24019', 'Xã Ia KDăm', '635');
INSERT INTO services_ward (id, name, district_id) VALUES ('24022', 'Xã Kim Tân', '635');
INSERT INTO services_ward (id, name, district_id) VALUES ('24025', 'Xã Chư Mố', '635');
INSERT INTO services_ward (id, name, district_id) VALUES ('24028', 'Xã Ia Tul', '635');
INSERT INTO services_ward (id, name, district_id) VALUES ('24031', 'Xã Ia Ma Rơn', '635');
INSERT INTO services_ward (id, name, district_id) VALUES ('24034', 'Xã Ia Broăi', '635');
INSERT INTO services_ward (id, name, district_id) VALUES ('24037', 'Xã Ia Trok', '635');
INSERT INTO services_district (id, name, city_id) VALUES ('637', 'Huyện Krông Pa', '64');
INSERT INTO services_ward (id, name, district_id) VALUES ('24076', 'Thị trấn Phú Túc', '637');
INSERT INTO services_ward (id, name, district_id) VALUES ('24079', 'Xã Ia RSai', '637');
INSERT INTO services_ward (id, name, district_id) VALUES ('24082', 'Xã Ia RSươm', '637');
INSERT INTO services_ward (id, name, district_id) VALUES ('24085', 'Xã Chư Gu', '637');
INSERT INTO services_ward (id, name, district_id) VALUES ('24088', 'Xã Đất Bằng', '637');
INSERT INTO services_ward (id, name, district_id) VALUES ('24091', 'Xã Ia Mláh', '637');
INSERT INTO services_ward (id, name, district_id) VALUES ('24094', 'Xã Chư Drăng', '637');
INSERT INTO services_ward (id, name, district_id) VALUES ('24097', 'Xã Phú Cần', '637');
INSERT INTO services_ward (id, name, district_id) VALUES ('24100', 'Xã Ia HDreh', '637');
INSERT INTO services_ward (id, name, district_id) VALUES ('24103', 'Xã Ia RMok', '637');
INSERT INTO services_ward (id, name, district_id) VALUES ('24106', 'Xã Chư Ngọc', '637');
INSERT INTO services_ward (id, name, district_id) VALUES ('24109', 'Xã Uar', '637');
INSERT INTO services_ward (id, name, district_id) VALUES ('24112', 'Xã Chư Rcăm', '637');
INSERT INTO services_ward (id, name, district_id) VALUES ('24115', 'Xã Krông Năng', '637');
INSERT INTO services_district (id, name, city_id) VALUES ('638', 'Huyện Phú Thiện', '64');
INSERT INTO services_ward (id, name, district_id) VALUES ('24043', 'Thị trấn Phú Thiện', '638');
INSERT INTO services_ward (id, name, district_id) VALUES ('24046', 'Xã Chư A Thai', '638');
INSERT INTO services_ward (id, name, district_id) VALUES ('24048', 'Xã Ayun Hạ', '638');
INSERT INTO services_ward (id, name, district_id) VALUES ('24049', 'Xã Ia Ake', '638');
INSERT INTO services_ward (id, name, district_id) VALUES ('24052', 'Xã Ia Sol', '638');
INSERT INTO services_ward (id, name, district_id) VALUES ('24055', 'Xã Ia Piar', '638');
INSERT INTO services_ward (id, name, district_id) VALUES ('24058', 'Xã Ia Peng', '638');
INSERT INTO services_ward (id, name, district_id) VALUES ('24060', 'Xã Chrôh Pơnan', '638');
INSERT INTO services_ward (id, name, district_id) VALUES ('24061', 'Xã Ia Hiao', '638');
INSERT INTO services_ward (id, name, district_id) VALUES ('24067', 'Xã Ia Yeng', '638');
INSERT INTO services_district (id, name, city_id) VALUES ('639', 'Huyện Chư Pưh', '64');
INSERT INTO services_ward (id, name, district_id) VALUES ('23942', 'Thị trấn Nhơn Hoà', '639');
INSERT INTO services_ward (id, name, district_id) VALUES ('23971', 'Xã Ia Hrú', '639');
INSERT INTO services_ward (id, name, district_id) VALUES ('23972', 'Xã Ia Rong', '639');
INSERT INTO services_ward (id, name, district_id) VALUES ('23974', 'Xã Ia Dreng', '639');
INSERT INTO services_ward (id, name, district_id) VALUES ('23978', 'Xã Ia Hla', '639');
INSERT INTO services_ward (id, name, district_id) VALUES ('23980', 'Xã Chư Don', '639');
INSERT INTO services_ward (id, name, district_id) VALUES ('23983', 'Xã Ia Phang', '639');
INSERT INTO services_ward (id, name, district_id) VALUES ('23986', 'Xã Ia Le', '639');
INSERT INTO services_ward (id, name, district_id) VALUES ('23987', 'Xã Ia BLứ', '639');
INSERT INTO services_city (id, name) VALUES ('66', 'Tỉnh Đắk Lắk');
INSERT INTO services_district (id, name, city_id) VALUES ('643', 'Thành phố Buôn Ma Thuột', '66');
INSERT INTO services_ward (id, name, district_id) VALUES ('24118', 'Phường Tân Lập', '643');
INSERT INTO services_ward (id, name, district_id) VALUES ('24121', 'Phường Tân Hòa', '643');
INSERT INTO services_ward (id, name, district_id) VALUES ('24124', 'Phường Tân An', '643');
INSERT INTO services_ward (id, name, district_id) VALUES ('24130', 'Phường Thành Nhất', '643');
INSERT INTO services_ward (id, name, district_id) VALUES ('24133', 'Phường Thành Công', '643');
INSERT INTO services_ward (id, name, district_id) VALUES ('24136', 'Phường Tân Lợi', '643');
INSERT INTO services_ward (id, name, district_id) VALUES ('24142', 'Phường Tân Thành', '643');
INSERT INTO services_ward (id, name, district_id) VALUES ('24145', 'Phường Tân Tiến', '643');
INSERT INTO services_ward (id, name, district_id) VALUES ('24148', 'Phường Tự An', '643');
INSERT INTO services_ward (id, name, district_id) VALUES ('24151', 'Phường Ea Tam', '643');
INSERT INTO services_ward (id, name, district_id) VALUES ('24154', 'Phường Khánh Xuân', '643');
INSERT INTO services_ward (id, name, district_id) VALUES ('24157', 'Xã Hòa Thuận', '643');
INSERT INTO services_ward (id, name, district_id) VALUES ('24160', 'Xã Cư ÊBur', '643');
INSERT INTO services_ward (id, name, district_id) VALUES ('24163', 'Xã Ea Tu', '643');
INSERT INTO services_ward (id, name, district_id) VALUES ('24166', 'Xã Hòa Thắng', '643');
INSERT INTO services_ward (id, name, district_id) VALUES ('24169', 'Xã Ea Kao', '643');
INSERT INTO services_ward (id, name, district_id) VALUES ('24172', 'Xã Hòa Phú', '643');
INSERT INTO services_ward (id, name, district_id) VALUES ('24175', 'Xã Hòa Khánh', '643');
INSERT INTO services_ward (id, name, district_id) VALUES ('24178', 'Xã Hòa Xuân', '643');
INSERT INTO services_district (id, name, city_id) VALUES ('644', 'Thị xã Buôn Hồ', '66');
INSERT INTO services_ward (id, name, district_id) VALUES ('24305', 'Phường An Lạc', '644');
INSERT INTO services_ward (id, name, district_id) VALUES ('24308', 'Phường An Bình', '644');
INSERT INTO services_ward (id, name, district_id) VALUES ('24311', 'Phường Thiện An', '644');
INSERT INTO services_ward (id, name, district_id) VALUES ('24318', 'Phường Đạt Hiếu', '644');
INSERT INTO services_ward (id, name, district_id) VALUES ('24322', 'Phường Đoàn Kết', '644');
INSERT INTO services_ward (id, name, district_id) VALUES ('24328', 'Xã Ea Drông', '644');
INSERT INTO services_ward (id, name, district_id) VALUES ('24331', 'Phường Thống Nhất', '644');
INSERT INTO services_ward (id, name, district_id) VALUES ('24332', 'Phường Bình Tân', '644');
INSERT INTO services_ward (id, name, district_id) VALUES ('24334', 'Xã Ea Siên', '644');
INSERT INTO services_ward (id, name, district_id) VALUES ('24337', 'Xã Bình Thuận', '644');
INSERT INTO services_ward (id, name, district_id) VALUES ('24340', 'Xã Cư Bao', '644');
INSERT INTO services_district (id, name, city_id) VALUES ('645', 'Huyện Ea H''leo', '66');
INSERT INTO services_ward (id, name, district_id) VALUES ('24181', 'Thị trấn Ea Drăng', '645');
INSERT INTO services_ward (id, name, district_id) VALUES ('24184', 'Xã Ea H''leo', '645');
INSERT INTO services_ward (id, name, district_id) VALUES ('24187', 'Xã Ea Sol', '645');
INSERT INTO services_ward (id, name, district_id) VALUES ('24190', 'Xã Ea Ral', '645');
INSERT INTO services_ward (id, name, district_id) VALUES ('24193', 'Xã Ea Wy', '645');
INSERT INTO services_ward (id, name, district_id) VALUES ('24194', 'Xã Cư A Mung', '645');
INSERT INTO services_ward (id, name, district_id) VALUES ('24196', 'Xã Cư Mốt', '645');
INSERT INTO services_ward (id, name, district_id) VALUES ('24199', 'Xã Ea Hiao', '645');
INSERT INTO services_ward (id, name, district_id) VALUES ('24202', 'Xã Ea Khal', '645');
INSERT INTO services_ward (id, name, district_id) VALUES ('24205', 'Xã Dliê Yang', '645');
INSERT INTO services_ward (id, name, district_id) VALUES ('24207', 'Xã Ea Tir', '645');
INSERT INTO services_ward (id, name, district_id) VALUES ('24208', 'Xã Ea Nam', '645');
INSERT INTO services_district (id, name, city_id) VALUES ('646', 'Huyện Ea Súp', '66');
INSERT INTO services_ward (id, name, district_id) VALUES ('24211', 'Thị trấn Ea Súp', '646');
INSERT INTO services_ward (id, name, district_id) VALUES ('24214', 'Xã Ia Lốp', '646');
INSERT INTO services_ward (id, name, district_id) VALUES ('24215', 'Xã Ia JLơi', '646');
INSERT INTO services_ward (id, name, district_id) VALUES ('24217', 'Xã Ea Rốk', '646');
INSERT INTO services_ward (id, name, district_id) VALUES ('24220', 'Xã Ya Tờ Mốt', '646');
INSERT INTO services_ward (id, name, district_id) VALUES ('24221', 'Xã Ia RVê', '646');
INSERT INTO services_ward (id, name, district_id) VALUES ('24223', 'Xã Ea Lê', '646');
INSERT INTO services_ward (id, name, district_id) VALUES ('24226', 'Xã Cư KBang', '646');
INSERT INTO services_ward (id, name, district_id) VALUES ('24229', 'Xã Ea Bung', '646');
INSERT INTO services_ward (id, name, district_id) VALUES ('24232', 'Xã Cư M''Lan', '646');
INSERT INTO services_district (id, name, city_id) VALUES ('647', 'Huyện Buôn Đôn', '66');
INSERT INTO services_ward (id, name, district_id) VALUES ('24235', 'Xã Krông Na', '647');
INSERT INTO services_ward (id, name, district_id) VALUES ('24238', 'Xã Ea Huar', '647');
INSERT INTO services_ward (id, name, district_id) VALUES ('24241', 'Xã Ea Wer', '647');
INSERT INTO services_ward (id, name, district_id) VALUES ('24244', 'Xã Tân Hoà', '647');
INSERT INTO services_ward (id, name, district_id) VALUES ('24247', 'Xã Cuôr KNia', '647');
INSERT INTO services_ward (id, name, district_id) VALUES ('24250', 'Xã Ea Bar', '647');
INSERT INTO services_ward (id, name, district_id) VALUES ('24253', 'Xã Ea Nuôl', '647');
INSERT INTO services_district (id, name, city_id) VALUES ('648', 'Huyện Cư M''gar', '66');
INSERT INTO services_ward (id, name, district_id) VALUES ('24256', 'Thị trấn Ea Pốk', '648');
INSERT INTO services_ward (id, name, district_id) VALUES ('24259', 'Thị trấn Quảng Phú', '648');
INSERT INTO services_ward (id, name, district_id) VALUES ('24262', 'Xã Quảng Tiến', '648');
INSERT INTO services_ward (id, name, district_id) VALUES ('24264', 'Xã Ea Kuêh', '648');
INSERT INTO services_ward (id, name, district_id) VALUES ('24265', 'Xã Ea Kiết', '648');
INSERT INTO services_ward (id, name, district_id) VALUES ('24268', 'Xã Ea Tar', '648');
INSERT INTO services_ward (id, name, district_id) VALUES ('24271', 'Xã Cư Dliê M''nông', '648');
INSERT INTO services_ward (id, name, district_id) VALUES ('24274', 'Xã Ea H''đinh', '648');
INSERT INTO services_ward (id, name, district_id) VALUES ('24277', 'Xã Ea Tul', '648');
INSERT INTO services_ward (id, name, district_id) VALUES ('24280', 'Xã Ea KPam', '648');
INSERT INTO services_ward (id, name, district_id) VALUES ('24283', 'Xã Ea M''DRóh', '648');
INSERT INTO services_ward (id, name, district_id) VALUES ('24286', 'Xã Quảng Hiệp', '648');
INSERT INTO services_ward (id, name, district_id) VALUES ('24289', 'Xã Cư M''gar', '648');
INSERT INTO services_ward (id, name, district_id) VALUES ('24292', 'Xã Ea D''Rơng', '648');
INSERT INTO services_ward (id, name, district_id) VALUES ('24295', 'Xã Ea M''nang', '648');
INSERT INTO services_ward (id, name, district_id) VALUES ('24298', 'Xã Cư Suê', '648');
INSERT INTO services_ward (id, name, district_id) VALUES ('24301', 'Xã Cuor Đăng', '648');
INSERT INTO services_district (id, name, city_id) VALUES ('649', 'Huyện Krông Búk', '66');
INSERT INTO services_ward (id, name, district_id) VALUES ('24307', 'Xã Cư Né', '649');
INSERT INTO services_ward (id, name, district_id) VALUES ('24310', 'Xã Chư KBô', '649');
INSERT INTO services_ward (id, name, district_id) VALUES ('24313', 'Xã Cư Pơng', '649');
INSERT INTO services_ward (id, name, district_id) VALUES ('24314', 'Xã Ea Sin', '649');
INSERT INTO services_ward (id, name, district_id) VALUES ('24316', 'Thị trấn Pơng Drang', '649');
INSERT INTO services_ward (id, name, district_id) VALUES ('24317', 'Xã Tân Lập', '649');
INSERT INTO services_ward (id, name, district_id) VALUES ('24319', 'Xã Ea Ngai', '649');
INSERT INTO services_district (id, name, city_id) VALUES ('650', 'Huyện Krông Năng', '66');
INSERT INTO services_ward (id, name, district_id) VALUES ('24343', 'Thị trấn Krông Năng', '650');
INSERT INTO services_ward (id, name, district_id) VALUES ('24346', 'Xã ĐLiê Ya', '650');
INSERT INTO services_ward (id, name, district_id) VALUES ('24349', 'Xã Ea Tóh', '650');
INSERT INTO services_ward (id, name, district_id) VALUES ('24352', 'Xã Ea Tam', '650');
INSERT INTO services_ward (id, name, district_id) VALUES ('24355', 'Xã Phú Lộc', '650');
INSERT INTO services_ward (id, name, district_id) VALUES ('24358', 'Xã Tam Giang', '650');
INSERT INTO services_ward (id, name, district_id) VALUES ('24359', 'Xã Ea Puk', '650');
INSERT INTO services_ward (id, name, district_id) VALUES ('24360', 'Xã Ea Dăh', '650');
INSERT INTO services_ward (id, name, district_id) VALUES ('24361', 'Xã Ea Hồ', '650');
INSERT INTO services_ward (id, name, district_id) VALUES ('24364', 'Xã Phú Xuân', '650');
INSERT INTO services_ward (id, name, district_id) VALUES ('24367', 'Xã Cư Klông', '650');
INSERT INTO services_ward (id, name, district_id) VALUES ('24370', 'Xã Ea Tân', '650');
INSERT INTO services_district (id, name, city_id) VALUES ('651', 'Huyện Ea Kar', '66');
INSERT INTO services_ward (id, name, district_id) VALUES ('24373', 'Thị trấn Ea Kar', '651');
INSERT INTO services_ward (id, name, district_id) VALUES ('24376', 'Thị trấn Ea Knốp', '651');
INSERT INTO services_ward (id, name, district_id) VALUES ('24379', 'Xã Ea Sô', '651');
INSERT INTO services_ward (id, name, district_id) VALUES ('24380', 'Xã Ea Sar', '651');
INSERT INTO services_ward (id, name, district_id) VALUES ('24382', 'Xã Xuân Phú', '651');
INSERT INTO services_ward (id, name, district_id) VALUES ('24385', 'Xã Cư Huê', '651');
INSERT INTO services_ward (id, name, district_id) VALUES ('24388', 'Xã Ea Tih', '651');
INSERT INTO services_ward (id, name, district_id) VALUES ('24391', 'Xã Ea Đar', '651');
INSERT INTO services_ward (id, name, district_id) VALUES ('24394', 'Xã Ea Kmút', '651');
INSERT INTO services_ward (id, name, district_id) VALUES ('24397', 'Xã Cư Ni', '651');
INSERT INTO services_ward (id, name, district_id) VALUES ('24400', 'Xã Ea Păl', '651');
INSERT INTO services_ward (id, name, district_id) VALUES ('24401', 'Xã Cư Prông', '651');
INSERT INTO services_ward (id, name, district_id) VALUES ('24403', 'Xã Ea Ô', '651');
INSERT INTO services_ward (id, name, district_id) VALUES ('24404', 'Xã Cư ELang', '651');
INSERT INTO services_ward (id, name, district_id) VALUES ('24406', 'Xã Cư Bông', '651');
INSERT INTO services_ward (id, name, district_id) VALUES ('24409', 'Xã Cư Jang', '651');
INSERT INTO services_district (id, name, city_id) VALUES ('652', 'Huyện M''Đrắk', '66');
INSERT INTO services_ward (id, name, district_id) VALUES ('24412', 'Thị trấn M''Đrắk', '652');
INSERT INTO services_ward (id, name, district_id) VALUES ('24415', 'Xã Cư Prao', '652');
INSERT INTO services_ward (id, name, district_id) VALUES ('24418', 'Xã Ea Pil', '652');
INSERT INTO services_ward (id, name, district_id) VALUES ('24421', 'Xã Ea Lai', '652');
INSERT INTO services_ward (id, name, district_id) VALUES ('24424', 'Xã Ea H''MLay', '652');
INSERT INTO services_ward (id, name, district_id) VALUES ('24427', 'Xã Krông Jing', '652');
INSERT INTO services_ward (id, name, district_id) VALUES ('24430', 'Xã Ea M'' Doal', '652');
INSERT INTO services_ward (id, name, district_id) VALUES ('24433', 'Xã Ea Riêng', '652');
INSERT INTO services_ward (id, name, district_id) VALUES ('24436', 'Xã Cư M''ta', '652');
INSERT INTO services_ward (id, name, district_id) VALUES ('24439', 'Xã Cư K Róa', '652');
INSERT INTO services_ward (id, name, district_id) VALUES ('24442', 'Xã Krông Á', '652');
INSERT INTO services_ward (id, name, district_id) VALUES ('24444', 'Xã Cư San', '652');
INSERT INTO services_ward (id, name, district_id) VALUES ('24445', 'Xã Ea Trang', '652');
INSERT INTO services_district (id, name, city_id) VALUES ('653', 'Huyện Krông Bông', '66');
INSERT INTO services_ward (id, name, district_id) VALUES ('24448', 'Thị trấn Krông Kmar', '653');
INSERT INTO services_ward (id, name, district_id) VALUES ('24451', 'Xã Dang Kang', '653');
INSERT INTO services_ward (id, name, district_id) VALUES ('24454', 'Xã Cư KTy', '653');
INSERT INTO services_ward (id, name, district_id) VALUES ('24457', 'Xã Hòa Thành', '653');
INSERT INTO services_ward (id, name, district_id) VALUES ('24463', 'Xã Hòa Phong', '653');
INSERT INTO services_ward (id, name, district_id) VALUES ('24466', 'Xã Hòa Lễ', '653');
INSERT INTO services_ward (id, name, district_id) VALUES ('24469', 'Xã Yang Reh', '653');
INSERT INTO services_ward (id, name, district_id) VALUES ('24472', 'Xã Ea Trul', '653');
INSERT INTO services_ward (id, name, district_id) VALUES ('24475', 'Xã Khuê Ngọc Điền', '653');
INSERT INTO services_ward (id, name, district_id) VALUES ('24478', 'Xã Cư Pui', '653');
INSERT INTO services_ward (id, name, district_id) VALUES ('24481', 'Xã Hòa Sơn', '653');
INSERT INTO services_ward (id, name, district_id) VALUES ('24484', 'Xã Cư Drăm', '653');
INSERT INTO services_ward (id, name, district_id) VALUES ('24487', 'Xã Yang Mao', '653');
INSERT INTO services_district (id, name, city_id) VALUES ('654', 'Huyện Krông Pắc', '66');
INSERT INTO services_ward (id, name, district_id) VALUES ('24490', 'Thị trấn Phước An', '654');
INSERT INTO services_ward (id, name, district_id) VALUES ('24493', 'Xã KRông Búk', '654');
INSERT INTO services_ward (id, name, district_id) VALUES ('24496', 'Xã Ea Kly', '654');
INSERT INTO services_ward (id, name, district_id) VALUES ('24499', 'Xã Ea Kênh', '654');
INSERT INTO services_ward (id, name, district_id) VALUES ('24502', 'Xã Ea Phê', '654');
INSERT INTO services_ward (id, name, district_id) VALUES ('24505', 'Xã Ea KNuec', '654');
INSERT INTO services_ward (id, name, district_id) VALUES ('24508', 'Xã Ea Yông', '654');
INSERT INTO services_ward (id, name, district_id) VALUES ('24511', 'Xã Hòa An', '654');
INSERT INTO services_ward (id, name, district_id) VALUES ('24514', 'Xã Ea Kuăng', '654');
INSERT INTO services_ward (id, name, district_id) VALUES ('24517', 'Xã Hòa Đông', '654');
INSERT INTO services_ward (id, name, district_id) VALUES ('24520', 'Xã Ea Hiu', '654');
INSERT INTO services_ward (id, name, district_id) VALUES ('24523', 'Xã Hòa Tiến', '654');
INSERT INTO services_ward (id, name, district_id) VALUES ('24526', 'Xã Tân Tiến', '654');
INSERT INTO services_ward (id, name, district_id) VALUES ('24529', 'Xã Vụ Bổn', '654');
INSERT INTO services_ward (id, name, district_id) VALUES ('24532', 'Xã Ea Uy', '654');
INSERT INTO services_ward (id, name, district_id) VALUES ('24535', 'Xã Ea Yiêng', '654');
INSERT INTO services_district (id, name, city_id) VALUES ('655', 'Huyện Krông A Na', '66');
INSERT INTO services_ward (id, name, district_id) VALUES ('24538', 'Thị trấn Buôn Trấp', '655');
INSERT INTO services_ward (id, name, district_id) VALUES ('24556', 'Xã Dray Sáp', '655');
INSERT INTO services_ward (id, name, district_id) VALUES ('24559', 'Xã Ea Na', '655');
INSERT INTO services_ward (id, name, district_id) VALUES ('24565', 'Xã Ea Bông', '655');
INSERT INTO services_ward (id, name, district_id) VALUES ('24568', 'Xã Băng A Drênh', '655');
INSERT INTO services_ward (id, name, district_id) VALUES ('24571', 'Xã Dur KMăl', '655');
INSERT INTO services_ward (id, name, district_id) VALUES ('24574', 'Xã Bình Hòa', '655');
INSERT INTO services_ward (id, name, district_id) VALUES ('24577', 'Xã Quảng Điền', '655');
INSERT INTO services_district (id, name, city_id) VALUES ('656', 'Huyện Lắk', '66');
INSERT INTO services_ward (id, name, district_id) VALUES ('24580', 'Thị trấn Liên Sơn', '656');
INSERT INTO services_ward (id, name, district_id) VALUES ('24583', 'Xã Yang Tao', '656');
INSERT INTO services_ward (id, name, district_id) VALUES ('24586', 'Xã Bông Krang', '656');
INSERT INTO services_ward (id, name, district_id) VALUES ('24589', 'Xã Đắk Liêng', '656');
INSERT INTO services_ward (id, name, district_id) VALUES ('24592', 'Xã Buôn Triết', '656');
INSERT INTO services_ward (id, name, district_id) VALUES ('24595', 'Xã Buôn Tría', '656');
INSERT INTO services_ward (id, name, district_id) VALUES ('24598', 'Xã Đắk Phơi', '656');
INSERT INTO services_ward (id, name, district_id) VALUES ('24601', 'Xã Đắk Nuê', '656');
INSERT INTO services_ward (id, name, district_id) VALUES ('24604', 'Xã Krông Nô', '656');
INSERT INTO services_ward (id, name, district_id) VALUES ('24607', 'Xã Nam Ka', '656');
INSERT INTO services_ward (id, name, district_id) VALUES ('24610', 'Xã Ea R''Bin', '656');
INSERT INTO services_district (id, name, city_id) VALUES ('657', 'Huyện Cư Kuin', '66');
INSERT INTO services_ward (id, name, district_id) VALUES ('24540', 'Xã Ea Ning', '657');
INSERT INTO services_ward (id, name, district_id) VALUES ('24541', 'Xã Cư Ê Wi', '657');
INSERT INTO services_ward (id, name, district_id) VALUES ('24544', 'Xã Ea Ktur', '657');
INSERT INTO services_ward (id, name, district_id) VALUES ('24547', 'Xã Ea Tiêu', '657');
INSERT INTO services_ward (id, name, district_id) VALUES ('24550', 'Xã Ea BHốk', '657');
INSERT INTO services_ward (id, name, district_id) VALUES ('24553', 'Xã Ea Hu', '657');
INSERT INTO services_ward (id, name, district_id) VALUES ('24561', 'Xã Dray Bhăng', '657');
INSERT INTO services_ward (id, name, district_id) VALUES ('24562', 'Xã Hòa Hiệp', '657');
INSERT INTO services_city (id, name) VALUES ('67', 'Tỉnh Đắk Nông');
INSERT INTO services_district (id, name, city_id) VALUES ('660', 'Thành phố Gia Nghĩa', '67');
INSERT INTO services_ward (id, name, district_id) VALUES ('24611', 'Phường Nghĩa Đức', '660');
INSERT INTO services_ward (id, name, district_id) VALUES ('24612', 'Phường Nghĩa Thành', '660');
INSERT INTO services_ward (id, name, district_id) VALUES ('24614', 'Phường Nghĩa Phú', '660');
INSERT INTO services_ward (id, name, district_id) VALUES ('24615', 'Phường Nghĩa Tân', '660');
INSERT INTO services_ward (id, name, district_id) VALUES ('24617', 'Phường Nghĩa Trung', '660');
INSERT INTO services_ward (id, name, district_id) VALUES ('24618', 'Xã Đăk R''Moan', '660');
INSERT INTO services_ward (id, name, district_id) VALUES ('24619', 'Phường Quảng Thành', '660');
INSERT INTO services_ward (id, name, district_id) VALUES ('24628', 'Xã Đắk Nia', '660');
INSERT INTO services_district (id, name, city_id) VALUES ('661', 'Huyện Đăk Glong', '67');
INSERT INTO services_ward (id, name, district_id) VALUES ('24616', 'Xã Quảng Sơn', '661');
INSERT INTO services_ward (id, name, district_id) VALUES ('24620', 'Xã Quảng Hoà', '661');
INSERT INTO services_ward (id, name, district_id) VALUES ('24622', 'Xã Đắk Ha', '661');
INSERT INTO services_ward (id, name, district_id) VALUES ('24625', 'Xã Đắk R''Măng', '661');
INSERT INTO services_ward (id, name, district_id) VALUES ('24631', 'Xã Quảng Khê', '661');
INSERT INTO services_ward (id, name, district_id) VALUES ('24634', 'Xã Đắk Plao', '661');
INSERT INTO services_ward (id, name, district_id) VALUES ('24637', 'Xã Đắk Som', '661');
INSERT INTO services_district (id, name, city_id) VALUES ('662', 'Huyện Cư Jút', '67');
INSERT INTO services_ward (id, name, district_id) VALUES ('24640', 'Thị trấn Ea T''Ling', '662');
INSERT INTO services_ward (id, name, district_id) VALUES ('24643', 'Xã Đắk Wil', '662');
INSERT INTO services_ward (id, name, district_id) VALUES ('24646', 'Xã Ea Pô', '662');
INSERT INTO services_ward (id, name, district_id) VALUES ('24649', 'Xã Nam Dong', '662');
INSERT INTO services_ward (id, name, district_id) VALUES ('24652', 'Xã Đắk DRông', '662');
INSERT INTO services_ward (id, name, district_id) VALUES ('24655', 'Xã Tâm Thắng', '662');
INSERT INTO services_ward (id, name, district_id) VALUES ('24658', 'Xã Cư Knia', '662');
INSERT INTO services_ward (id, name, district_id) VALUES ('24661', 'Xã Trúc Sơn', '662');
INSERT INTO services_district (id, name, city_id) VALUES ('663', 'Huyện Đắk Mil', '67');
INSERT INTO services_ward (id, name, district_id) VALUES ('24664', 'Thị trấn Đắk Mil', '663');
INSERT INTO services_ward (id, name, district_id) VALUES ('24667', 'Xã Đắk Lao', '663');
INSERT INTO services_ward (id, name, district_id) VALUES ('24670', 'Xã Đắk R''La', '663');
INSERT INTO services_ward (id, name, district_id) VALUES ('24673', 'Xã Đắk Gằn', '663');
INSERT INTO services_ward (id, name, district_id) VALUES ('24676', 'Xã Đức Mạnh', '663');
INSERT INTO services_ward (id, name, district_id) VALUES ('24677', 'Xã Đắk N''Drót', '663');
INSERT INTO services_ward (id, name, district_id) VALUES ('24678', 'Xã Long Sơn', '663');
INSERT INTO services_ward (id, name, district_id) VALUES ('24679', 'Xã Đắk Sắk', '663');
INSERT INTO services_ward (id, name, district_id) VALUES ('24682', 'Xã Thuận An', '663');
INSERT INTO services_ward (id, name, district_id) VALUES ('24685', 'Xã Đức Minh', '663');
INSERT INTO services_district (id, name, city_id) VALUES ('664', 'Huyện Krông Nô', '67');
INSERT INTO services_ward (id, name, district_id) VALUES ('24688', 'Thị trấn Đắk Mâm', '664');
INSERT INTO services_ward (id, name, district_id) VALUES ('24691', 'Xã Đắk Sôr', '664');
INSERT INTO services_ward (id, name, district_id) VALUES ('24692', 'Xã Nam Xuân', '664');
INSERT INTO services_ward (id, name, district_id) VALUES ('24694', 'Xã Buôn Choah', '664');
INSERT INTO services_ward (id, name, district_id) VALUES ('24697', 'Xã Nam Đà', '664');
INSERT INTO services_ward (id, name, district_id) VALUES ('24699', 'Xã Tân Thành', '664');
INSERT INTO services_ward (id, name, district_id) VALUES ('24700', 'Xã Đắk Drô', '664');
INSERT INTO services_ward (id, name, district_id) VALUES ('24703', 'Xã Nâm Nung', '664');
INSERT INTO services_ward (id, name, district_id) VALUES ('24706', 'Xã Đức Xuyên', '664');
INSERT INTO services_ward (id, name, district_id) VALUES ('24709', 'Xã Đắk Nang', '664');
INSERT INTO services_ward (id, name, district_id) VALUES ('24712', 'Xã Quảng Phú', '664');
INSERT INTO services_ward (id, name, district_id) VALUES ('24715', 'Xã Nâm N''Đir', '664');
INSERT INTO services_district (id, name, city_id) VALUES ('665', 'Huyện Đắk Song', '67');
INSERT INTO services_ward (id, name, district_id) VALUES ('24717', 'Thị trấn Đức An', '665');
INSERT INTO services_ward (id, name, district_id) VALUES ('24718', 'Xã Đắk Môl', '665');
INSERT INTO services_ward (id, name, district_id) VALUES ('24719', 'Xã Đắk Hòa', '665');
INSERT INTO services_ward (id, name, district_id) VALUES ('24721', 'Xã Nam Bình', '665');
INSERT INTO services_ward (id, name, district_id) VALUES ('24722', 'Xã Thuận Hà', '665');
INSERT INTO services_ward (id, name, district_id) VALUES ('24724', 'Xã Thuận Hạnh', '665');
INSERT INTO services_ward (id, name, district_id) VALUES ('24727', 'Xã Đắk N''Dung', '665');
INSERT INTO services_ward (id, name, district_id) VALUES ('24728', 'Xã Nâm N''Jang', '665');
INSERT INTO services_ward (id, name, district_id) VALUES ('24730', 'Xã Trường Xuân', '665');
INSERT INTO services_district (id, name, city_id) VALUES ('666', 'Huyện Đắk R''Lấp', '67');
INSERT INTO services_ward (id, name, district_id) VALUES ('24733', 'Thị trấn Kiến Đức', '666');
INSERT INTO services_ward (id, name, district_id) VALUES ('24745', 'Xã Quảng Tín', '666');
INSERT INTO services_ward (id, name, district_id) VALUES ('24750', 'Xã Đắk Wer', '666');
INSERT INTO services_ward (id, name, district_id) VALUES ('24751', 'Xã Nhân Cơ', '666');
INSERT INTO services_ward (id, name, district_id) VALUES ('24754', 'Xã Kiến Thành', '666');
INSERT INTO services_ward (id, name, district_id) VALUES ('24756', 'Xã Nghĩa Thắng', '666');
INSERT INTO services_ward (id, name, district_id) VALUES ('24757', 'Xã Đạo Nghĩa', '666');
INSERT INTO services_ward (id, name, district_id) VALUES ('24760', 'Xã Đắk Sin', '666');
INSERT INTO services_ward (id, name, district_id) VALUES ('24761', 'Xã Hưng Bình', '666');
INSERT INTO services_ward (id, name, district_id) VALUES ('24763', 'Xã Đắk Ru', '666');
INSERT INTO services_ward (id, name, district_id) VALUES ('24766', 'Xã Nhân Đạo', '666');
INSERT INTO services_district (id, name, city_id) VALUES ('667', 'Huyện Tuy Đức', '67');
INSERT INTO services_ward (id, name, district_id) VALUES ('24736', 'Xã Quảng Trực', '667');
INSERT INTO services_ward (id, name, district_id) VALUES ('24739', 'Xã Đắk Búk So', '667');
INSERT INTO services_ward (id, name, district_id) VALUES ('24740', 'Xã Quảng Tâm', '667');
INSERT INTO services_ward (id, name, district_id) VALUES ('24742', 'Xã Đắk R''Tíh', '667');
INSERT INTO services_ward (id, name, district_id) VALUES ('24746', 'Xã Đắk Ngo', '667');
INSERT INTO services_ward (id, name, district_id) VALUES ('24748', 'Xã Quảng Tân', '667');
INSERT INTO services_city (id, name) VALUES ('68', 'Tỉnh Lâm Đồng');
INSERT INTO services_district (id, name, city_id) VALUES ('672', 'Thành phố Đà Lạt', '68');
INSERT INTO services_ward (id, name, district_id) VALUES ('24769', 'Phường 7', '672');
INSERT INTO services_ward (id, name, district_id) VALUES ('24772', 'Phường 8', '672');
INSERT INTO services_ward (id, name, district_id) VALUES ('24775', 'Phường 12', '672');
INSERT INTO services_ward (id, name, district_id) VALUES ('24778', 'Phường 9', '672');
INSERT INTO services_ward (id, name, district_id) VALUES ('24781', 'Phường 2', '672');
INSERT INTO services_ward (id, name, district_id) VALUES ('24784', 'Phường 1', '672');
INSERT INTO services_ward (id, name, district_id) VALUES ('24787', 'Phường 6', '672');
INSERT INTO services_ward (id, name, district_id) VALUES ('24790', 'Phường 5', '672');
INSERT INTO services_ward (id, name, district_id) VALUES ('24793', 'Phường 4', '672');
INSERT INTO services_ward (id, name, district_id) VALUES ('24796', 'Phường 10', '672');
INSERT INTO services_ward (id, name, district_id) VALUES ('24799', 'Phường 11', '672');
INSERT INTO services_ward (id, name, district_id) VALUES ('24802', 'Phường 3', '672');
INSERT INTO services_ward (id, name, district_id) VALUES ('24805', 'Xã Xuân Thọ', '672');
INSERT INTO services_ward (id, name, district_id) VALUES ('24808', 'Xã Tà Nung', '672');
INSERT INTO services_ward (id, name, district_id) VALUES ('24810', 'Xã Trạm Hành', '672');
INSERT INTO services_ward (id, name, district_id) VALUES ('24811', 'Xã Xuân Trường', '672');
INSERT INTO services_district (id, name, city_id) VALUES ('673', 'Thành phố Bảo Lộc', '68');
INSERT INTO services_ward (id, name, district_id) VALUES ('24814', 'Phường Lộc Phát', '673');
INSERT INTO services_ward (id, name, district_id) VALUES ('24817', 'Phường Lộc Tiến', '673');
INSERT INTO services_ward (id, name, district_id) VALUES ('24820', 'Phường 2', '673');
INSERT INTO services_ward (id, name, district_id) VALUES ('24823', 'Phường 1', '673');
INSERT INTO services_ward (id, name, district_id) VALUES ('24826', 'Phường B''lao', '673');
INSERT INTO services_ward (id, name, district_id) VALUES ('24829', 'Phường Lộc Sơn', '673');
INSERT INTO services_ward (id, name, district_id) VALUES ('24832', 'Xã Đạm Bri', '673');
INSERT INTO services_ward (id, name, district_id) VALUES ('24835', 'Xã Lộc Thanh', '673');
INSERT INTO services_ward (id, name, district_id) VALUES ('24838', 'Xã Lộc Nga', '673');
INSERT INTO services_ward (id, name, district_id) VALUES ('24841', 'Xã Lộc Châu', '673');
INSERT INTO services_ward (id, name, district_id) VALUES ('24844', 'Xã Đại Lào', '673');
INSERT INTO services_district (id, name, city_id) VALUES ('674', 'Huyện Đam Rông', '68');
INSERT INTO services_ward (id, name, district_id) VALUES ('24853', 'Xã Đạ Tông', '674');
INSERT INTO services_ward (id, name, district_id) VALUES ('24856', 'Xã Đạ Long', '674');
INSERT INTO services_ward (id, name, district_id) VALUES ('24859', 'Xã Đạ M'' Rong', '674');
INSERT INTO services_ward (id, name, district_id) VALUES ('24874', 'Xã Liêng Srônh', '674');
INSERT INTO services_ward (id, name, district_id) VALUES ('24875', 'Xã Đạ Rsal', '674');
INSERT INTO services_ward (id, name, district_id) VALUES ('24877', 'Xã Rô Men', '674');
INSERT INTO services_ward (id, name, district_id) VALUES ('24886', 'Xã Phi Liêng', '674');
INSERT INTO services_ward (id, name, district_id) VALUES ('24889', 'Xã Đạ K'' Nàng', '674');
INSERT INTO services_district (id, name, city_id) VALUES ('675', 'Huyện Lạc Dương', '68');
INSERT INTO services_ward (id, name, district_id) VALUES ('24846', 'Thị trấn Lạc Dương', '675');
INSERT INTO services_ward (id, name, district_id) VALUES ('24847', 'Xã Đạ Chais', '675');
INSERT INTO services_ward (id, name, district_id) VALUES ('24848', 'Xã Đạ Nhim', '675');
INSERT INTO services_ward (id, name, district_id) VALUES ('24850', 'Xã Đưng KNớ', '675');
INSERT INTO services_ward (id, name, district_id) VALUES ('24862', 'Xã Lát', '675');
INSERT INTO services_ward (id, name, district_id) VALUES ('24865', 'Xã Đạ Sar', '675');
INSERT INTO services_district (id, name, city_id) VALUES ('676', 'Huyện Lâm Hà', '68');
INSERT INTO services_ward (id, name, district_id) VALUES ('24868', 'Thị trấn Nam Ban', '676');
INSERT INTO services_ward (id, name, district_id) VALUES ('24871', 'Thị trấn Đinh Văn', '676');
INSERT INTO services_ward (id, name, district_id) VALUES ('24880', 'Xã Phú Sơn', '676');
INSERT INTO services_ward (id, name, district_id) VALUES ('24883', 'Xã Phi Tô', '676');
INSERT INTO services_ward (id, name, district_id) VALUES ('24892', 'Xã Mê Linh', '676');
INSERT INTO services_ward (id, name, district_id) VALUES ('24895', 'Xã Đạ Đờn', '676');
INSERT INTO services_ward (id, name, district_id) VALUES ('24898', 'Xã Phúc Thọ', '676');
INSERT INTO services_ward (id, name, district_id) VALUES ('24901', 'Xã Đông Thanh', '676');
INSERT INTO services_ward (id, name, district_id) VALUES ('24904', 'Xã Gia Lâm', '676');
INSERT INTO services_ward (id, name, district_id) VALUES ('24907', 'Xã Tân Thanh', '676');
INSERT INTO services_ward (id, name, district_id) VALUES ('24910', 'Xã Tân Văn', '676');
INSERT INTO services_ward (id, name, district_id) VALUES ('24913', 'Xã Hoài Đức', '676');
INSERT INTO services_ward (id, name, district_id) VALUES ('24916', 'Xã Tân Hà', '676');
INSERT INTO services_ward (id, name, district_id) VALUES ('24919', 'Xã Liên Hà', '676');
INSERT INTO services_ward (id, name, district_id) VALUES ('24922', 'Xã Đan Phượng', '676');
INSERT INTO services_ward (id, name, district_id) VALUES ('24925', 'Xã Nam Hà', '676');
INSERT INTO services_district (id, name, city_id) VALUES ('677', 'Huyện Đơn Dương', '68');
INSERT INTO services_ward (id, name, district_id) VALUES ('24928', 'Thị trấn D''Ran', '677');
INSERT INTO services_ward (id, name, district_id) VALUES ('24931', 'Thị trấn Thạnh Mỹ', '677');
INSERT INTO services_ward (id, name, district_id) VALUES ('24934', 'Xã Lạc Xuân', '677');
INSERT INTO services_ward (id, name, district_id) VALUES ('24937', 'Xã Đạ Ròn', '677');
INSERT INTO services_ward (id, name, district_id) VALUES ('24940', 'Xã Lạc Lâm', '677');
INSERT INTO services_ward (id, name, district_id) VALUES ('24943', 'Xã Ka Đô', '677');
INSERT INTO services_ward (id, name, district_id) VALUES ('24949', 'Xã Ka Đơn', '677');
INSERT INTO services_ward (id, name, district_id) VALUES ('24952', 'Xã Tu Tra', '677');
INSERT INTO services_ward (id, name, district_id) VALUES ('24955', 'Xã Quảng Lập', '677');
INSERT INTO services_district (id, name, city_id) VALUES ('678', 'Huyện Đức Trọng', '68');
INSERT INTO services_ward (id, name, district_id) VALUES ('24958', 'Thị trấn Liên Nghĩa', '678');
INSERT INTO services_ward (id, name, district_id) VALUES ('24961', 'Xã Hiệp An', '678');
INSERT INTO services_ward (id, name, district_id) VALUES ('24964', 'Xã Liên Hiệp', '678');
INSERT INTO services_ward (id, name, district_id) VALUES ('24967', 'Xã Hiệp Thạnh', '678');
INSERT INTO services_ward (id, name, district_id) VALUES ('24970', 'Xã Bình Thạnh', '678');
INSERT INTO services_ward (id, name, district_id) VALUES ('24973', 'Xã N''Thol Hạ', '678');
INSERT INTO services_ward (id, name, district_id) VALUES ('24976', 'Xã Tân Hội', '678');
INSERT INTO services_ward (id, name, district_id) VALUES ('24979', 'Xã Tân Thành', '678');
INSERT INTO services_ward (id, name, district_id) VALUES ('24982', 'Xã Phú Hội', '678');
INSERT INTO services_ward (id, name, district_id) VALUES ('24985', 'Xã Ninh Gia', '678');
INSERT INTO services_ward (id, name, district_id) VALUES ('24988', 'Xã Tà Năng', '678');
INSERT INTO services_ward (id, name, district_id) VALUES ('24989', 'Xã Đa Quyn', '678');
INSERT INTO services_ward (id, name, district_id) VALUES ('24991', 'Xã Tà Hine', '678');
INSERT INTO services_ward (id, name, district_id) VALUES ('24994', 'Xã Đà Loan', '678');
INSERT INTO services_ward (id, name, district_id) VALUES ('24997', 'Xã Ninh Loan', '678');
INSERT INTO services_district (id, name, city_id) VALUES ('679', 'Huyện Di Linh', '68');
INSERT INTO services_ward (id, name, district_id) VALUES ('25000', 'Thị trấn Di Linh', '679');
INSERT INTO services_ward (id, name, district_id) VALUES ('25003', 'Xã Đinh Trang Thượng', '679');
INSERT INTO services_ward (id, name, district_id) VALUES ('25006', 'Xã Tân Thượng', '679');
INSERT INTO services_ward (id, name, district_id) VALUES ('25007', 'Xã Tân Lâm', '679');
INSERT INTO services_ward (id, name, district_id) VALUES ('25009', 'Xã Tân Châu', '679');
INSERT INTO services_ward (id, name, district_id) VALUES ('25012', 'Xã Tân Nghĩa', '679');
INSERT INTO services_ward (id, name, district_id) VALUES ('25015', 'Xã Gia Hiệp', '679');
INSERT INTO services_ward (id, name, district_id) VALUES ('25018', 'Xã Đinh Lạc', '679');
INSERT INTO services_ward (id, name, district_id) VALUES ('25021', 'Xã Tam Bố', '679');
INSERT INTO services_ward (id, name, district_id) VALUES ('25024', 'Xã Đinh Trang Hòa', '679');
INSERT INTO services_ward (id, name, district_id) VALUES ('25027', 'Xã Liên Đầm', '679');
INSERT INTO services_ward (id, name, district_id) VALUES ('25030', 'Xã Gung Ré', '679');
INSERT INTO services_ward (id, name, district_id) VALUES ('25033', 'Xã Bảo Thuận', '679');
INSERT INTO services_ward (id, name, district_id) VALUES ('25036', 'Xã Hòa Ninh', '679');
INSERT INTO services_ward (id, name, district_id) VALUES ('25039', 'Xã Hòa Trung', '679');
INSERT INTO services_ward (id, name, district_id) VALUES ('25042', 'Xã Hòa Nam', '679');
INSERT INTO services_ward (id, name, district_id) VALUES ('25045', 'Xã Hòa Bắc', '679');
INSERT INTO services_ward (id, name, district_id) VALUES ('25048', 'Xã Sơn Điền', '679');
INSERT INTO services_ward (id, name, district_id) VALUES ('25051', 'Xã Gia Bắc', '679');
INSERT INTO services_district (id, name, city_id) VALUES ('680', 'Huyện Bảo Lâm', '68');
INSERT INTO services_ward (id, name, district_id) VALUES ('25054', 'Thị trấn Lộc Thắng', '680');
INSERT INTO services_ward (id, name, district_id) VALUES ('25057', 'Xã Lộc Bảo', '680');
INSERT INTO services_ward (id, name, district_id) VALUES ('25060', 'Xã Lộc Lâm', '680');
INSERT INTO services_ward (id, name, district_id) VALUES ('25063', 'Xã Lộc Phú', '680');
INSERT INTO services_ward (id, name, district_id) VALUES ('25066', 'Xã Lộc Bắc', '680');
INSERT INTO services_ward (id, name, district_id) VALUES ('25069', 'Xã B'' Lá', '680');
INSERT INTO services_ward (id, name, district_id) VALUES ('25072', 'Xã Lộc Ngãi', '680');
INSERT INTO services_ward (id, name, district_id) VALUES ('25075', 'Xã Lộc Quảng', '680');
INSERT INTO services_ward (id, name, district_id) VALUES ('25078', 'Xã Lộc Tân', '680');
INSERT INTO services_ward (id, name, district_id) VALUES ('25081', 'Xã Lộc Đức', '680');
INSERT INTO services_ward (id, name, district_id) VALUES ('25084', 'Xã Lộc An', '680');
INSERT INTO services_ward (id, name, district_id) VALUES ('25087', 'Xã Tân Lạc', '680');
INSERT INTO services_ward (id, name, district_id) VALUES ('25090', 'Xã Lộc Thành', '680');
INSERT INTO services_ward (id, name, district_id) VALUES ('25093', 'Xã Lộc Nam', '680');
INSERT INTO services_district (id, name, city_id) VALUES ('682', 'Huyện Đạ Tẻh', '68');
INSERT INTO services_ward (id, name, district_id) VALUES ('25096', 'Thị trấn Đạ M''ri', '682');
INSERT INTO services_ward (id, name, district_id) VALUES ('25099', 'Thị trấn Ma Đa Guôi', '682');
INSERT INTO services_ward (id, name, district_id) VALUES ('25105', 'Xã Hà Lâm', '682');
INSERT INTO services_ward (id, name, district_id) VALUES ('25111', 'Xã Đạ Oai', '682');
INSERT INTO services_ward (id, name, district_id) VALUES ('25114', 'Xã Bà Gia', '682');
INSERT INTO services_ward (id, name, district_id) VALUES ('25117', 'Xã Ma Đa Guôi', '682');
INSERT INTO services_ward (id, name, district_id) VALUES ('25126', 'Thị trấn Đạ Tẻh', '682');
INSERT INTO services_ward (id, name, district_id) VALUES ('25129', 'Xã An Nhơn', '682');
INSERT INTO services_ward (id, name, district_id) VALUES ('25132', 'Xã Quốc Oai', '682');
INSERT INTO services_ward (id, name, district_id) VALUES ('25135', 'Xã Mỹ Đức', '682');
INSERT INTO services_ward (id, name, district_id) VALUES ('25138', 'Xã Quảng Trị', '682');
INSERT INTO services_ward (id, name, district_id) VALUES ('25141', 'Xã Đạ Lây', '682');
INSERT INTO services_ward (id, name, district_id) VALUES ('25153', 'Xã Đạ Kho', '682');
INSERT INTO services_ward (id, name, district_id) VALUES ('25156', 'Xã Đạ Pal', '682');
INSERT INTO services_ward (id, name, district_id) VALUES ('25159', 'Thị trấn Cát Tiên', '682');
INSERT INTO services_ward (id, name, district_id) VALUES ('25162', 'Xã Tiên Hoàng', '682');
INSERT INTO services_ward (id, name, district_id) VALUES ('25165', 'Xã Phước Cát 2', '682');
INSERT INTO services_ward (id, name, district_id) VALUES ('25168', 'Xã Gia Viễn', '682');
INSERT INTO services_ward (id, name, district_id) VALUES ('25171', 'Xã Nam Ninh', '682');
INSERT INTO services_ward (id, name, district_id) VALUES ('25180', 'Thị trấn Phước Cát', '682');
INSERT INTO services_ward (id, name, district_id) VALUES ('25183', 'Xã Đức Phổ', '682');
INSERT INTO services_ward (id, name, district_id) VALUES ('25189', 'Xã Quảng Ngãi', '682');
INSERT INTO services_ward (id, name, district_id) VALUES ('25192', 'Xã Đồng Nai Thượng', '682');
INSERT INTO services_city (id, name) VALUES ('70', 'Tỉnh Bình Phước');
INSERT INTO services_district (id, name, city_id) VALUES ('688', 'Thị xã Phước Long', '70');
INSERT INTO services_ward (id, name, district_id) VALUES ('25216', 'Phường Thác Mơ', '688');
INSERT INTO services_ward (id, name, district_id) VALUES ('25217', 'Phường Long Thủy', '688');
INSERT INTO services_ward (id, name, district_id) VALUES ('25219', 'Phường Phước Bình', '688');
INSERT INTO services_ward (id, name, district_id) VALUES ('25220', 'Phường Long Phước', '688');
INSERT INTO services_ward (id, name, district_id) VALUES ('25237', 'Phường Sơn Giang', '688');
INSERT INTO services_ward (id, name, district_id) VALUES ('25245', 'Xã Long Giang', '688');
INSERT INTO services_ward (id, name, district_id) VALUES ('25249', 'Xã Phước Tín', '688');
INSERT INTO services_district (id, name, city_id) VALUES ('689', 'Thành phố Đồng Xoài', '70');
INSERT INTO services_ward (id, name, district_id) VALUES ('25195', 'Phường Tân Phú', '689');
INSERT INTO services_ward (id, name, district_id) VALUES ('25198', 'Phường Tân Đồng', '689');
INSERT INTO services_ward (id, name, district_id) VALUES ('25201', 'Phường Tân Bình', '689');
INSERT INTO services_ward (id, name, district_id) VALUES ('25204', 'Phường Tân Xuân', '689');
INSERT INTO services_ward (id, name, district_id) VALUES ('25205', 'Phường Tân Thiện', '689');
INSERT INTO services_ward (id, name, district_id) VALUES ('25207', 'Xã Tân Thành', '689');
INSERT INTO services_ward (id, name, district_id) VALUES ('25210', 'Phường Tiến Thành', '689');
INSERT INTO services_ward (id, name, district_id) VALUES ('25213', 'Xã Tiến Hưng', '689');
INSERT INTO services_district (id, name, city_id) VALUES ('690', 'Thị xã Bình Long', '70');
INSERT INTO services_ward (id, name, district_id) VALUES ('25320', 'Phường Hưng Chiến', '690');
INSERT INTO services_ward (id, name, district_id) VALUES ('25324', 'Phường An Lộc', '690');
INSERT INTO services_ward (id, name, district_id) VALUES ('25325', 'Phường Phú Thịnh', '690');
INSERT INTO services_ward (id, name, district_id) VALUES ('25326', 'Phường Phú Đức', '690');
INSERT INTO services_ward (id, name, district_id) VALUES ('25333', 'Xã Thanh Lương', '690');
INSERT INTO services_ward (id, name, district_id) VALUES ('25336', 'Xã Thanh Phú', '690');
INSERT INTO services_district (id, name, city_id) VALUES ('691', 'Huyện Bù Gia Mập', '70');
INSERT INTO services_ward (id, name, district_id) VALUES ('25222', 'Xã Bù Gia Mập', '691');
INSERT INTO services_ward (id, name, district_id) VALUES ('25225', 'Xã Đak Ơ', '691');
INSERT INTO services_ward (id, name, district_id) VALUES ('25228', 'Xã Đức Hạnh', '691');
INSERT INTO services_ward (id, name, district_id) VALUES ('25229', 'Xã Phú Văn', '691');
INSERT INTO services_ward (id, name, district_id) VALUES ('25231', 'Xã Đa Kia', '691');
INSERT INTO services_ward (id, name, district_id) VALUES ('25232', 'Xã Phước Minh', '691');
INSERT INTO services_ward (id, name, district_id) VALUES ('25234', 'Xã Bình Thắng', '691');
INSERT INTO services_ward (id, name, district_id) VALUES ('25267', 'Xã Phú Nghĩa', '691');
INSERT INTO services_district (id, name, city_id) VALUES ('692', 'Huyện Lộc Ninh', '70');
INSERT INTO services_ward (id, name, district_id) VALUES ('25270', 'Thị trấn Lộc Ninh', '692');
INSERT INTO services_ward (id, name, district_id) VALUES ('25273', 'Xã Lộc Hòa', '692');
INSERT INTO services_ward (id, name, district_id) VALUES ('25276', 'Xã Lộc An', '692');
INSERT INTO services_ward (id, name, district_id) VALUES ('25279', 'Xã Lộc Tấn', '692');
INSERT INTO services_ward (id, name, district_id) VALUES ('25280', 'Xã Lộc Thạnh', '692');
INSERT INTO services_ward (id, name, district_id) VALUES ('25282', 'Xã Lộc Hiệp', '692');
INSERT INTO services_ward (id, name, district_id) VALUES ('25285', 'Xã Lộc Thiện', '692');
INSERT INTO services_ward (id, name, district_id) VALUES ('25288', 'Xã Lộc Thuận', '692');
INSERT INTO services_ward (id, name, district_id) VALUES ('25291', 'Xã Lộc Quang', '692');
INSERT INTO services_ward (id, name, district_id) VALUES ('25292', 'Xã Lộc Phú', '692');
INSERT INTO services_ward (id, name, district_id) VALUES ('25294', 'Xã Lộc Thành', '692');
INSERT INTO services_ward (id, name, district_id) VALUES ('25297', 'Xã Lộc Thái', '692');
INSERT INTO services_ward (id, name, district_id) VALUES ('25300', 'Xã Lộc Điền', '692');
INSERT INTO services_ward (id, name, district_id) VALUES ('25303', 'Xã Lộc Hưng', '692');
INSERT INTO services_ward (id, name, district_id) VALUES ('25305', 'Xã Lộc Thịnh', '692');
INSERT INTO services_ward (id, name, district_id) VALUES ('25306', 'Xã Lộc Khánh', '692');
INSERT INTO services_district (id, name, city_id) VALUES ('693', 'Huyện Bù Đốp', '70');
INSERT INTO services_ward (id, name, district_id) VALUES ('25308', 'Thị trấn Thanh Bình', '693');
INSERT INTO services_ward (id, name, district_id) VALUES ('25309', 'Xã Hưng Phước', '693');
INSERT INTO services_ward (id, name, district_id) VALUES ('25310', 'Xã Phước Thiện', '693');
INSERT INTO services_ward (id, name, district_id) VALUES ('25312', 'Xã Thiện Hưng', '693');
INSERT INTO services_ward (id, name, district_id) VALUES ('25315', 'Xã Thanh Hòa', '693');
INSERT INTO services_ward (id, name, district_id) VALUES ('25318', 'Xã Tân Thành', '693');
INSERT INTO services_ward (id, name, district_id) VALUES ('25321', 'Xã Tân Tiến', '693');
INSERT INTO services_district (id, name, city_id) VALUES ('694', 'Huyện Hớn Quản', '70');
INSERT INTO services_ward (id, name, district_id) VALUES ('25327', 'Xã Thanh An', '694');
INSERT INTO services_ward (id, name, district_id) VALUES ('25330', 'Xã An Khương', '694');
INSERT INTO services_ward (id, name, district_id) VALUES ('25339', 'Xã An Phú', '694');
INSERT INTO services_ward (id, name, district_id) VALUES ('25342', 'Xã Tân Lợi', '694');
INSERT INTO services_ward (id, name, district_id) VALUES ('25345', 'Xã Tân Hưng', '694');
INSERT INTO services_ward (id, name, district_id) VALUES ('25348', 'Xã Minh Đức', '694');
INSERT INTO services_ward (id, name, district_id) VALUES ('25349', 'Xã Minh Tâm', '694');
INSERT INTO services_ward (id, name, district_id) VALUES ('25351', 'Xã Phước An', '694');
INSERT INTO services_ward (id, name, district_id) VALUES ('25354', 'Xã Thanh Bình', '694');
INSERT INTO services_ward (id, name, district_id) VALUES ('25357', 'Thị trấn Tân Khai', '694');
INSERT INTO services_ward (id, name, district_id) VALUES ('25360', 'Xã Đồng Nơ', '694');
INSERT INTO services_ward (id, name, district_id) VALUES ('25361', 'Xã Tân Hiệp', '694');
INSERT INTO services_ward (id, name, district_id) VALUES ('25438', 'Xã Tân Quan', '694');
INSERT INTO services_district (id, name, city_id) VALUES ('695', 'Huyện Đồng Phú', '70');
INSERT INTO services_ward (id, name, district_id) VALUES ('25363', 'Thị trấn Tân Phú', '695');
INSERT INTO services_ward (id, name, district_id) VALUES ('25366', 'Xã Thuận Lợi', '695');
INSERT INTO services_ward (id, name, district_id) VALUES ('25369', 'Xã Đồng Tâm', '695');
INSERT INTO services_ward (id, name, district_id) VALUES ('25372', 'Xã Tân Phước', '695');
INSERT INTO services_ward (id, name, district_id) VALUES ('25375', 'Xã Tân Hưng', '695');
INSERT INTO services_ward (id, name, district_id) VALUES ('25378', 'Xã Tân Lợi', '695');
INSERT INTO services_ward (id, name, district_id) VALUES ('25381', 'Xã Tân Lập', '695');
INSERT INTO services_ward (id, name, district_id) VALUES ('25384', 'Xã Tân Hòa', '695');
INSERT INTO services_ward (id, name, district_id) VALUES ('25387', 'Xã Thuận Phú', '695');
INSERT INTO services_ward (id, name, district_id) VALUES ('25390', 'Xã Đồng Tiến', '695');
INSERT INTO services_ward (id, name, district_id) VALUES ('25393', 'Xã Tân Tiến', '695');
INSERT INTO services_district (id, name, city_id) VALUES ('696', 'Huyện Bù Đăng', '70');
INSERT INTO services_ward (id, name, district_id) VALUES ('25396', 'Thị trấn Đức Phong', '696');
INSERT INTO services_ward (id, name, district_id) VALUES ('25398', 'Xã Đường 10', '696');
INSERT INTO services_ward (id, name, district_id) VALUES ('25399', 'Xã Đak Nhau', '696');
INSERT INTO services_ward (id, name, district_id) VALUES ('25400', 'Xã Phú Sơn', '696');
INSERT INTO services_ward (id, name, district_id) VALUES ('25402', 'Xã Thọ Sơn', '696');
INSERT INTO services_ward (id, name, district_id) VALUES ('25404', 'Xã Bình Minh', '696');
INSERT INTO services_ward (id, name, district_id) VALUES ('25405', 'Xã Bom Bo', '696');
INSERT INTO services_ward (id, name, district_id) VALUES ('25408', 'Xã Minh Hưng', '696');
INSERT INTO services_ward (id, name, district_id) VALUES ('25411', 'Xã Đoàn Kết', '696');
INSERT INTO services_ward (id, name, district_id) VALUES ('25414', 'Xã Đồng Nai', '696');
INSERT INTO services_ward (id, name, district_id) VALUES ('25417', 'Xã Đức Liễu', '696');
INSERT INTO services_ward (id, name, district_id) VALUES ('25420', 'Xã Thống Nhất', '696');
INSERT INTO services_ward (id, name, district_id) VALUES ('25423', 'Xã Nghĩa Trung', '696');
INSERT INTO services_ward (id, name, district_id) VALUES ('25424', 'Xã Nghĩa Bình', '696');
INSERT INTO services_ward (id, name, district_id) VALUES ('25426', 'Xã Đăng Hà', '696');
INSERT INTO services_ward (id, name, district_id) VALUES ('25429', 'Xã Phước Sơn', '696');
INSERT INTO services_district (id, name, city_id) VALUES ('697', 'Thị xã Chơn Thành', '70');
INSERT INTO services_ward (id, name, district_id) VALUES ('25432', 'Phường Hưng Long', '697');
INSERT INTO services_ward (id, name, district_id) VALUES ('25433', 'Phường Thành Tâm', '697');
INSERT INTO services_ward (id, name, district_id) VALUES ('25435', 'Xã Minh Lập', '697');
INSERT INTO services_ward (id, name, district_id) VALUES ('25439', 'Xã Quang Minh', '697');
INSERT INTO services_ward (id, name, district_id) VALUES ('25441', 'Phường Minh Hưng', '697');
INSERT INTO services_ward (id, name, district_id) VALUES ('25444', 'Phường Minh Long', '697');
INSERT INTO services_ward (id, name, district_id) VALUES ('25447', 'Phường Minh Thành', '697');
INSERT INTO services_ward (id, name, district_id) VALUES ('25450', 'Xã Nha Bích', '697');
INSERT INTO services_ward (id, name, district_id) VALUES ('25453', 'Xã Minh Thắng', '697');
INSERT INTO services_district (id, name, city_id) VALUES ('698', 'Huyện Phú Riềng', '70');
INSERT INTO services_ward (id, name, district_id) VALUES ('25240', 'Xã Long Bình', '698');
INSERT INTO services_ward (id, name, district_id) VALUES ('25243', 'Xã Bình Tân', '698');
INSERT INTO services_ward (id, name, district_id) VALUES ('25244', 'Xã Bình Sơn', '698');
INSERT INTO services_ward (id, name, district_id) VALUES ('25246', 'Xã Long Hưng', '698');
INSERT INTO services_ward (id, name, district_id) VALUES ('25250', 'Xã Phước Tân', '698');
INSERT INTO services_ward (id, name, district_id) VALUES ('25252', 'Xã Bù Nho', '698');
INSERT INTO services_ward (id, name, district_id) VALUES ('25255', 'Xã Long Hà', '698');
INSERT INTO services_ward (id, name, district_id) VALUES ('25258', 'Xã Long Tân', '698');
INSERT INTO services_ward (id, name, district_id) VALUES ('25261', 'Xã Phú Trung', '698');
INSERT INTO services_ward (id, name, district_id) VALUES ('25264', 'Xã Phú Riềng', '698');
INSERT INTO services_city (id, name) VALUES ('72', 'Tỉnh Tây Ninh');
INSERT INTO services_district (id, name, city_id) VALUES ('703', 'Thành phố Tây Ninh', '72');
INSERT INTO services_ward (id, name, district_id) VALUES ('25456', 'Phường 1', '703');
INSERT INTO services_ward (id, name, district_id) VALUES ('25459', 'Phường 3', '703');
INSERT INTO services_ward (id, name, district_id) VALUES ('25462', 'Phường 4', '703');
INSERT INTO services_ward (id, name, district_id) VALUES ('25465', 'Phường Hiệp Ninh', '703');
INSERT INTO services_ward (id, name, district_id) VALUES ('25468', 'Phường 2', '703');
INSERT INTO services_ward (id, name, district_id) VALUES ('25471', 'Xã Thạnh Tân', '703');
INSERT INTO services_ward (id, name, district_id) VALUES ('25474', 'Xã Tân Bình', '703');
INSERT INTO services_ward (id, name, district_id) VALUES ('25477', 'Xã Bình Minh', '703');
INSERT INTO services_ward (id, name, district_id) VALUES ('25480', 'Phường Ninh Sơn', '703');
INSERT INTO services_ward (id, name, district_id) VALUES ('25483', 'Phường Ninh Thạnh', '703');
INSERT INTO services_district (id, name, city_id) VALUES ('705', 'Huyện Tân Biên', '72');
INSERT INTO services_ward (id, name, district_id) VALUES ('25486', 'Thị trấn Tân Biên', '705');
INSERT INTO services_ward (id, name, district_id) VALUES ('25489', 'Xã Tân Lập', '705');
INSERT INTO services_ward (id, name, district_id) VALUES ('25492', 'Xã Thạnh Bắc', '705');
INSERT INTO services_ward (id, name, district_id) VALUES ('25495', 'Xã Tân Bình', '705');
INSERT INTO services_ward (id, name, district_id) VALUES ('25498', 'Xã Thạnh Bình', '705');
INSERT INTO services_ward (id, name, district_id) VALUES ('25501', 'Xã Thạnh Tây', '705');
INSERT INTO services_ward (id, name, district_id) VALUES ('25504', 'Xã Hòa Hiệp', '705');
INSERT INTO services_ward (id, name, district_id) VALUES ('25507', 'Xã Tân Phong', '705');
INSERT INTO services_ward (id, name, district_id) VALUES ('25510', 'Xã Mỏ Công', '705');
INSERT INTO services_ward (id, name, district_id) VALUES ('25513', 'Xã Trà Vong', '705');
INSERT INTO services_district (id, name, city_id) VALUES ('706', 'Huyện Tân Châu', '72');
INSERT INTO services_ward (id, name, district_id) VALUES ('25516', 'Thị trấn Tân Châu', '706');
INSERT INTO services_ward (id, name, district_id) VALUES ('25519', 'Xã Tân Hà', '706');
INSERT INTO services_ward (id, name, district_id) VALUES ('25522', 'Xã Tân Đông', '706');
INSERT INTO services_ward (id, name, district_id) VALUES ('25525', 'Xã Tân Hội', '706');
INSERT INTO services_ward (id, name, district_id) VALUES ('25528', 'Xã Tân Hòa', '706');
INSERT INTO services_ward (id, name, district_id) VALUES ('25531', 'Xã Suối Ngô', '706');
INSERT INTO services_ward (id, name, district_id) VALUES ('25534', 'Xã Suối Dây', '706');
INSERT INTO services_ward (id, name, district_id) VALUES ('25537', 'Xã Tân Hiệp', '706');
INSERT INTO services_ward (id, name, district_id) VALUES ('25540', 'Xã Thạnh Đông', '706');
INSERT INTO services_ward (id, name, district_id) VALUES ('25543', 'Xã Tân Thành', '706');
INSERT INTO services_ward (id, name, district_id) VALUES ('25546', 'Xã Tân Phú', '706');
INSERT INTO services_ward (id, name, district_id) VALUES ('25549', 'Xã Tân Hưng', '706');
INSERT INTO services_district (id, name, city_id) VALUES ('707', 'Huyện Dương Minh Châu', '72');
INSERT INTO services_ward (id, name, district_id) VALUES ('25552', 'Thị trấn Dương Minh Châu', '707');
INSERT INTO services_ward (id, name, district_id) VALUES ('25555', 'Xã Suối Đá', '707');
INSERT INTO services_ward (id, name, district_id) VALUES ('25558', 'Xã Phan', '707');
INSERT INTO services_ward (id, name, district_id) VALUES ('25561', 'Xã Phước Ninh', '707');
INSERT INTO services_ward (id, name, district_id) VALUES ('25564', 'Xã Phước Minh', '707');
INSERT INTO services_ward (id, name, district_id) VALUES ('25567', 'Xã Bàu Năng', '707');
INSERT INTO services_ward (id, name, district_id) VALUES ('25570', 'Xã Chà Là', '707');
INSERT INTO services_ward (id, name, district_id) VALUES ('25573', 'Xã Cầu Khởi', '707');
INSERT INTO services_ward (id, name, district_id) VALUES ('25576', 'Xã Bến Củi', '707');
INSERT INTO services_ward (id, name, district_id) VALUES ('25579', 'Xã Lộc Ninh', '707');
INSERT INTO services_ward (id, name, district_id) VALUES ('25582', 'Xã Truông Mít', '707');
INSERT INTO services_district (id, name, city_id) VALUES ('708', 'Huyện Châu Thành', '72');
INSERT INTO services_ward (id, name, district_id) VALUES ('25585', 'Thị trấn Châu Thành', '708');
INSERT INTO services_ward (id, name, district_id) VALUES ('25588', 'Xã Hảo Đước', '708');
INSERT INTO services_ward (id, name, district_id) VALUES ('25591', 'Xã Phước Vinh', '708');
INSERT INTO services_ward (id, name, district_id) VALUES ('25594', 'Xã Đồng Khởi', '708');
INSERT INTO services_ward (id, name, district_id) VALUES ('25597', 'Xã Thái Bình', '708');
INSERT INTO services_ward (id, name, district_id) VALUES ('25600', 'Xã An Cơ', '708');
INSERT INTO services_ward (id, name, district_id) VALUES ('25603', 'Xã Biên Giới', '708');
INSERT INTO services_ward (id, name, district_id) VALUES ('25606', 'Xã Hòa Thạnh', '708');
INSERT INTO services_ward (id, name, district_id) VALUES ('25609', 'Xã Trí Bình', '708');
INSERT INTO services_ward (id, name, district_id) VALUES ('25612', 'Xã Hòa Hội', '708');
INSERT INTO services_ward (id, name, district_id) VALUES ('25615', 'Xã An Bình', '708');
INSERT INTO services_ward (id, name, district_id) VALUES ('25618', 'Xã Thanh Điền', '708');
INSERT INTO services_ward (id, name, district_id) VALUES ('25621', 'Xã Thành Long', '708');
INSERT INTO services_ward (id, name, district_id) VALUES ('25624', 'Xã Ninh Điền', '708');
INSERT INTO services_ward (id, name, district_id) VALUES ('25627', 'Xã Long Vĩnh', '708');
INSERT INTO services_district (id, name, city_id) VALUES ('709', 'Thị xã Hòa Thành', '72');
INSERT INTO services_ward (id, name, district_id) VALUES ('25630', 'Phường Long Hoa', '709');
INSERT INTO services_ward (id, name, district_id) VALUES ('25633', 'Phường Hiệp Tân', '709');
INSERT INTO services_ward (id, name, district_id) VALUES ('25636', 'Phường Long Thành Bắc', '709');
INSERT INTO services_ward (id, name, district_id) VALUES ('25639', 'Xã Trường Hòa', '709');
INSERT INTO services_ward (id, name, district_id) VALUES ('25642', 'Xã Trường Đông', '709');
INSERT INTO services_ward (id, name, district_id) VALUES ('25645', 'Phường Long Thành Trung', '709');
INSERT INTO services_ward (id, name, district_id) VALUES ('25648', 'Xã Trường Tây', '709');
INSERT INTO services_ward (id, name, district_id) VALUES ('25651', 'Xã Long Thành Nam', '709');
INSERT INTO services_district (id, name, city_id) VALUES ('710', 'Huyện Gò Dầu', '72');
INSERT INTO services_ward (id, name, district_id) VALUES ('25654', 'Thị trấn Gò Dầu', '710');
INSERT INTO services_ward (id, name, district_id) VALUES ('25657', 'Xã Thạnh Đức', '710');
INSERT INTO services_ward (id, name, district_id) VALUES ('25660', 'Xã Cẩm Giang', '710');
INSERT INTO services_ward (id, name, district_id) VALUES ('25663', 'Xã Hiệp Thạnh', '710');
INSERT INTO services_ward (id, name, district_id) VALUES ('25666', 'Xã Bàu Đồn', '710');
INSERT INTO services_ward (id, name, district_id) VALUES ('25669', 'Xã Phước Thạnh', '710');
INSERT INTO services_ward (id, name, district_id) VALUES ('25672', 'Xã Phước Đông', '710');
INSERT INTO services_ward (id, name, district_id) VALUES ('25675', 'Xã Phước Trạch', '710');
INSERT INTO services_ward (id, name, district_id) VALUES ('25678', 'Xã Thanh Phước', '710');
INSERT INTO services_district (id, name, city_id) VALUES ('711', 'Huyện Bến Cầu', '72');
INSERT INTO services_ward (id, name, district_id) VALUES ('25681', 'Thị trấn Bến Cầu', '711');
INSERT INTO services_ward (id, name, district_id) VALUES ('25684', 'Xã Long Chữ', '711');
INSERT INTO services_ward (id, name, district_id) VALUES ('25687', 'Xã Long Phước', '711');
INSERT INTO services_ward (id, name, district_id) VALUES ('25690', 'Xã Long Giang', '711');
INSERT INTO services_ward (id, name, district_id) VALUES ('25693', 'Xã Tiên Thuận', '711');
INSERT INTO services_ward (id, name, district_id) VALUES ('25696', 'Xã Long Khánh', '711');
INSERT INTO services_ward (id, name, district_id) VALUES ('25699', 'Xã Lợi Thuận', '711');
INSERT INTO services_ward (id, name, district_id) VALUES ('25702', 'Xã Long Thuận', '711');
INSERT INTO services_ward (id, name, district_id) VALUES ('25705', 'Xã An Thạnh', '711');
INSERT INTO services_district (id, name, city_id) VALUES ('712', 'Thị xã Trảng Bàng', '72');
INSERT INTO services_ward (id, name, district_id) VALUES ('25708', 'Phường Trảng Bàng', '712');
INSERT INTO services_ward (id, name, district_id) VALUES ('25711', 'Xã Đôn Thuận', '712');
INSERT INTO services_ward (id, name, district_id) VALUES ('25714', 'Xã Hưng Thuận', '712');
INSERT INTO services_ward (id, name, district_id) VALUES ('25717', 'Phường Lộc Hưng', '712');
INSERT INTO services_ward (id, name, district_id) VALUES ('25720', 'Phường Gia Lộc', '712');
INSERT INTO services_ward (id, name, district_id) VALUES ('25723', 'Phường Gia Bình', '712');
INSERT INTO services_ward (id, name, district_id) VALUES ('25729', 'Xã Phước Bình', '712');
INSERT INTO services_ward (id, name, district_id) VALUES ('25732', 'Phường An Tịnh', '712');
INSERT INTO services_ward (id, name, district_id) VALUES ('25735', 'Phường An Hòa', '712');
INSERT INTO services_ward (id, name, district_id) VALUES ('25738', 'Xã Phước Chỉ', '712');
INSERT INTO services_city (id, name) VALUES ('74', 'Tỉnh Bình Dương');
INSERT INTO services_district (id, name, city_id) VALUES ('718', 'Thành phố Thủ Dầu Một', '74');
INSERT INTO services_ward (id, name, district_id) VALUES ('25741', 'Phường Hiệp Thành', '718');
INSERT INTO services_ward (id, name, district_id) VALUES ('25744', 'Phường Phú Lợi', '718');
INSERT INTO services_ward (id, name, district_id) VALUES ('25747', 'Phường Phú Cường', '718');
INSERT INTO services_ward (id, name, district_id) VALUES ('25750', 'Phường Phú Hòa', '718');
INSERT INTO services_ward (id, name, district_id) VALUES ('25753', 'Phường Phú Thọ', '718');
INSERT INTO services_ward (id, name, district_id) VALUES ('25756', 'Phường Chánh Nghĩa', '718');
INSERT INTO services_ward (id, name, district_id) VALUES ('25759', 'Phường Định Hoà', '718');
INSERT INTO services_ward (id, name, district_id) VALUES ('25760', 'Phường Hoà Phú', '718');
INSERT INTO services_ward (id, name, district_id) VALUES ('25762', 'Phường Phú Mỹ', '718');
INSERT INTO services_ward (id, name, district_id) VALUES ('25763', 'Phường Phú Tân', '718');
INSERT INTO services_ward (id, name, district_id) VALUES ('25765', 'Phường Tân An', '718');
INSERT INTO services_ward (id, name, district_id) VALUES ('25768', 'Phường Hiệp An', '718');
INSERT INTO services_ward (id, name, district_id) VALUES ('25771', 'Phường Tương Bình Hiệp', '718');
INSERT INTO services_ward (id, name, district_id) VALUES ('25774', 'Phường Chánh Mỹ', '718');
INSERT INTO services_district (id, name, city_id) VALUES ('719', 'Huyện Bàu Bàng', '74');
INSERT INTO services_ward (id, name, district_id) VALUES ('25816', 'Xã Trừ Văn Thố', '719');
INSERT INTO services_ward (id, name, district_id) VALUES ('25819', 'Xã Cây Trường II', '719');
INSERT INTO services_ward (id, name, district_id) VALUES ('25822', 'Thị trấn Lai Uyên', '719');
INSERT INTO services_ward (id, name, district_id) VALUES ('25825', 'Xã Tân Hưng', '719');
INSERT INTO services_ward (id, name, district_id) VALUES ('25828', 'Xã Long Nguyên', '719');
INSERT INTO services_ward (id, name, district_id) VALUES ('25831', 'Xã Hưng Hòa', '719');
INSERT INTO services_ward (id, name, district_id) VALUES ('25834', 'Xã Lai Hưng', '719');
INSERT INTO services_district (id, name, city_id) VALUES ('720', 'Huyện Dầu Tiếng', '74');
INSERT INTO services_ward (id, name, district_id) VALUES ('25777', 'Thị trấn Dầu Tiếng', '720');
INSERT INTO services_ward (id, name, district_id) VALUES ('25780', 'Xã Minh Hoà', '720');
INSERT INTO services_ward (id, name, district_id) VALUES ('25783', 'Xã Minh Thạnh', '720');
INSERT INTO services_ward (id, name, district_id) VALUES ('25786', 'Xã Minh Tân', '720');
INSERT INTO services_ward (id, name, district_id) VALUES ('25789', 'Xã Định An', '720');
INSERT INTO services_ward (id, name, district_id) VALUES ('25792', 'Xã Long Hoà', '720');
INSERT INTO services_ward (id, name, district_id) VALUES ('25795', 'Xã Định Thành', '720');
INSERT INTO services_ward (id, name, district_id) VALUES ('25798', 'Xã Định Hiệp', '720');
INSERT INTO services_ward (id, name, district_id) VALUES ('25801', 'Xã An Lập', '720');
INSERT INTO services_ward (id, name, district_id) VALUES ('25804', 'Xã Long Tân', '720');
INSERT INTO services_ward (id, name, district_id) VALUES ('25807', 'Xã Thanh An', '720');
INSERT INTO services_ward (id, name, district_id) VALUES ('25810', 'Xã Thanh Tuyền', '720');
INSERT INTO services_district (id, name, city_id) VALUES ('721', 'Thành phố Bến Cát', '74');
INSERT INTO services_ward (id, name, district_id) VALUES ('25813', 'Phường Mỹ Phước', '721');
INSERT INTO services_ward (id, name, district_id) VALUES ('25837', 'Phường Chánh Phú Hòa', '721');
INSERT INTO services_ward (id, name, district_id) VALUES ('25840', 'Phường An Điền', '721');
INSERT INTO services_ward (id, name, district_id) VALUES ('25843', 'Phường An Tây', '721');
INSERT INTO services_ward (id, name, district_id) VALUES ('25846', 'Phường Thới Hòa', '721');
INSERT INTO services_ward (id, name, district_id) VALUES ('25849', 'Phường Hòa Lợi', '721');
INSERT INTO services_ward (id, name, district_id) VALUES ('25852', 'Phường Tân Định', '721');
INSERT INTO services_ward (id, name, district_id) VALUES ('25855', 'Xã Phú An', '721');
INSERT INTO services_district (id, name, city_id) VALUES ('722', 'Huyện Phú Giáo', '74');
INSERT INTO services_ward (id, name, district_id) VALUES ('25858', 'Thị trấn Phước Vĩnh', '722');
INSERT INTO services_ward (id, name, district_id) VALUES ('25861', 'Xã An Linh', '722');
INSERT INTO services_ward (id, name, district_id) VALUES ('25864', 'Xã Phước Sang', '722');
INSERT INTO services_ward (id, name, district_id) VALUES ('25865', 'Xã An Thái', '722');
INSERT INTO services_ward (id, name, district_id) VALUES ('25867', 'Xã An Long', '722');
INSERT INTO services_ward (id, name, district_id) VALUES ('25870', 'Xã An Bình', '722');
INSERT INTO services_ward (id, name, district_id) VALUES ('25873', 'Xã Tân Hiệp', '722');
INSERT INTO services_ward (id, name, district_id) VALUES ('25876', 'Xã Tam Lập', '722');
INSERT INTO services_ward (id, name, district_id) VALUES ('25879', 'Xã Tân Long', '722');
INSERT INTO services_ward (id, name, district_id) VALUES ('25882', 'Xã Vĩnh Hoà', '722');
INSERT INTO services_ward (id, name, district_id) VALUES ('25885', 'Xã Phước Hoà', '722');
INSERT INTO services_district (id, name, city_id) VALUES ('723', 'Thành phố Tân Uyên', '74');
INSERT INTO services_ward (id, name, district_id) VALUES ('25888', 'Phường Uyên Hưng', '723');
INSERT INTO services_ward (id, name, district_id) VALUES ('25891', 'Phường Tân Phước Khánh', '723');
INSERT INTO services_ward (id, name, district_id) VALUES ('25912', 'Phường Vĩnh Tân', '723');
INSERT INTO services_ward (id, name, district_id) VALUES ('25915', 'Phường Hội Nghĩa', '723');
INSERT INTO services_ward (id, name, district_id) VALUES ('25920', 'Phường Tân Hiệp', '723');
INSERT INTO services_ward (id, name, district_id) VALUES ('25921', 'Phường Khánh Bình', '723');
INSERT INTO services_ward (id, name, district_id) VALUES ('25924', 'Phường Phú Chánh', '723');
INSERT INTO services_ward (id, name, district_id) VALUES ('25930', 'Xã Bạch Đằng', '723');
INSERT INTO services_ward (id, name, district_id) VALUES ('25933', 'Phường Tân Vĩnh Hiệp', '723');
INSERT INTO services_ward (id, name, district_id) VALUES ('25936', 'Phường Thạnh Phước', '723');
INSERT INTO services_ward (id, name, district_id) VALUES ('25937', 'Xã Thạnh Hội', '723');
INSERT INTO services_ward (id, name, district_id) VALUES ('25939', 'Phường Thái Hòa', '723');
INSERT INTO services_district (id, name, city_id) VALUES ('724', 'Thành phố Dĩ An', '74');
INSERT INTO services_ward (id, name, district_id) VALUES ('25942', 'Phường Dĩ An', '724');
INSERT INTO services_ward (id, name, district_id) VALUES ('25945', 'Phường Tân Bình', '724');
INSERT INTO services_ward (id, name, district_id) VALUES ('25948', 'Phường Tân Đông Hiệp', '724');
INSERT INTO services_ward (id, name, district_id) VALUES ('25951', 'Phường Bình An', '724');
INSERT INTO services_ward (id, name, district_id) VALUES ('25954', 'Phường Bình Thắng', '724');
INSERT INTO services_ward (id, name, district_id) VALUES ('25957', 'Phường Đông Hòa', '724');
INSERT INTO services_ward (id, name, district_id) VALUES ('25960', 'Phường An Bình', '724');
INSERT INTO services_district (id, name, city_id) VALUES ('725', 'Thành phố Thuận An', '74');
INSERT INTO services_ward (id, name, district_id) VALUES ('25963', 'Phường An Thạnh', '725');
INSERT INTO services_ward (id, name, district_id) VALUES ('25966', 'Phường Lái Thiêu', '725');
INSERT INTO services_ward (id, name, district_id) VALUES ('25969', 'Phường Bình Chuẩn', '725');
INSERT INTO services_ward (id, name, district_id) VALUES ('25972', 'Phường Thuận Giao', '725');
INSERT INTO services_ward (id, name, district_id) VALUES ('25975', 'Phường An Phú', '725');
INSERT INTO services_ward (id, name, district_id) VALUES ('25978', 'Phường Hưng Định', '725');
INSERT INTO services_ward (id, name, district_id) VALUES ('25981', 'Xã An Sơn', '725');
INSERT INTO services_ward (id, name, district_id) VALUES ('25984', 'Phường Bình Nhâm', '725');
INSERT INTO services_ward (id, name, district_id) VALUES ('25987', 'Phường Bình Hòa', '725');
INSERT INTO services_ward (id, name, district_id) VALUES ('25990', 'Phường Vĩnh Phú', '725');
INSERT INTO services_district (id, name, city_id) VALUES ('726', 'Huyện Bắc Tân Uyên', '74');
INSERT INTO services_ward (id, name, district_id) VALUES ('25894', 'Xã Tân Định', '726');
INSERT INTO services_ward (id, name, district_id) VALUES ('25897', 'Xã Bình Mỹ', '726');
INSERT INTO services_ward (id, name, district_id) VALUES ('25900', 'Thị trấn Tân Bình', '726');
INSERT INTO services_ward (id, name, district_id) VALUES ('25903', 'Xã Tân Lập', '726');
INSERT INTO services_ward (id, name, district_id) VALUES ('25906', 'Thị trấn Tân Thành', '726');
INSERT INTO services_ward (id, name, district_id) VALUES ('25907', 'Xã Đất Cuốc', '726');
INSERT INTO services_ward (id, name, district_id) VALUES ('25908', 'Xã Hiếu Liêm', '726');
INSERT INTO services_ward (id, name, district_id) VALUES ('25909', 'Xã Lạc An', '726');
INSERT INTO services_ward (id, name, district_id) VALUES ('25918', 'Xã Tân Mỹ', '726');
INSERT INTO services_ward (id, name, district_id) VALUES ('25927', 'Xã Thường Tân', '726');
INSERT INTO services_city (id, name) VALUES ('75', 'Tỉnh Đồng Nai');
INSERT INTO services_district (id, name, city_id) VALUES ('731', 'Thành phố Biên Hòa', '75');
INSERT INTO services_ward (id, name, district_id) VALUES ('25993', 'Phường Trảng Dài', '731');
INSERT INTO services_ward (id, name, district_id) VALUES ('25996', 'Phường Tân Phong', '731');
INSERT INTO services_ward (id, name, district_id) VALUES ('25999', 'Phường Tân Biên', '731');
INSERT INTO services_ward (id, name, district_id) VALUES ('26002', 'Phường Hố Nai', '731');
INSERT INTO services_ward (id, name, district_id) VALUES ('26005', 'Phường Tân Hòa', '731');
INSERT INTO services_ward (id, name, district_id) VALUES ('26008', 'Phường Tân Hiệp', '731');
INSERT INTO services_ward (id, name, district_id) VALUES ('26011', 'Phường Bửu Long', '731');
INSERT INTO services_ward (id, name, district_id) VALUES ('26014', 'Phường Tân Mai', '731');
INSERT INTO services_ward (id, name, district_id) VALUES ('26017', 'Phường Tam Hiệp', '731');
INSERT INTO services_ward (id, name, district_id) VALUES ('26020', 'Phường Long Bình', '731');
INSERT INTO services_ward (id, name, district_id) VALUES ('26023', 'Phường Quang Vinh', '731');
INSERT INTO services_ward (id, name, district_id) VALUES ('26029', 'Phường Thống Nhất', '731');
INSERT INTO services_ward (id, name, district_id) VALUES ('26041', 'Phường Trung Dũng', '731');
INSERT INTO services_ward (id, name, district_id) VALUES ('26047', 'Phường Bình Đa', '731');
INSERT INTO services_ward (id, name, district_id) VALUES ('26050', 'Phường An Bình', '731');
INSERT INTO services_ward (id, name, district_id) VALUES ('26053', 'Phường Bửu Hòa', '731');
INSERT INTO services_ward (id, name, district_id) VALUES ('26056', 'Phường Long Bình Tân', '731');
INSERT INTO services_ward (id, name, district_id) VALUES ('26059', 'Phường Tân Vạn', '731');
INSERT INTO services_ward (id, name, district_id) VALUES ('26062', 'Phường Tân Hạnh', '731');
INSERT INTO services_ward (id, name, district_id) VALUES ('26065', 'Phường Hiệp Hòa', '731');
INSERT INTO services_ward (id, name, district_id) VALUES ('26068', 'Phường Hóa An', '731');
INSERT INTO services_ward (id, name, district_id) VALUES ('26371', 'Phường An Hòa', '731');
INSERT INTO services_ward (id, name, district_id) VALUES ('26374', 'Phường Tam Phước', '731');
INSERT INTO services_ward (id, name, district_id) VALUES ('26377', 'Phường Phước Tân', '731');
INSERT INTO services_ward (id, name, district_id) VALUES ('26380', 'Xã Long Hưng', '731');
INSERT INTO services_district (id, name, city_id) VALUES ('732', 'Thành phố Long Khánh', '75');
INSERT INTO services_ward (id, name, district_id) VALUES ('26077', 'Phường Xuân Bình', '732');
INSERT INTO services_ward (id, name, district_id) VALUES ('26080', 'Phường Xuân An', '732');
INSERT INTO services_ward (id, name, district_id) VALUES ('26083', 'Phường Xuân Hoà', '732');
INSERT INTO services_ward (id, name, district_id) VALUES ('26086', 'Phường Phú Bình', '732');
INSERT INTO services_ward (id, name, district_id) VALUES ('26089', 'Xã Bình Lộc', '732');
INSERT INTO services_ward (id, name, district_id) VALUES ('26092', 'Xã Bảo Quang', '732');
INSERT INTO services_ward (id, name, district_id) VALUES ('26095', 'Phường Suối Tre', '732');
INSERT INTO services_ward (id, name, district_id) VALUES ('26098', 'Phường Bảo Vinh', '732');
INSERT INTO services_ward (id, name, district_id) VALUES ('26101', 'Phường Xuân Lập', '732');
INSERT INTO services_ward (id, name, district_id) VALUES ('26104', 'Phường Bàu Sen', '732');
INSERT INTO services_ward (id, name, district_id) VALUES ('26107', 'Xã Bàu Trâm', '732');
INSERT INTO services_ward (id, name, district_id) VALUES ('26110', 'Phường Xuân Tân', '732');
INSERT INTO services_ward (id, name, district_id) VALUES ('26113', 'Xã Hàng Gòn', '732');
INSERT INTO services_district (id, name, city_id) VALUES ('734', 'Huyện Tân Phú', '75');
INSERT INTO services_ward (id, name, district_id) VALUES ('26116', 'Thị trấn Tân Phú', '734');
INSERT INTO services_ward (id, name, district_id) VALUES ('26119', 'Xã Dak Lua', '734');
INSERT INTO services_ward (id, name, district_id) VALUES ('26122', 'Xã Nam Cát Tiên', '734');
INSERT INTO services_ward (id, name, district_id) VALUES ('26125', 'Xã Phú An', '734');
INSERT INTO services_ward (id, name, district_id) VALUES ('26131', 'Xã Tà Lài', '734');
INSERT INTO services_ward (id, name, district_id) VALUES ('26134', 'Xã Phú Lập', '734');
INSERT INTO services_ward (id, name, district_id) VALUES ('26140', 'Xã Phú Thịnh', '734');
INSERT INTO services_ward (id, name, district_id) VALUES ('26143', 'Xã Thanh Sơn', '734');
INSERT INTO services_ward (id, name, district_id) VALUES ('26146', 'Xã Phú Sơn', '734');
INSERT INTO services_ward (id, name, district_id) VALUES ('26149', 'Xã Phú Xuân', '734');
INSERT INTO services_ward (id, name, district_id) VALUES ('26152', 'Xã Phú Lộc', '734');
INSERT INTO services_ward (id, name, district_id) VALUES ('26155', 'Xã Phú Lâm', '734');
INSERT INTO services_ward (id, name, district_id) VALUES ('26158', 'Xã Phú Bình', '734');
INSERT INTO services_ward (id, name, district_id) VALUES ('26161', 'Xã Phú Thanh', '734');
INSERT INTO services_ward (id, name, district_id) VALUES ('26164', 'Xã Trà Cổ', '734');
INSERT INTO services_ward (id, name, district_id) VALUES ('26167', 'Xã Phú Điền', '734');
INSERT INTO services_district (id, name, city_id) VALUES ('735', 'Huyện Vĩnh Cửu', '75');
INSERT INTO services_ward (id, name, district_id) VALUES ('26170', 'Thị trấn Vĩnh An', '735');
INSERT INTO services_ward (id, name, district_id) VALUES ('26173', 'Xã Phú Lý', '735');
INSERT INTO services_ward (id, name, district_id) VALUES ('26176', 'Xã Trị An', '735');
INSERT INTO services_ward (id, name, district_id) VALUES ('26179', 'Xã Tân An', '735');
INSERT INTO services_ward (id, name, district_id) VALUES ('26182', 'Xã Vĩnh Tân', '735');
INSERT INTO services_ward (id, name, district_id) VALUES ('26185', 'Xã Bình Lợi', '735');
INSERT INTO services_ward (id, name, district_id) VALUES ('26188', 'Xã Thạnh Phú', '735');
INSERT INTO services_ward (id, name, district_id) VALUES ('26191', 'Xã Thiện Tân', '735');
INSERT INTO services_ward (id, name, district_id) VALUES ('26194', 'Xã Tân Bình', '735');
INSERT INTO services_ward (id, name, district_id) VALUES ('26200', 'Xã Mã Đà', '735');
INSERT INTO services_district (id, name, city_id) VALUES ('736', 'Huyện Định Quán', '75');
INSERT INTO services_ward (id, name, district_id) VALUES ('26206', 'Thị trấn Định Quán', '736');
INSERT INTO services_ward (id, name, district_id) VALUES ('26209', 'Xã Thanh Sơn', '736');
INSERT INTO services_ward (id, name, district_id) VALUES ('26212', 'Xã Phú Tân', '736');
INSERT INTO services_ward (id, name, district_id) VALUES ('26215', 'Xã Phú Vinh', '736');
INSERT INTO services_ward (id, name, district_id) VALUES ('26218', 'Xã Phú Lợi', '736');
INSERT INTO services_ward (id, name, district_id) VALUES ('26221', 'Xã Phú Hòa', '736');
INSERT INTO services_ward (id, name, district_id) VALUES ('26224', 'Xã Ngọc Định', '736');
INSERT INTO services_ward (id, name, district_id) VALUES ('26227', 'Xã La Ngà', '736');
INSERT INTO services_ward (id, name, district_id) VALUES ('26230', 'Xã Gia Canh', '736');
INSERT INTO services_ward (id, name, district_id) VALUES ('26233', 'Xã Phú Ngọc', '736');
INSERT INTO services_ward (id, name, district_id) VALUES ('26236', 'Xã Phú Cường', '736');
INSERT INTO services_ward (id, name, district_id) VALUES ('26239', 'Xã Túc Trưng', '736');
INSERT INTO services_ward (id, name, district_id) VALUES ('26242', 'Xã Phú Túc', '736');
INSERT INTO services_ward (id, name, district_id) VALUES ('26245', 'Xã Suối Nho', '736');
INSERT INTO services_district (id, name, city_id) VALUES ('737', 'Huyện Trảng Bom', '75');
INSERT INTO services_ward (id, name, district_id) VALUES ('26248', 'Thị trấn Trảng Bom', '737');
INSERT INTO services_ward (id, name, district_id) VALUES ('26251', 'Xã Thanh Bình', '737');
INSERT INTO services_ward (id, name, district_id) VALUES ('26254', 'Xã Cây Gáo', '737');
INSERT INTO services_ward (id, name, district_id) VALUES ('26257', 'Xã Bàu Hàm', '737');
INSERT INTO services_ward (id, name, district_id) VALUES ('26260', 'Xã Sông Thao', '737');
INSERT INTO services_ward (id, name, district_id) VALUES ('26263', 'Xã Sông Trầu', '737');
INSERT INTO services_ward (id, name, district_id) VALUES ('26266', 'Xã Đông Hoà', '737');
INSERT INTO services_ward (id, name, district_id) VALUES ('26269', 'Xã Bắc Sơn', '737');
INSERT INTO services_ward (id, name, district_id) VALUES ('26272', 'Xã Hố Nai 3', '737');
INSERT INTO services_ward (id, name, district_id) VALUES ('26275', 'Xã Tây Hoà', '737');
INSERT INTO services_ward (id, name, district_id) VALUES ('26278', 'Xã Bình Minh', '737');
INSERT INTO services_ward (id, name, district_id) VALUES ('26281', 'Xã Trung Hoà', '737');
INSERT INTO services_ward (id, name, district_id) VALUES ('26284', 'Xã Đồi 61', '737');
INSERT INTO services_ward (id, name, district_id) VALUES ('26287', 'Xã Hưng Thịnh', '737');
INSERT INTO services_ward (id, name, district_id) VALUES ('26290', 'Xã Quảng Tiến', '737');
INSERT INTO services_ward (id, name, district_id) VALUES ('26293', 'Xã Giang Điền', '737');
INSERT INTO services_ward (id, name, district_id) VALUES ('26296', 'Xã An Viễn', '737');
INSERT INTO services_district (id, name, city_id) VALUES ('738', 'Huyện Thống Nhất', '75');
INSERT INTO services_ward (id, name, district_id) VALUES ('26299', 'Xã Gia Tân 1', '738');
INSERT INTO services_ward (id, name, district_id) VALUES ('26302', 'Xã Gia Tân 2', '738');
INSERT INTO services_ward (id, name, district_id) VALUES ('26305', 'Xã Gia Tân 3', '738');
INSERT INTO services_ward (id, name, district_id) VALUES ('26308', 'Xã Gia Kiệm', '738');
INSERT INTO services_ward (id, name, district_id) VALUES ('26311', 'Xã Quang Trung', '738');
INSERT INTO services_ward (id, name, district_id) VALUES ('26314', 'Xã Bàu Hàm 2', '738');
INSERT INTO services_ward (id, name, district_id) VALUES ('26317', 'Xã Hưng Lộc', '738');
INSERT INTO services_ward (id, name, district_id) VALUES ('26320', 'Xã Lộ 25', '738');
INSERT INTO services_ward (id, name, district_id) VALUES ('26323', 'Xã Xuân Thiện', '738');
INSERT INTO services_ward (id, name, district_id) VALUES ('26326', 'Thị trấn Dầu Giây', '738');
INSERT INTO services_district (id, name, city_id) VALUES ('739', 'Huyện Cẩm Mỹ', '75');
INSERT INTO services_ward (id, name, district_id) VALUES ('26329', 'Xã Sông Nhạn', '739');
INSERT INTO services_ward (id, name, district_id) VALUES ('26332', 'Xã Xuân Quế', '739');
INSERT INTO services_ward (id, name, district_id) VALUES ('26335', 'Xã Nhân Nghĩa', '739');
INSERT INTO services_ward (id, name, district_id) VALUES ('26338', 'Xã Xuân Đường', '739');
INSERT INTO services_ward (id, name, district_id) VALUES ('26341', 'Thị trấn Long Giao', '739');
INSERT INTO services_ward (id, name, district_id) VALUES ('26344', 'Xã Xuân Mỹ', '739');
INSERT INTO services_ward (id, name, district_id) VALUES ('26347', 'Xã Thừa Đức', '739');
INSERT INTO services_ward (id, name, district_id) VALUES ('26350', 'Xã Bảo Bình', '739');
INSERT INTO services_ward (id, name, district_id) VALUES ('26353', 'Xã Xuân Bảo', '739');
INSERT INTO services_ward (id, name, district_id) VALUES ('26356', 'Xã Xuân Tây', '739');
INSERT INTO services_ward (id, name, district_id) VALUES ('26359', 'Xã Xuân Đông', '739');
INSERT INTO services_ward (id, name, district_id) VALUES ('26362', 'Xã Sông Ray', '739');
INSERT INTO services_ward (id, name, district_id) VALUES ('26365', 'Xã Lâm San', '739');
INSERT INTO services_district (id, name, city_id) VALUES ('740', 'Huyện Long Thành', '75');
INSERT INTO services_ward (id, name, district_id) VALUES ('26368', 'Thị trấn Long Thành', '740');
INSERT INTO services_ward (id, name, district_id) VALUES ('26383', 'Xã An Phước', '740');
INSERT INTO services_ward (id, name, district_id) VALUES ('26386', 'Xã Bình An', '740');
INSERT INTO services_ward (id, name, district_id) VALUES ('26389', 'Xã Long Đức', '740');
INSERT INTO services_ward (id, name, district_id) VALUES ('26392', 'Xã Lộc An', '740');
INSERT INTO services_ward (id, name, district_id) VALUES ('26395', 'Xã Bình Sơn', '740');
INSERT INTO services_ward (id, name, district_id) VALUES ('26398', 'Xã Tam An', '740');
INSERT INTO services_ward (id, name, district_id) VALUES ('26401', 'Xã Cẩm Đường', '740');
INSERT INTO services_ward (id, name, district_id) VALUES ('26404', 'Xã Long An', '740');
INSERT INTO services_ward (id, name, district_id) VALUES ('26410', 'Xã Bàu Cạn', '740');
INSERT INTO services_ward (id, name, district_id) VALUES ('26413', 'Xã Long Phước', '740');
INSERT INTO services_ward (id, name, district_id) VALUES ('26416', 'Xã Phước Bình', '740');
INSERT INTO services_ward (id, name, district_id) VALUES ('26419', 'Xã Tân Hiệp', '740');
INSERT INTO services_ward (id, name, district_id) VALUES ('26422', 'Xã Phước Thái', '740');
INSERT INTO services_district (id, name, city_id) VALUES ('741', 'Huyện Xuân Lộc', '75');
INSERT INTO services_ward (id, name, district_id) VALUES ('26425', 'Thị trấn Gia Ray', '741');
INSERT INTO services_ward (id, name, district_id) VALUES ('26428', 'Xã Xuân Bắc', '741');
INSERT INTO services_ward (id, name, district_id) VALUES ('26431', 'Xã Suối Cao', '741');
INSERT INTO services_ward (id, name, district_id) VALUES ('26434', 'Xã Xuân Thành', '741');
INSERT INTO services_ward (id, name, district_id) VALUES ('26437', 'Xã Xuân Thọ', '741');
INSERT INTO services_ward (id, name, district_id) VALUES ('26440', 'Xã Xuân Trường', '741');
INSERT INTO services_ward (id, name, district_id) VALUES ('26443', 'Xã Xuân Hòa', '741');
INSERT INTO services_ward (id, name, district_id) VALUES ('26446', 'Xã Xuân Hưng', '741');
INSERT INTO services_ward (id, name, district_id) VALUES ('26449', 'Xã Xuân Tâm', '741');
INSERT INTO services_ward (id, name, district_id) VALUES ('26452', 'Xã Suối Cát', '741');
INSERT INTO services_ward (id, name, district_id) VALUES ('26455', 'Xã Xuân Hiệp', '741');
INSERT INTO services_ward (id, name, district_id) VALUES ('26458', 'Xã Xuân Phú', '741');
INSERT INTO services_ward (id, name, district_id) VALUES ('26461', 'Xã Xuân Định', '741');
INSERT INTO services_ward (id, name, district_id) VALUES ('26464', 'Xã Bảo Hoà', '741');
INSERT INTO services_ward (id, name, district_id) VALUES ('26467', 'Xã Lang Minh', '741');
INSERT INTO services_district (id, name, city_id) VALUES ('742', 'Huyện Nhơn Trạch', '75');
INSERT INTO services_ward (id, name, district_id) VALUES ('26485', 'Xã Phú Hội', '742');
INSERT INTO services_ward (id, name, district_id) VALUES ('26470', 'Xã Phước Thiền', '742');
INSERT INTO services_ward (id, name, district_id) VALUES ('26473', 'Xã Long Tân', '742');
INSERT INTO services_ward (id, name, district_id) VALUES ('26476', 'Xã Đại Phước', '742');
INSERT INTO services_ward (id, name, district_id) VALUES ('26479', 'Thị trấn Hiệp Phước', '742');
INSERT INTO services_ward (id, name, district_id) VALUES ('26482', 'Xã Phú Hữu', '742');
INSERT INTO services_ward (id, name, district_id) VALUES ('26488', 'Xã Phú Thạnh', '742');
INSERT INTO services_ward (id, name, district_id) VALUES ('26491', 'Xã Phú Đông', '742');
INSERT INTO services_ward (id, name, district_id) VALUES ('26494', 'Xã Long Thọ', '742');
INSERT INTO services_ward (id, name, district_id) VALUES ('26497', 'Xã Vĩnh Thanh', '742');
INSERT INTO services_ward (id, name, district_id) VALUES ('26500', 'Xã Phước Khánh', '742');
INSERT INTO services_ward (id, name, district_id) VALUES ('26503', 'Xã Phước An', '742');
INSERT INTO services_city (id, name) VALUES ('77', 'Tỉnh Bà Rịa - Vũng Tàu');
INSERT INTO services_district (id, name, city_id) VALUES ('747', 'Thành phố Vũng Tàu', '77');
INSERT INTO services_ward (id, name, district_id) VALUES ('26506', 'Phường 1', '747');
INSERT INTO services_ward (id, name, district_id) VALUES ('26508', 'Phường Thắng Tam', '747');
INSERT INTO services_ward (id, name, district_id) VALUES ('26509', 'Phường 2', '747');
INSERT INTO services_ward (id, name, district_id) VALUES ('26512', 'Phường 3', '747');
INSERT INTO services_ward (id, name, district_id) VALUES ('26515', 'Phường 4', '747');
INSERT INTO services_ward (id, name, district_id) VALUES ('26518', 'Phường 5', '747');
INSERT INTO services_ward (id, name, district_id) VALUES ('26521', 'Phường Thắng Nhì', '747');
INSERT INTO services_ward (id, name, district_id) VALUES ('26524', 'Phường 7', '747');
INSERT INTO services_ward (id, name, district_id) VALUES ('26526', 'Phường Nguyễn An Ninh', '747');
INSERT INTO services_ward (id, name, district_id) VALUES ('26527', 'Phường 8', '747');
INSERT INTO services_ward (id, name, district_id) VALUES ('26530', 'Phường 9', '747');
INSERT INTO services_ward (id, name, district_id) VALUES ('26533', 'Phường Thắng Nhất', '747');
INSERT INTO services_ward (id, name, district_id) VALUES ('26535', 'Phường Rạch Dừa', '747');
INSERT INTO services_ward (id, name, district_id) VALUES ('26536', 'Phường 10', '747');
INSERT INTO services_ward (id, name, district_id) VALUES ('26539', 'Phường 11', '747');
INSERT INTO services_ward (id, name, district_id) VALUES ('26542', 'Phường 12', '747');
INSERT INTO services_ward (id, name, district_id) VALUES ('26545', 'Xã Long Sơn', '747');
INSERT INTO services_district (id, name, city_id) VALUES ('748', 'Thành phố Bà Rịa', '77');
INSERT INTO services_ward (id, name, district_id) VALUES ('26548', 'Phường Phước Hưng', '748');
INSERT INTO services_ward (id, name, district_id) VALUES ('26554', 'Phường Phước Nguyên', '748');
INSERT INTO services_ward (id, name, district_id) VALUES ('26557', 'Phường Long Toàn', '748');
INSERT INTO services_ward (id, name, district_id) VALUES ('26558', 'Phường Long Tâm', '748');
INSERT INTO services_ward (id, name, district_id) VALUES ('26560', 'Phường Phước Trung', '748');
INSERT INTO services_ward (id, name, district_id) VALUES ('26563', 'Phường Long Hương', '748');
INSERT INTO services_ward (id, name, district_id) VALUES ('26566', 'Phường Kim Dinh', '748');
INSERT INTO services_ward (id, name, district_id) VALUES ('26567', 'Xã Tân Hưng', '748');
INSERT INTO services_ward (id, name, district_id) VALUES ('26569', 'Xã Long Phước', '748');
INSERT INTO services_ward (id, name, district_id) VALUES ('26572', 'Xã Hoà Long', '748');
INSERT INTO services_district (id, name, city_id) VALUES ('750', 'Huyện Châu Đức', '77');
INSERT INTO services_ward (id, name, district_id) VALUES ('26574', 'Xã Bàu Chinh', '750');
INSERT INTO services_ward (id, name, district_id) VALUES ('26575', 'Thị trấn Ngãi Giao', '750');
INSERT INTO services_ward (id, name, district_id) VALUES ('26578', 'Xã Bình Ba', '750');
INSERT INTO services_ward (id, name, district_id) VALUES ('26581', 'Xã Suối Nghệ', '750');
INSERT INTO services_ward (id, name, district_id) VALUES ('26584', 'Xã Xuân Sơn', '750');
INSERT INTO services_ward (id, name, district_id) VALUES ('26587', 'Xã Sơn Bình', '750');
INSERT INTO services_ward (id, name, district_id) VALUES ('26590', 'Xã Bình Giã', '750');
INSERT INTO services_ward (id, name, district_id) VALUES ('26593', 'Xã Bình Trung', '750');
INSERT INTO services_ward (id, name, district_id) VALUES ('26596', 'Xã Xà Bang', '750');
INSERT INTO services_ward (id, name, district_id) VALUES ('26599', 'Xã Cù Bị', '750');
INSERT INTO services_ward (id, name, district_id) VALUES ('26602', 'Xã Láng Lớn', '750');
INSERT INTO services_ward (id, name, district_id) VALUES ('26605', 'Xã Quảng Thành', '750');
INSERT INTO services_ward (id, name, district_id) VALUES ('26608', 'Thị trấn Kim Long', '750');
INSERT INTO services_ward (id, name, district_id) VALUES ('26611', 'Xã Suối Rao', '750');
INSERT INTO services_ward (id, name, district_id) VALUES ('26614', 'Xã Đá Bạc', '750');
INSERT INTO services_ward (id, name, district_id) VALUES ('26617', 'Xã Nghĩa Thành', '750');
INSERT INTO services_district (id, name, city_id) VALUES ('751', 'Huyện Xuyên Mộc', '77');
INSERT INTO services_ward (id, name, district_id) VALUES ('26620', 'Thị trấn Phước Bửu', '751');
INSERT INTO services_ward (id, name, district_id) VALUES ('26623', 'Xã Phước Thuận', '751');
INSERT INTO services_ward (id, name, district_id) VALUES ('26626', 'Xã Phước Tân', '751');
INSERT INTO services_ward (id, name, district_id) VALUES ('26629', 'Xã Xuyên Mộc', '751');
INSERT INTO services_ward (id, name, district_id) VALUES ('26632', 'Xã Bông Trang', '751');
INSERT INTO services_ward (id, name, district_id) VALUES ('26635', 'Xã Tân Lâm', '751');
INSERT INTO services_ward (id, name, district_id) VALUES ('26638', 'Xã Bàu Lâm', '751');
INSERT INTO services_ward (id, name, district_id) VALUES ('26641', 'Xã Hòa Bình', '751');
INSERT INTO services_ward (id, name, district_id) VALUES ('26644', 'Xã Hòa Hưng', '751');
INSERT INTO services_ward (id, name, district_id) VALUES ('26647', 'Xã Hòa Hiệp', '751');
INSERT INTO services_ward (id, name, district_id) VALUES ('26650', 'Xã Hòa Hội', '751');
INSERT INTO services_ward (id, name, district_id) VALUES ('26653', 'Xã Bưng Riềng', '751');
INSERT INTO services_ward (id, name, district_id) VALUES ('26656', 'Xã Bình Châu', '751');
INSERT INTO services_district (id, name, city_id) VALUES ('753', 'Huyện Long Đất', '77');
INSERT INTO services_ward (id, name, district_id) VALUES ('26659', 'Thị trấn Long Điền', '753');
INSERT INTO services_ward (id, name, district_id) VALUES ('26662', 'Thị trấn Long Hải', '753');
INSERT INTO services_ward (id, name, district_id) VALUES ('26668', 'Xã Tam An', '753');
INSERT INTO services_ward (id, name, district_id) VALUES ('26674', 'Xã Phước Tỉnh', '753');
INSERT INTO services_ward (id, name, district_id) VALUES ('26677', 'Xã Phước Hưng', '753');
INSERT INTO services_ward (id, name, district_id) VALUES ('26680', 'Thị trấn Đất Đỏ', '753');
INSERT INTO services_ward (id, name, district_id) VALUES ('26683', 'Xã Phước Long Thọ', '753');
INSERT INTO services_ward (id, name, district_id) VALUES ('26686', 'Xã Phước Hội', '753');
INSERT INTO services_ward (id, name, district_id) VALUES ('26689', 'Thị trấn Phước Hải', '753');
INSERT INTO services_ward (id, name, district_id) VALUES ('26695', 'Xã Long Tân', '753');
INSERT INTO services_ward (id, name, district_id) VALUES ('26698', 'Xã Láng Dài', '753');
INSERT INTO services_district (id, name, city_id) VALUES ('754', 'Thành phố Phú Mỹ', '77');
INSERT INTO services_ward (id, name, district_id) VALUES ('26704', 'Phường Phú Mỹ', '754');
INSERT INTO services_ward (id, name, district_id) VALUES ('26707', 'Phường Tân Hoà', '754');
INSERT INTO services_ward (id, name, district_id) VALUES ('26710', 'Phường Tân Hải', '754');
INSERT INTO services_ward (id, name, district_id) VALUES ('26713', 'Phường Phước Hoà', '754');
INSERT INTO services_ward (id, name, district_id) VALUES ('26716', 'Phường Tân Phước', '754');
INSERT INTO services_ward (id, name, district_id) VALUES ('26719', 'Phường Mỹ Xuân', '754');
INSERT INTO services_ward (id, name, district_id) VALUES ('26722', 'Xã Sông Xoài', '754');
INSERT INTO services_ward (id, name, district_id) VALUES ('26725', 'Phường Hắc Dịch', '754');
INSERT INTO services_ward (id, name, district_id) VALUES ('26728', 'Xã Châu Pha', '754');
INSERT INTO services_ward (id, name, district_id) VALUES ('26731', 'Xã Tóc Tiên', '754');
INSERT INTO services_district (id, name, city_id) VALUES ('755', 'Huyện Côn Đảo', '77');
INSERT INTO services_city (id, name) VALUES ('79', 'Thành phố Hồ Chí Minh');
INSERT INTO services_district (id, name, city_id) VALUES ('760', 'Quận 1', '79');
INSERT INTO services_ward (id, name, district_id) VALUES ('26734', 'Phường Tân Định', '760');
INSERT INTO services_ward (id, name, district_id) VALUES ('26737', 'Phường Đa Kao', '760');
INSERT INTO services_ward (id, name, district_id) VALUES ('26740', 'Phường Bến Nghé', '760');
INSERT INTO services_ward (id, name, district_id) VALUES ('26743', 'Phường Bến Thành', '760');
INSERT INTO services_ward (id, name, district_id) VALUES ('26746', 'Phường Nguyễn Thái Bình', '760');
INSERT INTO services_ward (id, name, district_id) VALUES ('26749', 'Phường Phạm Ngũ Lão', '760');
INSERT INTO services_ward (id, name, district_id) VALUES ('26752', 'Phường Cầu Ông Lãnh', '760');
INSERT INTO services_ward (id, name, district_id) VALUES ('26755', 'Phường Cô Giang', '760');
INSERT INTO services_ward (id, name, district_id) VALUES ('26758', 'Phường Nguyễn Cư Trinh', '760');
INSERT INTO services_ward (id, name, district_id) VALUES ('26761', 'Phường Cầu Kho', '760');
INSERT INTO services_district (id, name, city_id) VALUES ('761', 'Quận 12', '79');
INSERT INTO services_ward (id, name, district_id) VALUES ('26764', 'Phường Thạnh Xuân', '761');
INSERT INTO services_ward (id, name, district_id) VALUES ('26767', 'Phường Thạnh Lộc', '761');
INSERT INTO services_ward (id, name, district_id) VALUES ('26770', 'Phường Hiệp Thành', '761');
INSERT INTO services_ward (id, name, district_id) VALUES ('26773', 'Phường Thới An', '761');
INSERT INTO services_ward (id, name, district_id) VALUES ('26776', 'Phường Tân Chánh Hiệp', '761');
INSERT INTO services_ward (id, name, district_id) VALUES ('26779', 'Phường An Phú Đông', '761');
INSERT INTO services_ward (id, name, district_id) VALUES ('26782', 'Phường Tân Thới Hiệp', '761');
INSERT INTO services_ward (id, name, district_id) VALUES ('26785', 'Phường Trung Mỹ Tây', '761');
INSERT INTO services_ward (id, name, district_id) VALUES ('26787', 'Phường Tân Hưng Thuận', '761');
INSERT INTO services_ward (id, name, district_id) VALUES ('26788', 'Phường Đông Hưng Thuận', '761');
INSERT INTO services_ward (id, name, district_id) VALUES ('26791', 'Phường Tân Thới Nhất', '761');
INSERT INTO services_district (id, name, city_id) VALUES ('764', 'Quận Gò Vấp', '79');
INSERT INTO services_ward (id, name, district_id) VALUES ('26872', 'Phường 15', '764');
INSERT INTO services_ward (id, name, district_id) VALUES ('26875', 'Phường 17', '764');
INSERT INTO services_ward (id, name, district_id) VALUES ('26876', 'Phường 6', '764');
INSERT INTO services_ward (id, name, district_id) VALUES ('26878', 'Phường 16', '764');
INSERT INTO services_ward (id, name, district_id) VALUES ('26881', 'Phường 12', '764');
INSERT INTO services_ward (id, name, district_id) VALUES ('26882', 'Phường 14', '764');
INSERT INTO services_ward (id, name, district_id) VALUES ('26884', 'Phường 10', '764');
INSERT INTO services_ward (id, name, district_id) VALUES ('26887', 'Phường 5', '764');
INSERT INTO services_ward (id, name, district_id) VALUES ('26890', 'Phường 1', '764');
INSERT INTO services_ward (id, name, district_id) VALUES ('26898', 'Phường 8', '764');
INSERT INTO services_ward (id, name, district_id) VALUES ('26899', 'Phường 11', '764');
INSERT INTO services_ward (id, name, district_id) VALUES ('26902', 'Phường 3', '764');
INSERT INTO services_district (id, name, city_id) VALUES ('765', 'Quận Bình Thạnh', '79');
INSERT INTO services_ward (id, name, district_id) VALUES ('26905', 'Phường 13', '765');
INSERT INTO services_ward (id, name, district_id) VALUES ('26908', 'Phường 11', '765');
INSERT INTO services_ward (id, name, district_id) VALUES ('26911', 'Phường 27', '765');
INSERT INTO services_ward (id, name, district_id) VALUES ('26914', 'Phường 26', '765');
INSERT INTO services_ward (id, name, district_id) VALUES ('26917', 'Phường 12', '765');
INSERT INTO services_ward (id, name, district_id) VALUES ('26920', 'Phường 25', '765');
INSERT INTO services_ward (id, name, district_id) VALUES ('26923', 'Phường 5', '765');
INSERT INTO services_ward (id, name, district_id) VALUES ('26926', 'Phường 7', '765');
INSERT INTO services_ward (id, name, district_id) VALUES ('26929', 'Phường 14', '765');
INSERT INTO services_ward (id, name, district_id) VALUES ('26941', 'Phường 2', '765');
INSERT INTO services_ward (id, name, district_id) VALUES ('26944', 'Phường 1', '765');
INSERT INTO services_ward (id, name, district_id) VALUES ('26950', 'Phường 17', '765');
INSERT INTO services_ward (id, name, district_id) VALUES ('26953', 'Phường 19', '765');
INSERT INTO services_ward (id, name, district_id) VALUES ('26956', 'Phường 22', '765');
INSERT INTO services_ward (id, name, district_id) VALUES ('26962', 'Phường 28', '765');
INSERT INTO services_district (id, name, city_id) VALUES ('766', 'Quận Tân Bình', '79');
INSERT INTO services_ward (id, name, district_id) VALUES ('26965', 'Phường 2', '766');
INSERT INTO services_ward (id, name, district_id) VALUES ('26968', 'Phường 4', '766');
INSERT INTO services_ward (id, name, district_id) VALUES ('26971', 'Phường 12', '766');
INSERT INTO services_ward (id, name, district_id) VALUES ('26974', 'Phường 13', '766');
INSERT INTO services_ward (id, name, district_id) VALUES ('26977', 'Phường 1', '766');
INSERT INTO services_ward (id, name, district_id) VALUES ('26980', 'Phường 3', '766');
INSERT INTO services_ward (id, name, district_id) VALUES ('26983', 'Phường 11', '766');
INSERT INTO services_ward (id, name, district_id) VALUES ('26986', 'Phường 7', '766');
INSERT INTO services_ward (id, name, district_id) VALUES ('26989', 'Phường 5', '766');
INSERT INTO services_ward (id, name, district_id) VALUES ('26992', 'Phường 10', '766');
INSERT INTO services_ward (id, name, district_id) VALUES ('26995', 'Phường 6', '766');
INSERT INTO services_ward (id, name, district_id) VALUES ('26998', 'Phường 8', '766');
INSERT INTO services_ward (id, name, district_id) VALUES ('27001', 'Phường 9', '766');
INSERT INTO services_ward (id, name, district_id) VALUES ('27004', 'Phường 14', '766');
INSERT INTO services_ward (id, name, district_id) VALUES ('27007', 'Phường 15', '766');
INSERT INTO services_district (id, name, city_id) VALUES ('767', 'Quận Tân Phú', '79');
INSERT INTO services_ward (id, name, district_id) VALUES ('27010', 'Phường Tân Sơn Nhì', '767');
INSERT INTO services_ward (id, name, district_id) VALUES ('27013', 'Phường Tây Thạnh', '767');
INSERT INTO services_ward (id, name, district_id) VALUES ('27016', 'Phường Sơn Kỳ', '767');
INSERT INTO services_ward (id, name, district_id) VALUES ('27019', 'Phường Tân Quý', '767');
INSERT INTO services_ward (id, name, district_id) VALUES ('27022', 'Phường Tân Thành', '767');
INSERT INTO services_ward (id, name, district_id) VALUES ('27025', 'Phường Phú Thọ Hòa', '767');
INSERT INTO services_ward (id, name, district_id) VALUES ('27028', 'Phường Phú Thạnh', '767');
INSERT INTO services_ward (id, name, district_id) VALUES ('27031', 'Phường Phú Trung', '767');
INSERT INTO services_ward (id, name, district_id) VALUES ('27034', 'Phường Hòa Thạnh', '767');
INSERT INTO services_ward (id, name, district_id) VALUES ('27037', 'Phường Hiệp Tân', '767');
INSERT INTO services_ward (id, name, district_id) VALUES ('27040', 'Phường Tân Thới Hòa', '767');
INSERT INTO services_district (id, name, city_id) VALUES ('768', 'Quận Phú Nhuận', '79');
INSERT INTO services_ward (id, name, district_id) VALUES ('27061', 'Phường 2', '768');
INSERT INTO services_ward (id, name, district_id) VALUES ('27064', 'Phường 8', '768');
INSERT INTO services_ward (id, name, district_id) VALUES ('27043', 'Phường 4', '768');
INSERT INTO services_ward (id, name, district_id) VALUES ('27046', 'Phường 5', '768');
INSERT INTO services_ward (id, name, district_id) VALUES ('27049', 'Phường 9', '768');
INSERT INTO services_ward (id, name, district_id) VALUES ('27052', 'Phường 7', '768');
INSERT INTO services_ward (id, name, district_id) VALUES ('27058', 'Phường 1', '768');
INSERT INTO services_ward (id, name, district_id) VALUES ('27070', 'Phường 10', '768');
INSERT INTO services_ward (id, name, district_id) VALUES ('27073', 'Phường 11', '768');
INSERT INTO services_ward (id, name, district_id) VALUES ('27076', 'Phường 15', '768');
INSERT INTO services_ward (id, name, district_id) VALUES ('27085', 'Phường 13', '768');
INSERT INTO services_district (id, name, city_id) VALUES ('769', 'Thành phố Thủ Đức', '79');
INSERT INTO services_ward (id, name, district_id) VALUES ('26794', 'Phường Linh Xuân', '769');
INSERT INTO services_ward (id, name, district_id) VALUES ('26797', 'Phường Bình Chiểu', '769');
INSERT INTO services_ward (id, name, district_id) VALUES ('26800', 'Phường Linh Trung', '769');
INSERT INTO services_ward (id, name, district_id) VALUES ('26803', 'Phường Tam Bình', '769');
INSERT INTO services_ward (id, name, district_id) VALUES ('26806', 'Phường Tam Phú', '769');
INSERT INTO services_ward (id, name, district_id) VALUES ('26809', 'Phường Hiệp Bình Phước', '769');
INSERT INTO services_ward (id, name, district_id) VALUES ('26812', 'Phường Hiệp Bình Chánh', '769');
INSERT INTO services_ward (id, name, district_id) VALUES ('26815', 'Phường Linh Chiểu', '769');
INSERT INTO services_ward (id, name, district_id) VALUES ('26818', 'Phường Linh Tây', '769');
INSERT INTO services_ward (id, name, district_id) VALUES ('26821', 'Phường Linh Đông', '769');
INSERT INTO services_ward (id, name, district_id) VALUES ('26824', 'Phường Bình Thọ', '769');
INSERT INTO services_ward (id, name, district_id) VALUES ('26827', 'Phường Trường Thọ', '769');
INSERT INTO services_ward (id, name, district_id) VALUES ('26830', 'Phường Long Bình', '769');
INSERT INTO services_ward (id, name, district_id) VALUES ('26833', 'Phường Long Thạnh Mỹ', '769');
INSERT INTO services_ward (id, name, district_id) VALUES ('26836', 'Phường Tân Phú', '769');
INSERT INTO services_ward (id, name, district_id) VALUES ('26839', 'Phường Hiệp Phú', '769');
INSERT INTO services_ward (id, name, district_id) VALUES ('26842', 'Phường Tăng Nhơn Phú A', '769');
INSERT INTO services_ward (id, name, district_id) VALUES ('26845', 'Phường Tăng Nhơn Phú B', '769');
INSERT INTO services_ward (id, name, district_id) VALUES ('26848', 'Phường Phước Long B', '769');
INSERT INTO services_ward (id, name, district_id) VALUES ('26851', 'Phường Phước Long A', '769');
INSERT INTO services_ward (id, name, district_id) VALUES ('26854', 'Phường Trường Thạnh', '769');
INSERT INTO services_ward (id, name, district_id) VALUES ('26857', 'Phường Long Phước', '769');
INSERT INTO services_ward (id, name, district_id) VALUES ('26860', 'Phường Long Trường', '769');
INSERT INTO services_ward (id, name, district_id) VALUES ('26863', 'Phường Phước Bình', '769');
INSERT INTO services_ward (id, name, district_id) VALUES ('26866', 'Phường Phú Hữu', '769');
INSERT INTO services_ward (id, name, district_id) VALUES ('27088', 'Phường Thảo Điền', '769');
INSERT INTO services_ward (id, name, district_id) VALUES ('27091', 'Phường An Phú', '769');
INSERT INTO services_ward (id, name, district_id) VALUES ('27094', 'Phường An Khánh', '769');
INSERT INTO services_ward (id, name, district_id) VALUES ('27097', 'Phường Bình Trưng Đông', '769');
INSERT INTO services_ward (id, name, district_id) VALUES ('27100', 'Phường Bình Trưng Tây', '769');
INSERT INTO services_ward (id, name, district_id) VALUES ('27109', 'Phường Cát Lái', '769');
INSERT INTO services_ward (id, name, district_id) VALUES ('27112', 'Phường Thạnh Mỹ Lợi', '769');
INSERT INTO services_ward (id, name, district_id) VALUES ('27115', 'Phường An Lợi Đông', '769');
INSERT INTO services_ward (id, name, district_id) VALUES ('27118', 'Phường Thủ Thiêm', '769');
INSERT INTO services_district (id, name, city_id) VALUES ('770', 'Quận 3', '79');
INSERT INTO services_ward (id, name, district_id) VALUES ('27127', 'Phường 14', '770');
INSERT INTO services_ward (id, name, district_id) VALUES ('27130', 'Phường 12', '770');
INSERT INTO services_ward (id, name, district_id) VALUES ('27133', 'Phường 11', '770');
INSERT INTO services_ward (id, name, district_id) VALUES ('27139', 'Phường Võ Thị Sáu', '770');
INSERT INTO services_ward (id, name, district_id) VALUES ('27142', 'Phường 9', '770');
INSERT INTO services_ward (id, name, district_id) VALUES ('27148', 'Phường 4', '770');
INSERT INTO services_ward (id, name, district_id) VALUES ('27151', 'Phường 5', '770');
INSERT INTO services_ward (id, name, district_id) VALUES ('27154', 'Phường 3', '770');
INSERT INTO services_ward (id, name, district_id) VALUES ('27157', 'Phường 2', '770');
INSERT INTO services_ward (id, name, district_id) VALUES ('27160', 'Phường 1', '770');
INSERT INTO services_district (id, name, city_id) VALUES ('771', 'Quận 10', '79');
INSERT INTO services_ward (id, name, district_id) VALUES ('27163', 'Phường 15', '771');
INSERT INTO services_ward (id, name, district_id) VALUES ('27166', 'Phường 13', '771');
INSERT INTO services_ward (id, name, district_id) VALUES ('27169', 'Phường 14', '771');
INSERT INTO services_ward (id, name, district_id) VALUES ('27172', 'Phường 12', '771');
INSERT INTO services_ward (id, name, district_id) VALUES ('27178', 'Phường 10', '771');
INSERT INTO services_ward (id, name, district_id) VALUES ('27181', 'Phường 9', '771');
INSERT INTO services_ward (id, name, district_id) VALUES ('27184', 'Phường 1', '771');
INSERT INTO services_ward (id, name, district_id) VALUES ('27187', 'Phường 8', '771');
INSERT INTO services_ward (id, name, district_id) VALUES ('27190', 'Phường 2', '771');
INSERT INTO services_ward (id, name, district_id) VALUES ('27193', 'Phường 4', '771');
INSERT INTO services_ward (id, name, district_id) VALUES ('27202', 'Phường 6', '771');
INSERT INTO services_district (id, name, city_id) VALUES ('772', 'Quận 11', '79');
INSERT INTO services_ward (id, name, district_id) VALUES ('27208', 'Phường 15', '772');
INSERT INTO services_ward (id, name, district_id) VALUES ('27211', 'Phường 5', '772');
INSERT INTO services_ward (id, name, district_id) VALUES ('27214', 'Phường 14', '772');
INSERT INTO services_ward (id, name, district_id) VALUES ('27220', 'Phường 3', '772');
INSERT INTO services_ward (id, name, district_id) VALUES ('27226', 'Phường 11', '772');
INSERT INTO services_ward (id, name, district_id) VALUES ('27229', 'Phường 8', '772');
INSERT INTO services_ward (id, name, district_id) VALUES ('27232', 'Phường 10', '772');
INSERT INTO services_ward (id, name, district_id) VALUES ('27238', 'Phường 7', '772');
INSERT INTO services_ward (id, name, district_id) VALUES ('27247', 'Phường 1', '772');
INSERT INTO services_ward (id, name, district_id) VALUES ('27253', 'Phường 16', '772');
INSERT INTO services_district (id, name, city_id) VALUES ('773', 'Quận 4', '79');
INSERT INTO services_ward (id, name, district_id) VALUES ('27259', 'Phường 13', '773');
INSERT INTO services_ward (id, name, district_id) VALUES ('27265', 'Phường 9', '773');
INSERT INTO services_ward (id, name, district_id) VALUES ('27271', 'Phường 8', '773');
INSERT INTO services_ward (id, name, district_id) VALUES ('27277', 'Phường 18', '773');
INSERT INTO services_ward (id, name, district_id) VALUES ('27283', 'Phường 4', '773');
INSERT INTO services_ward (id, name, district_id) VALUES ('27286', 'Phường 3', '773');
INSERT INTO services_ward (id, name, district_id) VALUES ('27289', 'Phường 16', '773');
INSERT INTO services_ward (id, name, district_id) VALUES ('27292', 'Phường 2', '773');
INSERT INTO services_ward (id, name, district_id) VALUES ('27295', 'Phường 15', '773');
INSERT INTO services_ward (id, name, district_id) VALUES ('27298', 'Phường 1', '773');
INSERT INTO services_district (id, name, city_id) VALUES ('774', 'Quận 5', '79');
INSERT INTO services_ward (id, name, district_id) VALUES ('27301', 'Phường 4', '774');
INSERT INTO services_ward (id, name, district_id) VALUES ('27304', 'Phường 9', '774');
INSERT INTO services_ward (id, name, district_id) VALUES ('27307', 'Phường 2', '774');
INSERT INTO services_ward (id, name, district_id) VALUES ('27310', 'Phường 12', '774');
INSERT INTO services_ward (id, name, district_id) VALUES ('27316', 'Phường 7', '774');
INSERT INTO services_ward (id, name, district_id) VALUES ('27325', 'Phường 1', '774');
INSERT INTO services_ward (id, name, district_id) VALUES ('27328', 'Phường 11', '774');
INSERT INTO services_ward (id, name, district_id) VALUES ('27331', 'Phường 14', '774');
INSERT INTO services_ward (id, name, district_id) VALUES ('27334', 'Phường 5', '774');
INSERT INTO services_ward (id, name, district_id) VALUES ('27343', 'Phường 13', '774');
INSERT INTO services_district (id, name, city_id) VALUES ('775', 'Quận 6', '79');
INSERT INTO services_ward (id, name, district_id) VALUES ('27346', 'Phường 14', '775');
INSERT INTO services_ward (id, name, district_id) VALUES ('27349', 'Phường 13', '775');
INSERT INTO services_ward (id, name, district_id) VALUES ('27352', 'Phường 9', '775');
INSERT INTO services_ward (id, name, district_id) VALUES ('27358', 'Phường 12', '775');
INSERT INTO services_ward (id, name, district_id) VALUES ('27364', 'Phường 11', '775');
INSERT INTO services_ward (id, name, district_id) VALUES ('27367', 'Phường 2', '775');
INSERT INTO services_ward (id, name, district_id) VALUES ('27373', 'Phường 1', '775');
INSERT INTO services_ward (id, name, district_id) VALUES ('27376', 'Phường 8', '775');
INSERT INTO services_ward (id, name, district_id) VALUES ('27382', 'Phường 7', '775');
INSERT INTO services_ward (id, name, district_id) VALUES ('27385', 'Phường 10', '775');
INSERT INTO services_district (id, name, city_id) VALUES ('776', 'Quận 8', '79');
INSERT INTO services_ward (id, name, district_id) VALUES ('27397', 'Phường Rạch Ông', '776');
INSERT INTO services_ward (id, name, district_id) VALUES ('27403', 'Phường Hưng Phú', '776');
INSERT INTO services_ward (id, name, district_id) VALUES ('27409', 'Phường 4', '776');
INSERT INTO services_ward (id, name, district_id) VALUES ('27415', 'Phường Xóm Củi', '776');
INSERT INTO services_ward (id, name, district_id) VALUES ('27418', 'Phường 5', '776');
INSERT INTO services_ward (id, name, district_id) VALUES ('27421', 'Phường 14', '776');
INSERT INTO services_ward (id, name, district_id) VALUES ('27424', 'Phường 6', '776');
INSERT INTO services_ward (id, name, district_id) VALUES ('27427', 'Phường 15', '776');
INSERT INTO services_ward (id, name, district_id) VALUES ('27430', 'Phường 16', '776');
INSERT INTO services_ward (id, name, district_id) VALUES ('27433', 'Phường 7', '776');
INSERT INTO services_district (id, name, city_id) VALUES ('777', 'Quận Bình Tân', '79');
INSERT INTO services_ward (id, name, district_id) VALUES ('27436', 'Phường Bình Hưng Hòa', '777');
INSERT INTO services_ward (id, name, district_id) VALUES ('27439', 'Phường Bình Hưng Hoà A', '777');
INSERT INTO services_ward (id, name, district_id) VALUES ('27442', 'Phường Bình Hưng Hoà B', '777');
INSERT INTO services_ward (id, name, district_id) VALUES ('27445', 'Phường Bình Trị Đông', '777');
INSERT INTO services_ward (id, name, district_id) VALUES ('27448', 'Phường Bình Trị Đông A', '777');
INSERT INTO services_ward (id, name, district_id) VALUES ('27451', 'Phường Bình Trị Đông B', '777');
INSERT INTO services_ward (id, name, district_id) VALUES ('27454', 'Phường Tân Tạo', '777');
INSERT INTO services_ward (id, name, district_id) VALUES ('27457', 'Phường Tân Tạo A', '777');
INSERT INTO services_ward (id, name, district_id) VALUES ('27460', 'Phường An Lạc', '777');
INSERT INTO services_ward (id, name, district_id) VALUES ('27463', 'Phường An Lạc A', '777');
INSERT INTO services_district (id, name, city_id) VALUES ('778', 'Quận 7', '79');
INSERT INTO services_ward (id, name, district_id) VALUES ('27466', 'Phường Tân Thuận Đông', '778');
INSERT INTO services_ward (id, name, district_id) VALUES ('27469', 'Phường Tân Thuận Tây', '778');
INSERT INTO services_ward (id, name, district_id) VALUES ('27472', 'Phường Tân Kiểng', '778');
INSERT INTO services_ward (id, name, district_id) VALUES ('27475', 'Phường Tân Hưng', '778');
INSERT INTO services_ward (id, name, district_id) VALUES ('27478', 'Phường Bình Thuận', '778');
INSERT INTO services_ward (id, name, district_id) VALUES ('27481', 'Phường Tân Quy', '778');
INSERT INTO services_ward (id, name, district_id) VALUES ('27484', 'Phường Phú Thuận', '778');
INSERT INTO services_ward (id, name, district_id) VALUES ('27487', 'Phường Tân Phú', '778');
INSERT INTO services_ward (id, name, district_id) VALUES ('27490', 'Phường Tân Phong', '778');
INSERT INTO services_ward (id, name, district_id) VALUES ('27493', 'Phường Phú Mỹ', '778');
INSERT INTO services_district (id, name, city_id) VALUES ('783', 'Huyện Củ Chi', '79');
INSERT INTO services_ward (id, name, district_id) VALUES ('27496', 'Thị trấn Củ Chi', '783');
INSERT INTO services_ward (id, name, district_id) VALUES ('27499', 'Xã Phú Mỹ Hưng', '783');
INSERT INTO services_ward (id, name, district_id) VALUES ('27502', 'Xã An Phú', '783');
INSERT INTO services_ward (id, name, district_id) VALUES ('27505', 'Xã Trung Lập Thượng', '783');
INSERT INTO services_ward (id, name, district_id) VALUES ('27508', 'Xã An Nhơn Tây', '783');
INSERT INTO services_ward (id, name, district_id) VALUES ('27511', 'Xã Nhuận Đức', '783');
INSERT INTO services_ward (id, name, district_id) VALUES ('27514', 'Xã Phạm Văn Cội', '783');
INSERT INTO services_ward (id, name, district_id) VALUES ('27517', 'Xã Phú Hòa Đông', '783');
INSERT INTO services_ward (id, name, district_id) VALUES ('27520', 'Xã Trung Lập Hạ', '783');
INSERT INTO services_ward (id, name, district_id) VALUES ('27523', 'Xã Trung An', '783');
INSERT INTO services_ward (id, name, district_id) VALUES ('27526', 'Xã Phước Thạnh', '783');
INSERT INTO services_ward (id, name, district_id) VALUES ('27529', 'Xã Phước Hiệp', '783');
INSERT INTO services_ward (id, name, district_id) VALUES ('27532', 'Xã Tân An Hội', '783');
INSERT INTO services_ward (id, name, district_id) VALUES ('27535', 'Xã Phước Vĩnh An', '783');
INSERT INTO services_ward (id, name, district_id) VALUES ('27538', 'Xã Thái Mỹ', '783');
INSERT INTO services_ward (id, name, district_id) VALUES ('27541', 'Xã Tân Thạnh Tây', '783');
INSERT INTO services_ward (id, name, district_id) VALUES ('27544', 'Xã Hòa Phú', '783');
INSERT INTO services_ward (id, name, district_id) VALUES ('27547', 'Xã Tân Thạnh Đông', '783');
INSERT INTO services_ward (id, name, district_id) VALUES ('27550', 'Xã Bình Mỹ', '783');
INSERT INTO services_ward (id, name, district_id) VALUES ('27553', 'Xã Tân Phú Trung', '783');
INSERT INTO services_ward (id, name, district_id) VALUES ('27556', 'Xã Tân Thông Hội', '783');
INSERT INTO services_district (id, name, city_id) VALUES ('784', 'Huyện Hóc Môn', '79');
INSERT INTO services_ward (id, name, district_id) VALUES ('27559', 'Thị trấn Hóc Môn', '784');
INSERT INTO services_ward (id, name, district_id) VALUES ('27562', 'Xã Tân Hiệp', '784');
INSERT INTO services_ward (id, name, district_id) VALUES ('27565', 'Xã Nhị Bình', '784');
INSERT INTO services_ward (id, name, district_id) VALUES ('27568', 'Xã Đông Thạnh', '784');
INSERT INTO services_ward (id, name, district_id) VALUES ('27571', 'Xã Tân Thới Nhì', '784');
INSERT INTO services_ward (id, name, district_id) VALUES ('27574', 'Xã Thới Tam Thôn', '784');
INSERT INTO services_ward (id, name, district_id) VALUES ('27577', 'Xã Xuân Thới Sơn', '784');
INSERT INTO services_ward (id, name, district_id) VALUES ('27580', 'Xã Tân Xuân', '784');
INSERT INTO services_ward (id, name, district_id) VALUES ('27583', 'Xã Xuân Thới Đông', '784');
INSERT INTO services_ward (id, name, district_id) VALUES ('27586', 'Xã Trung Chánh', '784');
INSERT INTO services_ward (id, name, district_id) VALUES ('27589', 'Xã Xuân Thới Thượng', '784');
INSERT INTO services_ward (id, name, district_id) VALUES ('27592', 'Xã Bà Điểm', '784');
INSERT INTO services_district (id, name, city_id) VALUES ('785', 'Huyện Bình Chánh', '79');
INSERT INTO services_ward (id, name, district_id) VALUES ('27595', 'Thị trấn Tân Túc', '785');
INSERT INTO services_ward (id, name, district_id) VALUES ('27598', 'Xã Phạm Văn Hai', '785');
INSERT INTO services_ward (id, name, district_id) VALUES ('27601', 'Xã Vĩnh Lộc A', '785');
INSERT INTO services_ward (id, name, district_id) VALUES ('27604', 'Xã Vĩnh Lộc B', '785');
INSERT INTO services_ward (id, name, district_id) VALUES ('27607', 'Xã Bình Lợi', '785');
INSERT INTO services_ward (id, name, district_id) VALUES ('27610', 'Xã Lê Minh Xuân', '785');
INSERT INTO services_ward (id, name, district_id) VALUES ('27613', 'Xã Tân Nhựt', '785');
INSERT INTO services_ward (id, name, district_id) VALUES ('27616', 'Xã Tân Kiên', '785');
INSERT INTO services_ward (id, name, district_id) VALUES ('27619', 'Xã Bình Hưng', '785');
INSERT INTO services_ward (id, name, district_id) VALUES ('27622', 'Xã Phong Phú', '785');
INSERT INTO services_ward (id, name, district_id) VALUES ('27625', 'Xã An Phú Tây', '785');
INSERT INTO services_ward (id, name, district_id) VALUES ('27628', 'Xã Hưng Long', '785');
INSERT INTO services_ward (id, name, district_id) VALUES ('27631', 'Xã Đa Phước', '785');
INSERT INTO services_ward (id, name, district_id) VALUES ('27634', 'Xã Tân Quý Tây', '785');
INSERT INTO services_ward (id, name, district_id) VALUES ('27637', 'Xã Bình Chánh', '785');
INSERT INTO services_ward (id, name, district_id) VALUES ('27640', 'Xã Quy Đức', '785');
INSERT INTO services_district (id, name, city_id) VALUES ('786', 'Huyện Nhà Bè', '79');
INSERT INTO services_ward (id, name, district_id) VALUES ('27643', 'Thị trấn Nhà Bè', '786');
INSERT INTO services_ward (id, name, district_id) VALUES ('27646', 'Xã Phước Kiển', '786');
INSERT INTO services_ward (id, name, district_id) VALUES ('27649', 'Xã Phước Lộc', '786');
INSERT INTO services_ward (id, name, district_id) VALUES ('27652', 'Xã Nhơn Đức', '786');
INSERT INTO services_ward (id, name, district_id) VALUES ('27655', 'Xã Phú Xuân', '786');
INSERT INTO services_ward (id, name, district_id) VALUES ('27658', 'Xã Long Thới', '786');
INSERT INTO services_ward (id, name, district_id) VALUES ('27661', 'Xã Hiệp Phước', '786');
INSERT INTO services_district (id, name, city_id) VALUES ('787', 'Huyện Cần Giờ', '79');
INSERT INTO services_ward (id, name, district_id) VALUES ('27664', 'Thị trấn Cần Thạnh', '787');
INSERT INTO services_ward (id, name, district_id) VALUES ('27667', 'Xã Bình Khánh', '787');
INSERT INTO services_ward (id, name, district_id) VALUES ('27670', 'Xã Tam Thôn Hiệp', '787');
INSERT INTO services_ward (id, name, district_id) VALUES ('27673', 'Xã An Thới Đông', '787');
INSERT INTO services_ward (id, name, district_id) VALUES ('27676', 'Xã Thạnh An', '787');
INSERT INTO services_ward (id, name, district_id) VALUES ('27679', 'Xã Long Hòa', '787');
INSERT INTO services_ward (id, name, district_id) VALUES ('27682', 'Xã Lý Nhơn', '787');
INSERT INTO services_city (id, name) VALUES ('80', 'Tỉnh Long An');
INSERT INTO services_district (id, name, city_id) VALUES ('794', 'Thành phố Tân An', '80');
INSERT INTO services_ward (id, name, district_id) VALUES ('27685', 'Phường 5', '794');
INSERT INTO services_ward (id, name, district_id) VALUES ('27691', 'Phường 4', '794');
INSERT INTO services_ward (id, name, district_id) VALUES ('27692', 'Phường Tân Khánh', '794');
INSERT INTO services_ward (id, name, district_id) VALUES ('27694', 'Phường 1', '794');
INSERT INTO services_ward (id, name, district_id) VALUES ('27697', 'Phường 3', '794');
INSERT INTO services_ward (id, name, district_id) VALUES ('27698', 'Phường 7', '794');
INSERT INTO services_ward (id, name, district_id) VALUES ('27700', 'Phường 6', '794');
INSERT INTO services_ward (id, name, district_id) VALUES ('27703', 'Xã Hướng Thọ Phú', '794');
INSERT INTO services_ward (id, name, district_id) VALUES ('27706', 'Xã Nhơn Thạnh Trung', '794');
INSERT INTO services_ward (id, name, district_id) VALUES ('27709', 'Xã Lợi Bình Nhơn', '794');
INSERT INTO services_ward (id, name, district_id) VALUES ('27712', 'Xã Bình Tâm', '794');
INSERT INTO services_ward (id, name, district_id) VALUES ('27715', 'Phường Khánh Hậu', '794');
INSERT INTO services_ward (id, name, district_id) VALUES ('27718', 'Xã An Vĩnh Ngãi', '794');
INSERT INTO services_district (id, name, city_id) VALUES ('795', 'Thị xã Kiến Tường', '80');
INSERT INTO services_ward (id, name, district_id) VALUES ('27787', 'Phường 1', '795');
INSERT INTO services_ward (id, name, district_id) VALUES ('27788', 'Phường 2', '795');
INSERT INTO services_ward (id, name, district_id) VALUES ('27790', 'Xã Thạnh Trị', '795');
INSERT INTO services_ward (id, name, district_id) VALUES ('27793', 'Xã Bình Hiệp', '795');
INSERT INTO services_ward (id, name, district_id) VALUES ('27799', 'Xã Bình Tân', '795');
INSERT INTO services_ward (id, name, district_id) VALUES ('27805', 'Xã Tuyên Thạnh', '795');
INSERT INTO services_ward (id, name, district_id) VALUES ('27806', 'Phường 3', '795');
INSERT INTO services_ward (id, name, district_id) VALUES ('27817', 'Xã Thạnh Hưng', '795');
INSERT INTO services_district (id, name, city_id) VALUES ('796', 'Huyện Tân Hưng', '80');
INSERT INTO services_ward (id, name, district_id) VALUES ('27721', 'Thị trấn Tân Hưng', '796');
INSERT INTO services_ward (id, name, district_id) VALUES ('27724', 'Xã Hưng Hà', '796');
INSERT INTO services_ward (id, name, district_id) VALUES ('27727', 'Xã Hưng Điền B', '796');
INSERT INTO services_ward (id, name, district_id) VALUES ('27730', 'Xã Hưng Điền', '796');
INSERT INTO services_ward (id, name, district_id) VALUES ('27733', 'Xã Thạnh Hưng', '796');
INSERT INTO services_ward (id, name, district_id) VALUES ('27736', 'Xã Hưng Thạnh', '796');
INSERT INTO services_ward (id, name, district_id) VALUES ('27739', 'Xã Vĩnh Thạnh', '796');
INSERT INTO services_ward (id, name, district_id) VALUES ('27742', 'Xã Vĩnh Châu B', '796');
INSERT INTO services_ward (id, name, district_id) VALUES ('27745', 'Xã Vĩnh Lợi', '796');
INSERT INTO services_ward (id, name, district_id) VALUES ('27748', 'Xã Vĩnh Đại', '796');
INSERT INTO services_ward (id, name, district_id) VALUES ('27751', 'Xã Vĩnh Châu A', '796');
INSERT INTO services_ward (id, name, district_id) VALUES ('27754', 'Xã Vĩnh Bửu', '796');
INSERT INTO services_district (id, name, city_id) VALUES ('797', 'Huyện Vĩnh Hưng', '80');
INSERT INTO services_ward (id, name, district_id) VALUES ('27757', 'Thị trấn Vĩnh Hưng', '797');
INSERT INTO services_ward (id, name, district_id) VALUES ('27760', 'Xã Hưng Điền A', '797');
INSERT INTO services_ward (id, name, district_id) VALUES ('27763', 'Xã Khánh Hưng', '797');
INSERT INTO services_ward (id, name, district_id) VALUES ('27766', 'Xã Thái Trị', '797');
INSERT INTO services_ward (id, name, district_id) VALUES ('27769', 'Xã Vĩnh Trị', '797');
INSERT INTO services_ward (id, name, district_id) VALUES ('27772', 'Xã Thái Bình Trung', '797');
INSERT INTO services_ward (id, name, district_id) VALUES ('27775', 'Xã Vĩnh Bình', '797');
INSERT INTO services_ward (id, name, district_id) VALUES ('27778', 'Xã Vĩnh Thuận', '797');
INSERT INTO services_ward (id, name, district_id) VALUES ('27781', 'Xã Tuyên Bình', '797');
INSERT INTO services_ward (id, name, district_id) VALUES ('27784', 'Xã Tuyên Bình Tây', '797');
INSERT INTO services_district (id, name, city_id) VALUES ('798', 'Huyện Mộc Hóa', '80');
INSERT INTO services_ward (id, name, district_id) VALUES ('27796', 'Xã Bình Hòa Tây', '798');
INSERT INTO services_ward (id, name, district_id) VALUES ('27802', 'Xã Bình Thạnh', '798');
INSERT INTO services_ward (id, name, district_id) VALUES ('27808', 'Xã Bình Hòa Trung', '798');
INSERT INTO services_ward (id, name, district_id) VALUES ('27811', 'Xã Bình Hòa Đông', '798');
INSERT INTO services_ward (id, name, district_id) VALUES ('27814', 'Thị trấn Bình Phong Thạnh', '798');
INSERT INTO services_ward (id, name, district_id) VALUES ('27820', 'Xã Tân Lập', '798');
INSERT INTO services_ward (id, name, district_id) VALUES ('27823', 'Xã Tân Thành', '798');
INSERT INTO services_district (id, name, city_id) VALUES ('799', 'Huyện Tân Thạnh', '80');
INSERT INTO services_ward (id, name, district_id) VALUES ('27826', 'Thị trấn Tân Thạnh', '799');
INSERT INTO services_ward (id, name, district_id) VALUES ('27829', 'Xã Bắc Hòa', '799');
INSERT INTO services_ward (id, name, district_id) VALUES ('27832', 'Xã Hậu Thạnh Tây', '799');
INSERT INTO services_ward (id, name, district_id) VALUES ('27835', 'Xã Nhơn Hòa Lập', '799');
INSERT INTO services_ward (id, name, district_id) VALUES ('27838', 'Xã Tân Lập', '799');
INSERT INTO services_ward (id, name, district_id) VALUES ('27841', 'Xã Hậu Thạnh Đông', '799');
INSERT INTO services_ward (id, name, district_id) VALUES ('27844', 'Xã Nhơn Hoà', '799');
INSERT INTO services_ward (id, name, district_id) VALUES ('27847', 'Xã Kiến Bình', '799');
INSERT INTO services_ward (id, name, district_id) VALUES ('27850', 'Xã Tân Thành', '799');
INSERT INTO services_ward (id, name, district_id) VALUES ('27853', 'Xã Tân Bình', '799');
INSERT INTO services_ward (id, name, district_id) VALUES ('27856', 'Xã Tân Ninh', '799');
INSERT INTO services_ward (id, name, district_id) VALUES ('27859', 'Xã Nhơn Ninh', '799');
INSERT INTO services_ward (id, name, district_id) VALUES ('27862', 'Xã Tân Hòa', '799');
INSERT INTO services_district (id, name, city_id) VALUES ('800', 'Huyện Thạnh Hóa', '80');
INSERT INTO services_ward (id, name, district_id) VALUES ('27865', 'Thị trấn Thạnh Hóa', '800');
INSERT INTO services_ward (id, name, district_id) VALUES ('27868', 'Xã Tân Hiệp', '800');
INSERT INTO services_ward (id, name, district_id) VALUES ('27871', 'Xã Thuận Bình', '800');
INSERT INTO services_ward (id, name, district_id) VALUES ('27874', 'Xã Thạnh Phước', '800');
INSERT INTO services_ward (id, name, district_id) VALUES ('27877', 'Xã Thạnh Phú', '800');
INSERT INTO services_ward (id, name, district_id) VALUES ('27880', 'Xã Thuận Nghĩa Hòa', '800');
INSERT INTO services_ward (id, name, district_id) VALUES ('27883', 'Xã Thủy Đông', '800');
INSERT INTO services_ward (id, name, district_id) VALUES ('27886', 'Xã Thủy Tây', '800');
INSERT INTO services_ward (id, name, district_id) VALUES ('27889', 'Xã Tân Tây', '800');
INSERT INTO services_ward (id, name, district_id) VALUES ('27892', 'Xã Tân Đông', '800');
INSERT INTO services_ward (id, name, district_id) VALUES ('27895', 'Xã Thạnh An', '800');
INSERT INTO services_district (id, name, city_id) VALUES ('801', 'Huyện Đức Huệ', '80');
INSERT INTO services_ward (id, name, district_id) VALUES ('27898', 'Thị trấn Đông Thành', '801');
INSERT INTO services_ward (id, name, district_id) VALUES ('27901', 'Xã Mỹ Quý Đông', '801');
INSERT INTO services_ward (id, name, district_id) VALUES ('27904', 'Xã Mỹ Thạnh Bắc', '801');
INSERT INTO services_ward (id, name, district_id) VALUES ('27907', 'Xã Mỹ Quý Tây', '801');
INSERT INTO services_ward (id, name, district_id) VALUES ('27910', 'Xã Mỹ Thạnh Tây', '801');
INSERT INTO services_ward (id, name, district_id) VALUES ('27913', 'Xã Mỹ Thạnh Đông', '801');
INSERT INTO services_ward (id, name, district_id) VALUES ('27916', 'Xã Bình Thành', '801');
INSERT INTO services_ward (id, name, district_id) VALUES ('27919', 'Xã Bình Hòa Bắc', '801');
INSERT INTO services_ward (id, name, district_id) VALUES ('27922', 'Xã Bình Hòa Hưng', '801');
INSERT INTO services_ward (id, name, district_id) VALUES ('27925', 'Xã Bình Hòa Nam', '801');
INSERT INTO services_ward (id, name, district_id) VALUES ('27928', 'Xã Mỹ Bình', '801');
INSERT INTO services_district (id, name, city_id) VALUES ('802', 'Huyện Đức Hòa', '80');
INSERT INTO services_ward (id, name, district_id) VALUES ('27931', 'Thị trấn Hậu Nghĩa', '802');
INSERT INTO services_ward (id, name, district_id) VALUES ('27934', 'Thị trấn Hiệp Hòa', '802');
INSERT INTO services_ward (id, name, district_id) VALUES ('27937', 'Thị trấn Đức Hòa', '802');
INSERT INTO services_ward (id, name, district_id) VALUES ('27940', 'Xã Lộc Giang', '802');
INSERT INTO services_ward (id, name, district_id) VALUES ('27943', 'Xã An Ninh Đông', '802');
INSERT INTO services_ward (id, name, district_id) VALUES ('27946', 'Xã An Ninh Tây', '802');
INSERT INTO services_ward (id, name, district_id) VALUES ('27949', 'Xã Tân Mỹ', '802');
INSERT INTO services_ward (id, name, district_id) VALUES ('27952', 'Xã Hiệp Hòa', '802');
INSERT INTO services_ward (id, name, district_id) VALUES ('27955', 'Xã Đức Lập Thượng', '802');
INSERT INTO services_ward (id, name, district_id) VALUES ('27958', 'Xã Đức Lập Hạ', '802');
INSERT INTO services_ward (id, name, district_id) VALUES ('27961', 'Xã Tân Phú', '802');
INSERT INTO services_ward (id, name, district_id) VALUES ('27964', 'Xã Mỹ Hạnh Bắc', '802');
INSERT INTO services_ward (id, name, district_id) VALUES ('27967', 'Xã Đức Hòa Thượng', '802');
INSERT INTO services_ward (id, name, district_id) VALUES ('27970', 'Xã Hòa Khánh Tây', '802');
INSERT INTO services_ward (id, name, district_id) VALUES ('27973', 'Xã Hòa Khánh Đông', '802');
INSERT INTO services_ward (id, name, district_id) VALUES ('27976', 'Xã Mỹ Hạnh Nam', '802');
INSERT INTO services_ward (id, name, district_id) VALUES ('27979', 'Xã Hòa Khánh Nam', '802');
INSERT INTO services_ward (id, name, district_id) VALUES ('27982', 'Xã Đức Hòa Đông', '802');
INSERT INTO services_ward (id, name, district_id) VALUES ('27985', 'Xã Đức Hòa Hạ', '802');
INSERT INTO services_ward (id, name, district_id) VALUES ('27988', 'Xã Hựu Thạnh', '802');
INSERT INTO services_district (id, name, city_id) VALUES ('803', 'Huyện Bến Lức', '80');
INSERT INTO services_ward (id, name, district_id) VALUES ('27991', 'Thị trấn Bến Lức', '803');
INSERT INTO services_ward (id, name, district_id) VALUES ('27994', 'Xã Thạnh Lợi', '803');
INSERT INTO services_ward (id, name, district_id) VALUES ('27997', 'Xã Lương Bình', '803');
INSERT INTO services_ward (id, name, district_id) VALUES ('28000', 'Xã Thạnh Hòa', '803');
INSERT INTO services_ward (id, name, district_id) VALUES ('28003', 'Xã Lương Hòa', '803');
INSERT INTO services_ward (id, name, district_id) VALUES ('28009', 'Xã Tân Bửu', '803');
INSERT INTO services_ward (id, name, district_id) VALUES ('28012', 'Xã An Thạnh', '803');
INSERT INTO services_ward (id, name, district_id) VALUES ('28015', 'Xã Bình Đức', '803');
INSERT INTO services_ward (id, name, district_id) VALUES ('28018', 'Xã Mỹ Yên', '803');
INSERT INTO services_ward (id, name, district_id) VALUES ('28021', 'Xã Thanh Phú', '803');
INSERT INTO services_ward (id, name, district_id) VALUES ('28024', 'Xã Long Hiệp', '803');
INSERT INTO services_ward (id, name, district_id) VALUES ('28027', 'Xã Thạnh Đức', '803');
INSERT INTO services_ward (id, name, district_id) VALUES ('28030', 'Xã Phước Lợi', '803');
INSERT INTO services_ward (id, name, district_id) VALUES ('28033', 'Xã Nhựt Chánh', '803');
INSERT INTO services_district (id, name, city_id) VALUES ('804', 'Huyện Thủ Thừa', '80');
INSERT INTO services_ward (id, name, district_id) VALUES ('28036', 'Thị trấn Thủ Thừa', '804');
INSERT INTO services_ward (id, name, district_id) VALUES ('28039', 'Xã Long Thạnh', '804');
INSERT INTO services_ward (id, name, district_id) VALUES ('28042', 'Xã Tân Thành', '804');
INSERT INTO services_ward (id, name, district_id) VALUES ('28045', 'Xã Long Thuận', '804');
INSERT INTO services_ward (id, name, district_id) VALUES ('28048', 'Xã Mỹ Lạc', '804');
INSERT INTO services_ward (id, name, district_id) VALUES ('28051', 'Xã Mỹ Thạnh', '804');
INSERT INTO services_ward (id, name, district_id) VALUES ('28054', 'Xã Bình An', '804');
INSERT INTO services_ward (id, name, district_id) VALUES ('28057', 'Xã Nhị Thành', '804');
INSERT INTO services_ward (id, name, district_id) VALUES ('28060', 'Xã Mỹ An', '804');
INSERT INTO services_ward (id, name, district_id) VALUES ('28063', 'Xã Bình Thạnh', '804');
INSERT INTO services_ward (id, name, district_id) VALUES ('28066', 'Xã Mỹ Phú', '804');
INSERT INTO services_ward (id, name, district_id) VALUES ('28072', 'Xã Tân Long', '804');
INSERT INTO services_district (id, name, city_id) VALUES ('805', 'Huyện Tân Trụ', '80');
INSERT INTO services_ward (id, name, district_id) VALUES ('28075', 'Thị trấn Tân Trụ', '805');
INSERT INTO services_ward (id, name, district_id) VALUES ('28078', 'Xã Tân Bình', '805');
INSERT INTO services_ward (id, name, district_id) VALUES ('28084', 'Xã Quê Mỹ Thạnh', '805');
INSERT INTO services_ward (id, name, district_id) VALUES ('28087', 'Xã Lạc Tấn', '805');
INSERT INTO services_ward (id, name, district_id) VALUES ('28090', 'Xã Bình Trinh Đông', '805');
INSERT INTO services_ward (id, name, district_id) VALUES ('28093', 'Xã Tân Phước Tây', '805');
INSERT INTO services_ward (id, name, district_id) VALUES ('28096', 'Xã Bình Lãng', '805');
INSERT INTO services_ward (id, name, district_id) VALUES ('28099', 'Xã Bình Tịnh', '805');
INSERT INTO services_ward (id, name, district_id) VALUES ('28102', 'Xã Đức Tân', '805');
INSERT INTO services_ward (id, name, district_id) VALUES ('28105', 'Xã Nhựt Ninh', '805');
INSERT INTO services_district (id, name, city_id) VALUES ('806', 'Huyện Cần Đước', '80');
INSERT INTO services_ward (id, name, district_id) VALUES ('28108', 'Thị trấn Cần Đước', '806');
INSERT INTO services_ward (id, name, district_id) VALUES ('28111', 'Xã Long Trạch', '806');
INSERT INTO services_ward (id, name, district_id) VALUES ('28114', 'Xã Long Khê', '806');
INSERT INTO services_ward (id, name, district_id) VALUES ('28117', 'Xã Long Định', '806');
INSERT INTO services_ward (id, name, district_id) VALUES ('28120', 'Xã Phước Vân', '806');
INSERT INTO services_ward (id, name, district_id) VALUES ('28123', 'Xã Long Hòa', '806');
INSERT INTO services_ward (id, name, district_id) VALUES ('28126', 'Xã Long Cang', '806');
INSERT INTO services_ward (id, name, district_id) VALUES ('28129', 'Xã Long Sơn', '806');
INSERT INTO services_ward (id, name, district_id) VALUES ('28132', 'Xã Tân Trạch', '806');
INSERT INTO services_ward (id, name, district_id) VALUES ('28135', 'Xã Mỹ Lệ', '806');
INSERT INTO services_ward (id, name, district_id) VALUES ('28138', 'Xã Tân Lân', '806');
INSERT INTO services_ward (id, name, district_id) VALUES ('28141', 'Xã Phước Tuy', '806');
INSERT INTO services_ward (id, name, district_id) VALUES ('28144', 'Xã Long Hựu Đông', '806');
INSERT INTO services_ward (id, name, district_id) VALUES ('28147', 'Xã Tân Ân', '806');
INSERT INTO services_ward (id, name, district_id) VALUES ('28150', 'Xã Phước Đông', '806');
INSERT INTO services_ward (id, name, district_id) VALUES ('28153', 'Xã Long Hựu Tây', '806');
INSERT INTO services_ward (id, name, district_id) VALUES ('28156', 'Xã Tân Chánh', '806');
INSERT INTO services_district (id, name, city_id) VALUES ('807', 'Huyện Cần Giuộc', '80');
INSERT INTO services_ward (id, name, district_id) VALUES ('28159', 'Thị trấn Cần Giuộc', '807');
INSERT INTO services_ward (id, name, district_id) VALUES ('28162', 'Xã Phước Lý', '807');
INSERT INTO services_ward (id, name, district_id) VALUES ('28165', 'Xã Long Thượng', '807');
INSERT INTO services_ward (id, name, district_id) VALUES ('28168', 'Xã Long Hậu', '807');
INSERT INTO services_ward (id, name, district_id) VALUES ('28174', 'Xã Phước Hậu', '807');
INSERT INTO services_ward (id, name, district_id) VALUES ('28177', 'Xã Mỹ Lộc', '807');
INSERT INTO services_ward (id, name, district_id) VALUES ('28180', 'Xã Phước Lại', '807');
INSERT INTO services_ward (id, name, district_id) VALUES ('28183', 'Xã Phước Lâm', '807');
INSERT INTO services_ward (id, name, district_id) VALUES ('28189', 'Xã Thuận Thành', '807');
INSERT INTO services_ward (id, name, district_id) VALUES ('28192', 'Xã Phước Vĩnh Tây', '807');
INSERT INTO services_ward (id, name, district_id) VALUES ('28195', 'Xã Phước Vĩnh Đông', '807');
INSERT INTO services_ward (id, name, district_id) VALUES ('28198', 'Xã Long An', '807');
INSERT INTO services_ward (id, name, district_id) VALUES ('28201', 'Xã Long Phụng', '807');
INSERT INTO services_ward (id, name, district_id) VALUES ('28204', 'Xã Đông Thạnh', '807');
INSERT INTO services_ward (id, name, district_id) VALUES ('28207', 'Xã Tân Tập', '807');
INSERT INTO services_district (id, name, city_id) VALUES ('808', 'Huyện Châu Thành', '80');
INSERT INTO services_ward (id, name, district_id) VALUES ('28210', 'Thị trấn Tầm Vu', '808');
INSERT INTO services_ward (id, name, district_id) VALUES ('28213', 'Xã Bình Quới', '808');
INSERT INTO services_ward (id, name, district_id) VALUES ('28216', 'Xã Hòa Phú', '808');
INSERT INTO services_ward (id, name, district_id) VALUES ('28219', 'Xã Phú Ngãi Trị', '808');
INSERT INTO services_ward (id, name, district_id) VALUES ('28222', 'Xã Vĩnh Công', '808');
INSERT INTO services_ward (id, name, district_id) VALUES ('28225', 'Xã Thuận Mỹ', '808');
INSERT INTO services_ward (id, name, district_id) VALUES ('28228', 'Xã Hiệp Thạnh', '808');
INSERT INTO services_ward (id, name, district_id) VALUES ('28231', 'Xã Phước Tân Hưng', '808');
INSERT INTO services_ward (id, name, district_id) VALUES ('28234', 'Xã Thanh Phú Long', '808');
INSERT INTO services_ward (id, name, district_id) VALUES ('28237', 'Xã Dương Xuân Hội', '808');
INSERT INTO services_ward (id, name, district_id) VALUES ('28240', 'Xã An Lục Long', '808');
INSERT INTO services_ward (id, name, district_id) VALUES ('28243', 'Xã Long Trì', '808');
INSERT INTO services_ward (id, name, district_id) VALUES ('28246', 'Xã Thanh Vĩnh Đông', '808');
INSERT INTO services_city (id, name) VALUES ('82', 'Tỉnh Tiền Giang');
INSERT INTO services_district (id, name, city_id) VALUES ('815', 'Thành phố Mỹ Tho', '82');
INSERT INTO services_ward (id, name, district_id) VALUES ('28249', 'Phường 5', '815');
INSERT INTO services_ward (id, name, district_id) VALUES ('28252', 'Phường 4', '815');
INSERT INTO services_ward (id, name, district_id) VALUES ('28261', 'Phường 1', '815');
INSERT INTO services_ward (id, name, district_id) VALUES ('28264', 'Phường 2', '815');
INSERT INTO services_ward (id, name, district_id) VALUES ('28270', 'Phường 6', '815');
INSERT INTO services_ward (id, name, district_id) VALUES ('28273', 'Phường 9', '815');
INSERT INTO services_ward (id, name, district_id) VALUES ('28276', 'Phường 10', '815');
INSERT INTO services_ward (id, name, district_id) VALUES ('28279', 'Phường Tân Long', '815');
INSERT INTO services_ward (id, name, district_id) VALUES ('28282', 'Xã Đạo Thạnh', '815');
INSERT INTO services_ward (id, name, district_id) VALUES ('28285', 'Xã Trung An', '815');
INSERT INTO services_ward (id, name, district_id) VALUES ('28288', 'Xã Mỹ Phong', '815');
INSERT INTO services_ward (id, name, district_id) VALUES ('28291', 'Xã Tân Mỹ Chánh', '815');
INSERT INTO services_ward (id, name, district_id) VALUES ('28567', 'Xã Phước Thạnh', '815');
INSERT INTO services_ward (id, name, district_id) VALUES ('28591', 'Xã Thới Sơn', '815');
INSERT INTO services_district (id, name, city_id) VALUES ('816', 'Thành phố Gò Công', '82');
INSERT INTO services_ward (id, name, district_id) VALUES ('28297', 'Phường 2', '816');
INSERT INTO services_ward (id, name, district_id) VALUES ('28300', 'Phường 1', '816');
INSERT INTO services_ward (id, name, district_id) VALUES ('28306', 'Phường 5', '816');
INSERT INTO services_ward (id, name, district_id) VALUES ('28309', 'Phường Long Hưng', '816');
INSERT INTO services_ward (id, name, district_id) VALUES ('28312', 'Phường Long Thuận', '816');
INSERT INTO services_ward (id, name, district_id) VALUES ('28315', 'Phường Long Chánh', '816');
INSERT INTO services_ward (id, name, district_id) VALUES ('28318', 'Phường Long Hòa', '816');
INSERT INTO services_ward (id, name, district_id) VALUES ('28708', 'Xã Bình Đông', '816');
INSERT INTO services_ward (id, name, district_id) VALUES ('28717', 'Xã Bình Xuân', '816');
INSERT INTO services_ward (id, name, district_id) VALUES ('28729', 'Xã Tân Trung', '816');
INSERT INTO services_district (id, name, city_id) VALUES ('817', 'Thị xã Cai Lậy', '82');
INSERT INTO services_ward (id, name, district_id) VALUES ('28435', 'Phường 1', '817');
INSERT INTO services_ward (id, name, district_id) VALUES ('28436', 'Phường 2', '817');
INSERT INTO services_ward (id, name, district_id) VALUES ('28437', 'Phường 3', '817');
INSERT INTO services_ward (id, name, district_id) VALUES ('28439', 'Phường 4', '817');
INSERT INTO services_ward (id, name, district_id) VALUES ('28440', 'Phường 5', '817');
INSERT INTO services_ward (id, name, district_id) VALUES ('28447', 'Xã Mỹ Phước Tây', '817');
INSERT INTO services_ward (id, name, district_id) VALUES ('28450', 'Xã Mỹ Hạnh Đông', '817');
INSERT INTO services_ward (id, name, district_id) VALUES ('28453', 'Xã Mỹ Hạnh Trung', '817');
INSERT INTO services_ward (id, name, district_id) VALUES ('28459', 'Xã Tân Phú', '817');
INSERT INTO services_ward (id, name, district_id) VALUES ('28462', 'Xã Tân Bình', '817');
INSERT INTO services_ward (id, name, district_id) VALUES ('28468', 'Xã Tân Hội', '817');
INSERT INTO services_ward (id, name, district_id) VALUES ('28474', 'Phường Nhị Mỹ', '817');
INSERT INTO services_ward (id, name, district_id) VALUES ('28477', 'Xã Nhị Quý', '817');
INSERT INTO services_ward (id, name, district_id) VALUES ('28480', 'Xã Thanh Hòa', '817');
INSERT INTO services_ward (id, name, district_id) VALUES ('28483', 'Xã Phú Quý', '817');
INSERT INTO services_ward (id, name, district_id) VALUES ('28486', 'Xã Long Khánh', '817');
INSERT INTO services_district (id, name, city_id) VALUES ('818', 'Huyện Tân Phước', '82');
INSERT INTO services_ward (id, name, district_id) VALUES ('28321', 'Thị trấn Mỹ Phước', '818');
INSERT INTO services_ward (id, name, district_id) VALUES ('28324', 'Xã Tân Hòa Đông', '818');
INSERT INTO services_ward (id, name, district_id) VALUES ('28327', 'Xã Thạnh Tân', '818');
INSERT INTO services_ward (id, name, district_id) VALUES ('28330', 'Xã Thạnh Mỹ', '818');
INSERT INTO services_ward (id, name, district_id) VALUES ('28333', 'Xã Thạnh Hoà', '818');
INSERT INTO services_ward (id, name, district_id) VALUES ('28336', 'Xã Phú Mỹ', '818');
INSERT INTO services_ward (id, name, district_id) VALUES ('28339', 'Xã Tân Hòa Thành', '818');
INSERT INTO services_ward (id, name, district_id) VALUES ('28342', 'Xã Hưng Thạnh', '818');
INSERT INTO services_ward (id, name, district_id) VALUES ('28345', 'Xã Tân Lập 1', '818');
INSERT INTO services_ward (id, name, district_id) VALUES ('28348', 'Xã Tân Hòa Tây', '818');
INSERT INTO services_ward (id, name, district_id) VALUES ('28354', 'Xã Tân Lập 2', '818');
INSERT INTO services_ward (id, name, district_id) VALUES ('28357', 'Xã Phước Lập', '818');
INSERT INTO services_district (id, name, city_id) VALUES ('819', 'Huyện Cái Bè', '82');
INSERT INTO services_ward (id, name, district_id) VALUES ('28360', 'Thị trấn Cái Bè', '819');
INSERT INTO services_ward (id, name, district_id) VALUES ('28363', 'Xã Hậu Mỹ Bắc B', '819');
INSERT INTO services_ward (id, name, district_id) VALUES ('28366', 'Xã Hậu Mỹ Bắc A', '819');
INSERT INTO services_ward (id, name, district_id) VALUES ('28369', 'Xã Mỹ Trung', '819');
INSERT INTO services_ward (id, name, district_id) VALUES ('28372', 'Xã Hậu Mỹ Trinh', '819');
INSERT INTO services_ward (id, name, district_id) VALUES ('28375', 'Xã Hậu Mỹ Phú', '819');
INSERT INTO services_ward (id, name, district_id) VALUES ('28378', 'Xã Mỹ Tân', '819');
INSERT INTO services_ward (id, name, district_id) VALUES ('28381', 'Xã Mỹ Lợi B', '819');
INSERT INTO services_ward (id, name, district_id) VALUES ('28384', 'Xã Thiện Trung', '819');
INSERT INTO services_ward (id, name, district_id) VALUES ('28387', 'Xã Mỹ Hội', '819');
INSERT INTO services_ward (id, name, district_id) VALUES ('28390', 'Xã An Cư', '819');
INSERT INTO services_ward (id, name, district_id) VALUES ('28393', 'Xã Hậu Thành', '819');
INSERT INTO services_ward (id, name, district_id) VALUES ('28396', 'Xã Mỹ Lợi A', '819');
INSERT INTO services_ward (id, name, district_id) VALUES ('28399', 'Xã Hòa Khánh', '819');
INSERT INTO services_ward (id, name, district_id) VALUES ('28402', 'Xã Thiện Trí', '819');
INSERT INTO services_ward (id, name, district_id) VALUES ('28405', 'Xã Mỹ Đức Đông', '819');
INSERT INTO services_ward (id, name, district_id) VALUES ('28408', 'Xã Mỹ Đức Tây', '819');
INSERT INTO services_ward (id, name, district_id) VALUES ('28411', 'Xã Đông Hòa Hiệp', '819');
INSERT INTO services_ward (id, name, district_id) VALUES ('28414', 'Xã An Thái Đông', '819');
INSERT INTO services_ward (id, name, district_id) VALUES ('28417', 'Xã Tân Hưng', '819');
INSERT INTO services_ward (id, name, district_id) VALUES ('28420', 'Xã Mỹ Lương', '819');
INSERT INTO services_ward (id, name, district_id) VALUES ('28423', 'Xã Tân Thanh', '819');
INSERT INTO services_ward (id, name, district_id) VALUES ('28426', 'Xã An Thái Trung', '819');
INSERT INTO services_ward (id, name, district_id) VALUES ('28429', 'Xã An Hữu', '819');
INSERT INTO services_ward (id, name, district_id) VALUES ('28432', 'Xã Hòa Hưng', '819');
INSERT INTO services_district (id, name, city_id) VALUES ('820', 'Huyện Cai Lậy', '82');
INSERT INTO services_ward (id, name, district_id) VALUES ('28438', 'Xã Thạnh Lộc', '820');
INSERT INTO services_ward (id, name, district_id) VALUES ('28441', 'Xã Mỹ Thành Bắc', '820');
INSERT INTO services_ward (id, name, district_id) VALUES ('28444', 'Xã Phú Cường', '820');
INSERT INTO services_ward (id, name, district_id) VALUES ('28456', 'Xã Mỹ Thành Nam', '820');
INSERT INTO services_ward (id, name, district_id) VALUES ('28465', 'Xã Phú Nhuận', '820');
INSERT INTO services_ward (id, name, district_id) VALUES ('28471', 'Thị trấn Bình Phú', '820');
INSERT INTO services_ward (id, name, district_id) VALUES ('28489', 'Xã Cẩm Sơn', '820');
INSERT INTO services_ward (id, name, district_id) VALUES ('28492', 'Xã Phú An', '820');
INSERT INTO services_ward (id, name, district_id) VALUES ('28495', 'Xã Mỹ Long', '820');
INSERT INTO services_ward (id, name, district_id) VALUES ('28498', 'Xã Long Tiên', '820');
INSERT INTO services_ward (id, name, district_id) VALUES ('28501', 'Xã Hiệp Đức', '820');
INSERT INTO services_ward (id, name, district_id) VALUES ('28504', 'Xã Long Trung', '820');
INSERT INTO services_ward (id, name, district_id) VALUES ('28507', 'Xã Hội Xuân', '820');
INSERT INTO services_ward (id, name, district_id) VALUES ('28510', 'Xã Tân Phong', '820');
INSERT INTO services_ward (id, name, district_id) VALUES ('28513', 'Xã Tam Bình', '820');
INSERT INTO services_ward (id, name, district_id) VALUES ('28516', 'Xã Ngũ Hiệp', '820');
INSERT INTO services_district (id, name, city_id) VALUES ('821', 'Huyện Châu Thành', '82');
INSERT INTO services_ward (id, name, district_id) VALUES ('28519', 'Thị trấn Tân Hiệp', '821');
INSERT INTO services_ward (id, name, district_id) VALUES ('28522', 'Xã Tân Hội Đông', '821');
INSERT INTO services_ward (id, name, district_id) VALUES ('28525', 'Xã Tân Hương', '821');
INSERT INTO services_ward (id, name, district_id) VALUES ('28528', 'Xã Tân Lý Đông', '821');
INSERT INTO services_ward (id, name, district_id) VALUES ('28534', 'Xã Thân Cửu Nghĩa', '821');
INSERT INTO services_ward (id, name, district_id) VALUES ('28537', 'Xã Tam Hiệp', '821');
INSERT INTO services_ward (id, name, district_id) VALUES ('28540', 'Xã Điềm Hy', '821');
INSERT INTO services_ward (id, name, district_id) VALUES ('28543', 'Xã Nhị Bình', '821');
INSERT INTO services_ward (id, name, district_id) VALUES ('28549', 'Xã Đông Hòa', '821');
INSERT INTO services_ward (id, name, district_id) VALUES ('28552', 'Xã Long Định', '821');
INSERT INTO services_ward (id, name, district_id) VALUES ('28558', 'Xã Long An', '821');
INSERT INTO services_ward (id, name, district_id) VALUES ('28561', 'Xã Long Hưng', '821');
INSERT INTO services_ward (id, name, district_id) VALUES ('28564', 'Xã Bình Trưng', '821');
INSERT INTO services_ward (id, name, district_id) VALUES ('28570', 'Xã Thạnh Phú', '821');
INSERT INTO services_ward (id, name, district_id) VALUES ('28573', 'Xã Bàn Long', '821');
INSERT INTO services_ward (id, name, district_id) VALUES ('28576', 'Xã Vĩnh Kim', '821');
INSERT INTO services_ward (id, name, district_id) VALUES ('28579', 'Xã Bình Đức', '821');
INSERT INTO services_ward (id, name, district_id) VALUES ('28582', 'Xã Song Thuận', '821');
INSERT INTO services_ward (id, name, district_id) VALUES ('28585', 'Xã Kim Sơn', '821');
INSERT INTO services_ward (id, name, district_id) VALUES ('28588', 'Xã Phú Phong', '821');
INSERT INTO services_district (id, name, city_id) VALUES ('822', 'Huyện Chợ Gạo', '82');
INSERT INTO services_ward (id, name, district_id) VALUES ('28594', 'Thị trấn Chợ Gạo', '822');
INSERT INTO services_ward (id, name, district_id) VALUES ('28597', 'Xã Trung Hòa', '822');
INSERT INTO services_ward (id, name, district_id) VALUES ('28600', 'Xã Hòa Tịnh', '822');
INSERT INTO services_ward (id, name, district_id) VALUES ('28603', 'Xã Mỹ Tịnh An', '822');
INSERT INTO services_ward (id, name, district_id) VALUES ('28606', 'Xã Tân Bình Thạnh', '822');
INSERT INTO services_ward (id, name, district_id) VALUES ('28609', 'Xã Phú Kiết', '822');
INSERT INTO services_ward (id, name, district_id) VALUES ('28612', 'Xã Lương Hòa Lạc', '822');
INSERT INTO services_ward (id, name, district_id) VALUES ('28615', 'Xã Thanh Bình', '822');
INSERT INTO services_ward (id, name, district_id) VALUES ('28618', 'Xã Quơn Long', '822');
INSERT INTO services_ward (id, name, district_id) VALUES ('28621', 'Xã Bình Phục Nhứt', '822');
INSERT INTO services_ward (id, name, district_id) VALUES ('28624', 'Xã Đăng Hưng Phước', '822');
INSERT INTO services_ward (id, name, district_id) VALUES ('28627', 'Xã Tân Thuận Bình', '822');
INSERT INTO services_ward (id, name, district_id) VALUES ('28630', 'Xã Song Bình', '822');
INSERT INTO services_ward (id, name, district_id) VALUES ('28633', 'Xã Bình Phan', '822');
INSERT INTO services_ward (id, name, district_id) VALUES ('28636', 'Xã Long Bình Điền', '822');
INSERT INTO services_ward (id, name, district_id) VALUES ('28639', 'Xã An Thạnh Thủy', '822');
INSERT INTO services_ward (id, name, district_id) VALUES ('28642', 'Xã Xuân Đông', '822');
INSERT INTO services_ward (id, name, district_id) VALUES ('28645', 'Xã Hòa Định', '822');
INSERT INTO services_ward (id, name, district_id) VALUES ('28648', 'Xã Bình Ninh', '822');
INSERT INTO services_district (id, name, city_id) VALUES ('823', 'Huyện Gò Công Tây', '82');
INSERT INTO services_ward (id, name, district_id) VALUES ('28651', 'Thị trấn Vĩnh Bình', '823');
INSERT INTO services_ward (id, name, district_id) VALUES ('28654', 'Xã Đồng Sơn', '823');
INSERT INTO services_ward (id, name, district_id) VALUES ('28657', 'Xã Bình Phú', '823');
INSERT INTO services_ward (id, name, district_id) VALUES ('28660', 'Xã Đồng Thạnh', '823');
INSERT INTO services_ward (id, name, district_id) VALUES ('28663', 'Xã Thành Công', '823');
INSERT INTO services_ward (id, name, district_id) VALUES ('28666', 'Xã Bình Nhì', '823');
INSERT INTO services_ward (id, name, district_id) VALUES ('28669', 'Xã Yên Luông', '823');
INSERT INTO services_ward (id, name, district_id) VALUES ('28672', 'Xã Thạnh Trị', '823');
INSERT INTO services_ward (id, name, district_id) VALUES ('28675', 'Xã Thạnh Nhựt', '823');
INSERT INTO services_ward (id, name, district_id) VALUES ('28678', 'Xã Long Vĩnh', '823');
INSERT INTO services_ward (id, name, district_id) VALUES ('28681', 'Xã Bình Tân', '823');
INSERT INTO services_ward (id, name, district_id) VALUES ('28684', 'Xã Vĩnh Hựu', '823');
INSERT INTO services_ward (id, name, district_id) VALUES ('28687', 'Xã Long Bình', '823');
INSERT INTO services_district (id, name, city_id) VALUES ('824', 'Huyện Gò Công Đông', '82');
INSERT INTO services_ward (id, name, district_id) VALUES ('28702', 'Thị trấn Tân Hòa', '824');
INSERT INTO services_ward (id, name, district_id) VALUES ('28705', 'Xã Tăng Hoà', '824');
INSERT INTO services_ward (id, name, district_id) VALUES ('28711', 'Xã Tân Phước', '824');
INSERT INTO services_ward (id, name, district_id) VALUES ('28714', 'Xã Gia Thuận', '824');
INSERT INTO services_ward (id, name, district_id) VALUES ('28720', 'Thị trấn Vàm Láng', '824');
INSERT INTO services_ward (id, name, district_id) VALUES ('28723', 'Xã Tân Tây', '824');
INSERT INTO services_ward (id, name, district_id) VALUES ('28726', 'Xã Kiểng Phước', '824');
INSERT INTO services_ward (id, name, district_id) VALUES ('28732', 'Xã Tân Đông', '824');
INSERT INTO services_ward (id, name, district_id) VALUES ('28735', 'Xã Bình Ân', '824');
INSERT INTO services_ward (id, name, district_id) VALUES ('28738', 'Xã Tân Điền', '824');
INSERT INTO services_ward (id, name, district_id) VALUES ('28741', 'Xã Bình Nghị', '824');
INSERT INTO services_ward (id, name, district_id) VALUES ('28744', 'Xã Phước Trung', '824');
INSERT INTO services_ward (id, name, district_id) VALUES ('28747', 'Xã Tân Thành', '824');
INSERT INTO services_district (id, name, city_id) VALUES ('825', 'Huyện Tân Phú Đông', '82');
INSERT INTO services_ward (id, name, district_id) VALUES ('28690', 'Xã Tân Thới', '825');
INSERT INTO services_ward (id, name, district_id) VALUES ('28693', 'Xã Tân Phú', '825');
INSERT INTO services_ward (id, name, district_id) VALUES ('28696', 'Xã Phú Thạnh', '825');
INSERT INTO services_ward (id, name, district_id) VALUES ('28699', 'Xã Tân Thạnh', '825');
INSERT INTO services_ward (id, name, district_id) VALUES ('28750', 'Xã Phú Đông', '825');
INSERT INTO services_ward (id, name, district_id) VALUES ('28753', 'Xã Phú Tân', '825');
INSERT INTO services_city (id, name) VALUES ('83', 'Tỉnh Bến Tre');
INSERT INTO services_district (id, name, city_id) VALUES ('829', 'Thành phố Bến Tre', '83');
INSERT INTO services_ward (id, name, district_id) VALUES ('28756', 'Phường Phú Khương', '829');
INSERT INTO services_ward (id, name, district_id) VALUES ('28757', 'Phường Phú Tân', '829');
INSERT INTO services_ward (id, name, district_id) VALUES ('28759', 'Phường 8', '829');
INSERT INTO services_ward (id, name, district_id) VALUES ('28762', 'Phường 6', '829');
INSERT INTO services_ward (id, name, district_id) VALUES ('28777', 'Phường An Hội', '829');
INSERT INTO services_ward (id, name, district_id) VALUES ('28780', 'Phường 7', '829');
INSERT INTO services_ward (id, name, district_id) VALUES ('28783', 'Xã Sơn Đông', '829');
INSERT INTO services_ward (id, name, district_id) VALUES ('28786', 'Xã Phú Hưng', '829');
INSERT INTO services_ward (id, name, district_id) VALUES ('28789', 'Xã Bình Phú', '829');
INSERT INTO services_ward (id, name, district_id) VALUES ('28792', 'Xã Mỹ Thạnh An', '829');
INSERT INTO services_ward (id, name, district_id) VALUES ('28795', 'Xã Nhơn Thạnh', '829');
INSERT INTO services_ward (id, name, district_id) VALUES ('28798', 'Xã Phú Nhuận', '829');
INSERT INTO services_district (id, name, city_id) VALUES ('831', 'Huyện Châu Thành', '83');
INSERT INTO services_ward (id, name, district_id) VALUES ('28804', 'Xã Tân Thạch', '831');
INSERT INTO services_ward (id, name, district_id) VALUES ('28807', 'Xã Qưới Sơn', '831');
INSERT INTO services_ward (id, name, district_id) VALUES ('28810', 'Thị trấn Châu Thành', '831');
INSERT INTO services_ward (id, name, district_id) VALUES ('28813', 'Xã Giao Long', '831');
INSERT INTO services_ward (id, name, district_id) VALUES ('28819', 'Xã Phú Túc', '831');
INSERT INTO services_ward (id, name, district_id) VALUES ('28822', 'Xã Phú Đức', '831');
INSERT INTO services_ward (id, name, district_id) VALUES ('28828', 'Xã An Phước', '831');
INSERT INTO services_ward (id, name, district_id) VALUES ('28831', 'Xã Tam Phước', '831');
INSERT INTO services_ward (id, name, district_id) VALUES ('28834', 'Xã Thành Triệu', '831');
INSERT INTO services_ward (id, name, district_id) VALUES ('28840', 'Xã Tân Phú', '831');
INSERT INTO services_ward (id, name, district_id) VALUES ('28843', 'Xã Quới Thành', '831');
INSERT INTO services_ward (id, name, district_id) VALUES ('28846', 'Xã Phước Thạnh', '831');
INSERT INTO services_ward (id, name, district_id) VALUES ('28852', 'Xã Tiên Long', '831');
INSERT INTO services_ward (id, name, district_id) VALUES ('28855', 'Xã Tường Đa', '831');
INSERT INTO services_ward (id, name, district_id) VALUES ('28858', 'Xã Hữu Định', '831');
INSERT INTO services_ward (id, name, district_id) VALUES ('28861', 'Thị trấn Tiên Thủy', '831');
INSERT INTO services_district (id, name, city_id) VALUES ('832', 'Huyện Chợ Lách', '83');
INSERT INTO services_ward (id, name, district_id) VALUES ('28870', 'Thị trấn Chợ Lách', '832');
INSERT INTO services_ward (id, name, district_id) VALUES ('28873', 'Xã Phú Phụng', '832');
INSERT INTO services_ward (id, name, district_id) VALUES ('28876', 'Xã Sơn Định', '832');
INSERT INTO services_ward (id, name, district_id) VALUES ('28879', 'Xã Vĩnh Bình', '832');
INSERT INTO services_ward (id, name, district_id) VALUES ('28882', 'Xã Hòa Nghĩa', '832');
INSERT INTO services_ward (id, name, district_id) VALUES ('28885', 'Xã Long Thới', '832');
INSERT INTO services_ward (id, name, district_id) VALUES ('28888', 'Xã Phú Sơn', '832');
INSERT INTO services_ward (id, name, district_id) VALUES ('28891', 'Xã Tân Thiềng', '832');
INSERT INTO services_ward (id, name, district_id) VALUES ('28894', 'Xã Vĩnh Thành', '832');
INSERT INTO services_ward (id, name, district_id) VALUES ('28897', 'Xã Vĩnh Hòa', '832');
INSERT INTO services_ward (id, name, district_id) VALUES ('28900', 'Xã Hưng Khánh Trung B', '832');
INSERT INTO services_district (id, name, city_id) VALUES ('833', 'Huyện Mỏ Cày Nam', '83');
INSERT INTO services_ward (id, name, district_id) VALUES ('28903', 'Thị trấn Mỏ Cày', '833');
INSERT INTO services_ward (id, name, district_id) VALUES ('28930', 'Xã Định Thủy', '833');
INSERT INTO services_ward (id, name, district_id) VALUES ('28939', 'Xã Đa Phước Hội', '833');
INSERT INTO services_ward (id, name, district_id) VALUES ('28940', 'Xã Tân Hội', '833');
INSERT INTO services_ward (id, name, district_id) VALUES ('28942', 'Xã Phước Hiệp', '833');
INSERT INTO services_ward (id, name, district_id) VALUES ('28945', 'Xã Bình Khánh', '833');
INSERT INTO services_ward (id, name, district_id) VALUES ('28951', 'Xã An Thạnh', '833');
INSERT INTO services_ward (id, name, district_id) VALUES ('28957', 'Xã An Định', '833');
INSERT INTO services_ward (id, name, district_id) VALUES ('28960', 'Xã Thành Thới B', '833');
INSERT INTO services_ward (id, name, district_id) VALUES ('28963', 'Xã Tân Trung', '833');
INSERT INTO services_ward (id, name, district_id) VALUES ('28966', 'Xã An Thới', '833');
INSERT INTO services_ward (id, name, district_id) VALUES ('28969', 'Xã Thành Thới A', '833');
INSERT INTO services_ward (id, name, district_id) VALUES ('28972', 'Xã Minh Đức', '833');
INSERT INTO services_ward (id, name, district_id) VALUES ('28975', 'Xã Ngãi Đăng', '833');
INSERT INTO services_ward (id, name, district_id) VALUES ('28978', 'Xã Cẩm Sơn', '833');
INSERT INTO services_ward (id, name, district_id) VALUES ('28981', 'Xã Hương Mỹ', '833');
INSERT INTO services_district (id, name, city_id) VALUES ('834', 'Huyện Giồng Trôm', '83');
INSERT INTO services_ward (id, name, district_id) VALUES ('28984', 'Thị trấn Giồng Trôm', '834');
INSERT INTO services_ward (id, name, district_id) VALUES ('28987', 'Xã Phong Nẫm', '834');
INSERT INTO services_ward (id, name, district_id) VALUES ('28993', 'Xã Mỹ Thạnh', '834');
INSERT INTO services_ward (id, name, district_id) VALUES ('28996', 'Xã Châu Hòa', '834');
INSERT INTO services_ward (id, name, district_id) VALUES ('28999', 'Xã Lương Hòa', '834');
INSERT INTO services_ward (id, name, district_id) VALUES ('29002', 'Xã Lương Quới', '834');
INSERT INTO services_ward (id, name, district_id) VALUES ('29005', 'Xã Lương Phú', '834');
INSERT INTO services_ward (id, name, district_id) VALUES ('29008', 'Xã Châu Bình', '834');
INSERT INTO services_ward (id, name, district_id) VALUES ('29011', 'Xã Thuận Điền', '834');
INSERT INTO services_ward (id, name, district_id) VALUES ('29014', 'Xã Sơn Phú', '834');
INSERT INTO services_ward (id, name, district_id) VALUES ('29017', 'Xã Bình Hoà', '834');
INSERT INTO services_ward (id, name, district_id) VALUES ('29020', 'Xã Phước Long', '834');
INSERT INTO services_ward (id, name, district_id) VALUES ('29023', 'Xã Hưng Phong', '834');
INSERT INTO services_ward (id, name, district_id) VALUES ('29026', 'Xã Long Mỹ', '834');
INSERT INTO services_ward (id, name, district_id) VALUES ('29029', 'Xã Tân Hào', '834');
INSERT INTO services_ward (id, name, district_id) VALUES ('29032', 'Xã Bình Thành', '834');
INSERT INTO services_ward (id, name, district_id) VALUES ('29035', 'Xã Tân Thanh', '834');
INSERT INTO services_ward (id, name, district_id) VALUES ('29038', 'Xã Tân Lợi Thạnh', '834');
INSERT INTO services_ward (id, name, district_id) VALUES ('29041', 'Xã Thạnh Phú Đông', '834');
INSERT INTO services_ward (id, name, district_id) VALUES ('29044', 'Xã Hưng Nhượng', '834');
INSERT INTO services_ward (id, name, district_id) VALUES ('29047', 'Xã Hưng Lễ', '834');
INSERT INTO services_district (id, name, city_id) VALUES ('835', 'Huyện Bình Đại', '83');
INSERT INTO services_ward (id, name, district_id) VALUES ('29050', 'Thị trấn Bình Đại', '835');
INSERT INTO services_ward (id, name, district_id) VALUES ('29053', 'Xã Tam Hiệp', '835');
INSERT INTO services_ward (id, name, district_id) VALUES ('29056', 'Xã Long Định', '835');
INSERT INTO services_ward (id, name, district_id) VALUES ('29059', 'Xã Long Hòa', '835');
INSERT INTO services_ward (id, name, district_id) VALUES ('29062', 'Xã Phú Thuận', '835');
INSERT INTO services_ward (id, name, district_id) VALUES ('29065', 'Xã Vang Quới Tây', '835');
INSERT INTO services_ward (id, name, district_id) VALUES ('29068', 'Xã Vang Quới Đông', '835');
INSERT INTO services_ward (id, name, district_id) VALUES ('29071', 'Xã Châu Hưng', '835');
INSERT INTO services_ward (id, name, district_id) VALUES ('29077', 'Xã Lộc Thuận', '835');
INSERT INTO services_ward (id, name, district_id) VALUES ('29080', 'Xã Định Trung', '835');
INSERT INTO services_ward (id, name, district_id) VALUES ('29083', 'Xã Thới Lai', '835');
INSERT INTO services_ward (id, name, district_id) VALUES ('29086', 'Xã Bình Thới', '835');
INSERT INTO services_ward (id, name, district_id) VALUES ('29089', 'Xã Phú Long', '835');
INSERT INTO services_ward (id, name, district_id) VALUES ('29092', 'Xã Bình Thắng', '835');
INSERT INTO services_ward (id, name, district_id) VALUES ('29095', 'Xã Thạnh Trị', '835');
INSERT INTO services_ward (id, name, district_id) VALUES ('29098', 'Xã Đại Hòa Lộc', '835');
INSERT INTO services_ward (id, name, district_id) VALUES ('29101', 'Xã Thừa Đức', '835');
INSERT INTO services_ward (id, name, district_id) VALUES ('29104', 'Xã Thạnh Phước', '835');
INSERT INTO services_ward (id, name, district_id) VALUES ('29107', 'Xã Thới Thuận', '835');
INSERT INTO services_district (id, name, city_id) VALUES ('836', 'Huyện Ba Tri', '83');
INSERT INTO services_ward (id, name, district_id) VALUES ('29110', 'Thị trấn Ba Tri', '836');
INSERT INTO services_ward (id, name, district_id) VALUES ('29116', 'Xã Mỹ Hòa', '836');
INSERT INTO services_ward (id, name, district_id) VALUES ('29119', 'Xã Tân Xuân', '836');
INSERT INTO services_ward (id, name, district_id) VALUES ('29122', 'Xã Mỹ Chánh', '836');
INSERT INTO services_ward (id, name, district_id) VALUES ('29125', 'Xã Bảo Thạnh', '836');
INSERT INTO services_ward (id, name, district_id) VALUES ('29128', 'Xã An Phú Trung', '836');
INSERT INTO services_ward (id, name, district_id) VALUES ('29131', 'Xã Mỹ Thạnh', '836');
INSERT INTO services_ward (id, name, district_id) VALUES ('29134', 'Xã Mỹ Nhơn', '836');
INSERT INTO services_ward (id, name, district_id) VALUES ('29137', 'Xã Phước Ngãi', '836');
INSERT INTO services_ward (id, name, district_id) VALUES ('29143', 'Xã An Ngãi Trung', '836');
INSERT INTO services_ward (id, name, district_id) VALUES ('29146', 'Xã Phú Lễ', '836');
INSERT INTO services_ward (id, name, district_id) VALUES ('29149', 'Xã An Bình Tây', '836');
INSERT INTO services_ward (id, name, district_id) VALUES ('29152', 'Xã Bảo Thuận', '836');
INSERT INTO services_ward (id, name, district_id) VALUES ('29155', 'Xã Tân Hưng', '836');
INSERT INTO services_ward (id, name, district_id) VALUES ('29158', 'Xã An Ngãi Tây', '836');
INSERT INTO services_ward (id, name, district_id) VALUES ('29161', 'Xã An Hiệp', '836');
INSERT INTO services_ward (id, name, district_id) VALUES ('29164', 'Xã Vĩnh Hòa', '836');
INSERT INTO services_ward (id, name, district_id) VALUES ('29167', 'Xã Tân Thủy', '836');
INSERT INTO services_ward (id, name, district_id) VALUES ('29170', 'Xã Vĩnh An', '836');
INSERT INTO services_ward (id, name, district_id) VALUES ('29173', 'Xã An Đức', '836');
INSERT INTO services_ward (id, name, district_id) VALUES ('29176', 'Xã An Hòa Tây', '836');
INSERT INTO services_ward (id, name, district_id) VALUES ('29179', 'Thị trấn Tiệm Tôm', '836');
INSERT INTO services_district (id, name, city_id) VALUES ('837', 'Huyện Thạnh Phú', '83');
INSERT INTO services_ward (id, name, district_id) VALUES ('29182', 'Thị trấn Thạnh Phú', '837');
INSERT INTO services_ward (id, name, district_id) VALUES ('29185', 'Xã Phú Khánh', '837');
INSERT INTO services_ward (id, name, district_id) VALUES ('29188', 'Xã Đại Điền', '837');
INSERT INTO services_ward (id, name, district_id) VALUES ('29191', 'Xã Quới Điền', '837');
INSERT INTO services_ward (id, name, district_id) VALUES ('29194', 'Xã Tân Phong', '837');
INSERT INTO services_ward (id, name, district_id) VALUES ('29197', 'Xã Mỹ Hưng', '837');
INSERT INTO services_ward (id, name, district_id) VALUES ('29200', 'Xã An Thạnh', '837');
INSERT INTO services_ward (id, name, district_id) VALUES ('29203', 'Xã Thới Thạnh', '837');
INSERT INTO services_ward (id, name, district_id) VALUES ('29206', 'Xã Hòa Lợi', '837');
INSERT INTO services_ward (id, name, district_id) VALUES ('29209', 'Xã An Điền', '837');
INSERT INTO services_ward (id, name, district_id) VALUES ('29212', 'Xã Bình Thạnh', '837');
INSERT INTO services_ward (id, name, district_id) VALUES ('29215', 'Xã An Thuận', '837');
INSERT INTO services_ward (id, name, district_id) VALUES ('29218', 'Xã An Quy', '837');
INSERT INTO services_ward (id, name, district_id) VALUES ('29221', 'Xã Thạnh Hải', '837');
INSERT INTO services_ward (id, name, district_id) VALUES ('29224', 'Xã An Nhơn', '837');
INSERT INTO services_ward (id, name, district_id) VALUES ('29227', 'Xã Giao Thạnh', '837');
INSERT INTO services_ward (id, name, district_id) VALUES ('29230', 'Xã Thạnh Phong', '837');
INSERT INTO services_ward (id, name, district_id) VALUES ('29233', 'Xã Mỹ An', '837');
INSERT INTO services_district (id, name, city_id) VALUES ('838', 'Huyện Mỏ Cày Bắc', '83');
INSERT INTO services_ward (id, name, district_id) VALUES ('28889', 'Xã Phú Mỹ', '838');
INSERT INTO services_ward (id, name, district_id) VALUES ('28901', 'Xã Hưng Khánh Trung A', '838');
INSERT INTO services_ward (id, name, district_id) VALUES ('28906', 'Xã Thanh Tân', '838');
INSERT INTO services_ward (id, name, district_id) VALUES ('28909', 'Xã Thạnh Ngãi', '838');
INSERT INTO services_ward (id, name, district_id) VALUES ('28912', 'Xã Tân Phú Tây', '838');
INSERT INTO services_ward (id, name, district_id) VALUES ('28915', 'Thị trấn Phước Mỹ Trung', '838');
INSERT INTO services_ward (id, name, district_id) VALUES ('28918', 'Xã Tân Thành Bình', '838');
INSERT INTO services_ward (id, name, district_id) VALUES ('28921', 'Xã Thành An', '838');
INSERT INTO services_ward (id, name, district_id) VALUES ('28924', 'Xã Hòa Lộc', '838');
INSERT INTO services_ward (id, name, district_id) VALUES ('28927', 'Xã Tân Thanh Tây', '838');
INSERT INTO services_ward (id, name, district_id) VALUES ('28933', 'Xã Tân Bình', '838');
INSERT INTO services_ward (id, name, district_id) VALUES ('28936', 'Xã Nhuận Phú Tân', '838');
INSERT INTO services_ward (id, name, district_id) VALUES ('28948', 'Xã Khánh Thạnh Tân', '838');
INSERT INTO services_city (id, name) VALUES ('84', 'Tỉnh Trà Vinh');
INSERT INTO services_district (id, name, city_id) VALUES ('842', 'Thành phố Trà Vinh', '84');
INSERT INTO services_ward (id, name, district_id) VALUES ('29236', 'Phường 4', '842');
INSERT INTO services_ward (id, name, district_id) VALUES ('29239', 'Phường 1', '842');
INSERT INTO services_ward (id, name, district_id) VALUES ('29242', 'Phường 3', '842');
INSERT INTO services_ward (id, name, district_id) VALUES ('29248', 'Phường 5', '842');
INSERT INTO services_ward (id, name, district_id) VALUES ('29254', 'Phường 7', '842');
INSERT INTO services_ward (id, name, district_id) VALUES ('29257', 'Phường 8', '842');
INSERT INTO services_ward (id, name, district_id) VALUES ('29260', 'Phường 9', '842');
INSERT INTO services_ward (id, name, district_id) VALUES ('29263', 'Xã Long Đức', '842');
INSERT INTO services_district (id, name, city_id) VALUES ('844', 'Huyện Càng Long', '84');
INSERT INTO services_ward (id, name, district_id) VALUES ('29266', 'Thị trấn Càng Long', '844');
INSERT INTO services_ward (id, name, district_id) VALUES ('29269', 'Xã Mỹ Cẩm', '844');
INSERT INTO services_ward (id, name, district_id) VALUES ('29272', 'Xã An Trường A', '844');
INSERT INTO services_ward (id, name, district_id) VALUES ('29275', 'Xã An Trường', '844');
INSERT INTO services_ward (id, name, district_id) VALUES ('29278', 'Xã Huyền Hội', '844');
INSERT INTO services_ward (id, name, district_id) VALUES ('29281', 'Xã Tân An', '844');
INSERT INTO services_ward (id, name, district_id) VALUES ('29284', 'Xã Tân Bình', '844');
INSERT INTO services_ward (id, name, district_id) VALUES ('29287', 'Xã Bình Phú', '844');
INSERT INTO services_ward (id, name, district_id) VALUES ('29290', 'Xã Phương Thạnh', '844');
INSERT INTO services_ward (id, name, district_id) VALUES ('29293', 'Xã Đại Phúc', '844');
INSERT INTO services_ward (id, name, district_id) VALUES ('29296', 'Xã Đại Phước', '844');
INSERT INTO services_ward (id, name, district_id) VALUES ('29299', 'Xã Nhị Long Phú', '844');
INSERT INTO services_ward (id, name, district_id) VALUES ('29302', 'Xã Nhị Long', '844');
INSERT INTO services_ward (id, name, district_id) VALUES ('29305', 'Xã Đức Mỹ', '844');
INSERT INTO services_district (id, name, city_id) VALUES ('845', 'Huyện Cầu Kè', '84');
INSERT INTO services_ward (id, name, district_id) VALUES ('29308', 'Thị trấn Cầu Kè', '845');
INSERT INTO services_ward (id, name, district_id) VALUES ('29311', 'Xã Hòa Ân', '845');
INSERT INTO services_ward (id, name, district_id) VALUES ('29314', 'Xã Châu Điền', '845');
INSERT INTO services_ward (id, name, district_id) VALUES ('29317', 'Xã An Phú Tân', '845');
INSERT INTO services_ward (id, name, district_id) VALUES ('29320', 'Xã Hoà Tân', '845');
INSERT INTO services_ward (id, name, district_id) VALUES ('29323', 'Xã Ninh Thới', '845');
INSERT INTO services_ward (id, name, district_id) VALUES ('29326', 'Xã Phong Phú', '845');
INSERT INTO services_ward (id, name, district_id) VALUES ('29329', 'Xã Phong Thạnh', '845');
INSERT INTO services_ward (id, name, district_id) VALUES ('29332', 'Xã Tam Ngãi', '845');
INSERT INTO services_ward (id, name, district_id) VALUES ('29335', 'Xã Thông Hòa', '845');
INSERT INTO services_ward (id, name, district_id) VALUES ('29338', 'Xã Thạnh Phú', '845');
INSERT INTO services_district (id, name, city_id) VALUES ('846', 'Huyện Tiểu Cần', '84');
INSERT INTO services_ward (id, name, district_id) VALUES ('29341', 'Thị trấn Tiểu Cần', '846');
INSERT INTO services_ward (id, name, district_id) VALUES ('29344', 'Thị trấn Cầu Quan', '846');
INSERT INTO services_ward (id, name, district_id) VALUES ('29347', 'Xã Phú Cần', '846');
INSERT INTO services_ward (id, name, district_id) VALUES ('29350', 'Xã Hiếu Tử', '846');
INSERT INTO services_ward (id, name, district_id) VALUES ('29353', 'Xã Hiếu Trung', '846');
INSERT INTO services_ward (id, name, district_id) VALUES ('29356', 'Xã Long Thới', '846');
INSERT INTO services_ward (id, name, district_id) VALUES ('29359', 'Xã Hùng Hòa', '846');
INSERT INTO services_ward (id, name, district_id) VALUES ('29362', 'Xã Tân Hùng', '846');
INSERT INTO services_ward (id, name, district_id) VALUES ('29365', 'Xã Tập Ngãi', '846');
INSERT INTO services_ward (id, name, district_id) VALUES ('29368', 'Xã Ngãi Hùng', '846');
INSERT INTO services_ward (id, name, district_id) VALUES ('29371', 'Xã Tân Hòa', '846');
INSERT INTO services_district (id, name, city_id) VALUES ('847', 'Huyện Châu Thành', '84');
INSERT INTO services_ward (id, name, district_id) VALUES ('29374', 'Thị trấn Châu Thành', '847');
INSERT INTO services_ward (id, name, district_id) VALUES ('29377', 'Xã Đa Lộc', '847');
INSERT INTO services_ward (id, name, district_id) VALUES ('29380', 'Xã Mỹ Chánh', '847');
INSERT INTO services_ward (id, name, district_id) VALUES ('29383', 'Xã Thanh Mỹ', '847');
INSERT INTO services_ward (id, name, district_id) VALUES ('29386', 'Xã Lương Hoà A', '847');
INSERT INTO services_ward (id, name, district_id) VALUES ('29389', 'Xã Lương Hòa', '847');
INSERT INTO services_ward (id, name, district_id) VALUES ('29392', 'Xã Song Lộc', '847');
INSERT INTO services_ward (id, name, district_id) VALUES ('29395', 'Xã Nguyệt Hóa', '847');
INSERT INTO services_ward (id, name, district_id) VALUES ('29398', 'Xã Hòa Thuận', '847');
INSERT INTO services_ward (id, name, district_id) VALUES ('29401', 'Xã Hòa Lợi', '847');
INSERT INTO services_ward (id, name, district_id) VALUES ('29404', 'Xã Phước Hảo', '847');
INSERT INTO services_ward (id, name, district_id) VALUES ('29407', 'Xã Hưng Mỹ', '847');
INSERT INTO services_ward (id, name, district_id) VALUES ('29410', 'Xã Hòa Minh', '847');
INSERT INTO services_ward (id, name, district_id) VALUES ('29413', 'Xã Long Hòa', '847');
INSERT INTO services_district (id, name, city_id) VALUES ('848', 'Huyện Cầu Ngang', '84');
INSERT INTO services_ward (id, name, district_id) VALUES ('29416', 'Thị trấn Cầu Ngang', '848');
INSERT INTO services_ward (id, name, district_id) VALUES ('29419', 'Thị trấn Mỹ Long', '848');
INSERT INTO services_ward (id, name, district_id) VALUES ('29422', 'Xã Mỹ Long Bắc', '848');
INSERT INTO services_ward (id, name, district_id) VALUES ('29425', 'Xã Mỹ Long Nam', '848');
INSERT INTO services_ward (id, name, district_id) VALUES ('29428', 'Xã Mỹ Hòa', '848');
INSERT INTO services_ward (id, name, district_id) VALUES ('29431', 'Xã Vĩnh Kim', '848');
INSERT INTO services_ward (id, name, district_id) VALUES ('29434', 'Xã Kim Hòa', '848');
INSERT INTO services_ward (id, name, district_id) VALUES ('29437', 'Xã Hiệp Hòa', '848');
INSERT INTO services_ward (id, name, district_id) VALUES ('29440', 'Xã Thuận Hòa', '848');
INSERT INTO services_ward (id, name, district_id) VALUES ('29443', 'Xã Long Sơn', '848');
INSERT INTO services_ward (id, name, district_id) VALUES ('29446', 'Xã Nhị Trường', '848');
INSERT INTO services_ward (id, name, district_id) VALUES ('29449', 'Xã Trường Thọ', '848');
INSERT INTO services_ward (id, name, district_id) VALUES ('29452', 'Xã Hiệp Mỹ Đông', '848');
INSERT INTO services_ward (id, name, district_id) VALUES ('29455', 'Xã Hiệp Mỹ Tây', '848');
INSERT INTO services_ward (id, name, district_id) VALUES ('29458', 'Xã Thạnh Hòa Sơn', '848');
INSERT INTO services_district (id, name, city_id) VALUES ('849', 'Huyện Trà Cú', '84');
INSERT INTO services_ward (id, name, district_id) VALUES ('29461', 'Thị trấn Trà Cú', '849');
INSERT INTO services_ward (id, name, district_id) VALUES ('29462', 'Thị trấn Định An', '849');
INSERT INTO services_ward (id, name, district_id) VALUES ('29464', 'Xã Phước Hưng', '849');
INSERT INTO services_ward (id, name, district_id) VALUES ('29467', 'Xã Tập Sơn', '849');
INSERT INTO services_ward (id, name, district_id) VALUES ('29470', 'Xã Tân Sơn', '849');
INSERT INTO services_ward (id, name, district_id) VALUES ('29473', 'Xã An Quảng Hữu', '849');
INSERT INTO services_ward (id, name, district_id) VALUES ('29476', 'Xã Lưu Nghiệp Anh', '849');
INSERT INTO services_ward (id, name, district_id) VALUES ('29479', 'Xã Ngãi Xuyên', '849');
INSERT INTO services_ward (id, name, district_id) VALUES ('29482', 'Xã Kim Sơn', '849');
INSERT INTO services_ward (id, name, district_id) VALUES ('29485', 'Xã Thanh Sơn', '849');
INSERT INTO services_ward (id, name, district_id) VALUES ('29488', 'Xã Hàm Giang', '849');
INSERT INTO services_ward (id, name, district_id) VALUES ('29489', 'Xã Hàm Tân', '849');
INSERT INTO services_ward (id, name, district_id) VALUES ('29491', 'Xã Đại An', '849');
INSERT INTO services_ward (id, name, district_id) VALUES ('29494', 'Xã Định An', '849');
INSERT INTO services_ward (id, name, district_id) VALUES ('29503', 'Xã Ngọc Biên', '849');
INSERT INTO services_ward (id, name, district_id) VALUES ('29506', 'Xã Long Hiệp', '849');
INSERT INTO services_ward (id, name, district_id) VALUES ('29509', 'Xã Tân Hiệp', '849');
INSERT INTO services_district (id, name, city_id) VALUES ('850', 'Huyện Duyên Hải', '84');
INSERT INTO services_ward (id, name, district_id) VALUES ('29497', 'Xã Đôn Xuân', '850');
INSERT INTO services_ward (id, name, district_id) VALUES ('29500', 'Xã Đôn Châu', '850');
INSERT INTO services_ward (id, name, district_id) VALUES ('29513', 'Thị trấn Long Thành', '850');
INSERT INTO services_ward (id, name, district_id) VALUES ('29521', 'Xã Long Khánh', '850');
INSERT INTO services_ward (id, name, district_id) VALUES ('29530', 'Xã Ngũ Lạc', '850');
INSERT INTO services_ward (id, name, district_id) VALUES ('29533', 'Xã Long Vĩnh', '850');
INSERT INTO services_ward (id, name, district_id) VALUES ('29536', 'Xã Đông Hải', '850');
INSERT INTO services_district (id, name, city_id) VALUES ('851', 'Thị xã Duyên Hải', '84');
INSERT INTO services_ward (id, name, district_id) VALUES ('29512', 'Phường 1', '851');
INSERT INTO services_ward (id, name, district_id) VALUES ('29515', 'Xã Long Toàn', '851');
INSERT INTO services_ward (id, name, district_id) VALUES ('29516', 'Phường 2', '851');
INSERT INTO services_ward (id, name, district_id) VALUES ('29518', 'Xã Long Hữu', '851');
INSERT INTO services_ward (id, name, district_id) VALUES ('29524', 'Xã Dân Thành', '851');
INSERT INTO services_ward (id, name, district_id) VALUES ('29527', 'Xã Trường Long Hòa', '851');
INSERT INTO services_ward (id, name, district_id) VALUES ('29539', 'Xã Hiệp Thạnh', '851');
INSERT INTO services_city (id, name) VALUES ('86', 'Tỉnh Vĩnh Long');
INSERT INTO services_district (id, name, city_id) VALUES ('855', 'Thành phố Vĩnh Long', '86');
INSERT INTO services_ward (id, name, district_id) VALUES ('29542', 'Phường 9', '855');
INSERT INTO services_ward (id, name, district_id) VALUES ('29545', 'Phường 5', '855');
INSERT INTO services_ward (id, name, district_id) VALUES ('29551', 'Phường 1', '855');
INSERT INTO services_ward (id, name, district_id) VALUES ('29554', 'Phường 4', '855');
INSERT INTO services_ward (id, name, district_id) VALUES ('29557', 'Phường 3', '855');
INSERT INTO services_ward (id, name, district_id) VALUES ('29560', 'Phường 8', '855');
INSERT INTO services_ward (id, name, district_id) VALUES ('29563', 'Phường Tân Ngãi', '855');
INSERT INTO services_ward (id, name, district_id) VALUES ('29566', 'Phường Tân Hòa', '855');
INSERT INTO services_ward (id, name, district_id) VALUES ('29569', 'Phường Tân Hội', '855');
INSERT INTO services_ward (id, name, district_id) VALUES ('29572', 'Phường Trường An', '855');
INSERT INTO services_district (id, name, city_id) VALUES ('857', 'Huyện Long Hồ', '86');
INSERT INTO services_ward (id, name, district_id) VALUES ('29605', 'Xã Lộc Hòa', '857');
INSERT INTO services_ward (id, name, district_id) VALUES ('29608', 'Xã Long An', '857');
INSERT INTO services_ward (id, name, district_id) VALUES ('29578', 'Xã Đồng Phú', '857');
INSERT INTO services_ward (id, name, district_id) VALUES ('29581', 'Xã Bình Hòa Phước', '857');
INSERT INTO services_ward (id, name, district_id) VALUES ('29584', 'Xã Hòa Ninh', '857');
INSERT INTO services_ward (id, name, district_id) VALUES ('29587', 'Xã An Bình', '857');
INSERT INTO services_ward (id, name, district_id) VALUES ('29590', 'Xã Thanh Đức', '857');
INSERT INTO services_ward (id, name, district_id) VALUES ('29593', 'Xã Tân Hạnh', '857');
INSERT INTO services_ward (id, name, district_id) VALUES ('29596', 'Xã Phước Hậu', '857');
INSERT INTO services_ward (id, name, district_id) VALUES ('29599', 'Xã Long Phước', '857');
INSERT INTO services_ward (id, name, district_id) VALUES ('29602', 'Thị trấn Long Hồ', '857');
INSERT INTO services_ward (id, name, district_id) VALUES ('29611', 'Xã Phú Quới', '857');
INSERT INTO services_ward (id, name, district_id) VALUES ('29614', 'Xã Thạnh Quới', '857');
INSERT INTO services_ward (id, name, district_id) VALUES ('29617', 'Xã Hòa Phú', '857');
INSERT INTO services_district (id, name, city_id) VALUES ('858', 'Huyện Mang Thít', '86');
INSERT INTO services_ward (id, name, district_id) VALUES ('29623', 'Xã Mỹ An', '858');
INSERT INTO services_ward (id, name, district_id) VALUES ('29626', 'Xã Mỹ Phước', '858');
INSERT INTO services_ward (id, name, district_id) VALUES ('29629', 'Xã An Phước', '858');
INSERT INTO services_ward (id, name, district_id) VALUES ('29632', 'Xã Nhơn Phú', '858');
INSERT INTO services_ward (id, name, district_id) VALUES ('29635', 'Xã Long Mỹ', '858');
INSERT INTO services_ward (id, name, district_id) VALUES ('29638', 'Xã Hòa Tịnh', '858');
INSERT INTO services_ward (id, name, district_id) VALUES ('29641', 'Thị trấn Cái Nhum', '858');
INSERT INTO services_ward (id, name, district_id) VALUES ('29644', 'Xã Bình Phước', '858');
INSERT INTO services_ward (id, name, district_id) VALUES ('29647', 'Xã Chánh An', '858');
INSERT INTO services_ward (id, name, district_id) VALUES ('29650', 'Xã Tân An Hội', '858');
INSERT INTO services_ward (id, name, district_id) VALUES ('29653', 'Xã Tân Long', '858');
INSERT INTO services_ward (id, name, district_id) VALUES ('29656', 'Xã Tân Long Hội', '858');
INSERT INTO services_district (id, name, city_id) VALUES ('859', 'Huyện Vũng Liêm', '86');
INSERT INTO services_ward (id, name, district_id) VALUES ('29659', 'Thị trấn Vũng Liêm', '859');
INSERT INTO services_ward (id, name, district_id) VALUES ('29662', 'Xã Tân Quới Trung', '859');
INSERT INTO services_ward (id, name, district_id) VALUES ('29665', 'Xã Quới Thiện', '859');
INSERT INTO services_ward (id, name, district_id) VALUES ('29668', 'Xã Quới An', '859');
INSERT INTO services_ward (id, name, district_id) VALUES ('29671', 'Xã Trung Chánh', '859');
INSERT INTO services_ward (id, name, district_id) VALUES ('29674', 'Xã Tân An Luông', '859');
INSERT INTO services_ward (id, name, district_id) VALUES ('29677', 'Xã Thanh Bình', '859');
INSERT INTO services_ward (id, name, district_id) VALUES ('29680', 'Xã Trung Thành Tây', '859');
INSERT INTO services_ward (id, name, district_id) VALUES ('29683', 'Xã Trung Hiệp', '859');
INSERT INTO services_ward (id, name, district_id) VALUES ('29686', 'Xã Hiếu Phụng', '859');
INSERT INTO services_ward (id, name, district_id) VALUES ('29689', 'Xã Trung Thành Đông', '859');
INSERT INTO services_ward (id, name, district_id) VALUES ('29692', 'Xã Trung Thành', '859');
INSERT INTO services_ward (id, name, district_id) VALUES ('29695', 'Xã Trung Hiếu', '859');
INSERT INTO services_ward (id, name, district_id) VALUES ('29698', 'Xã Trung Ngãi', '859');
INSERT INTO services_ward (id, name, district_id) VALUES ('29701', 'Xã Hiếu Thuận', '859');
INSERT INTO services_ward (id, name, district_id) VALUES ('29704', 'Xã Trung Nghĩa', '859');
INSERT INTO services_ward (id, name, district_id) VALUES ('29707', 'Xã Trung An', '859');
INSERT INTO services_ward (id, name, district_id) VALUES ('29710', 'Xã Hiếu Nhơn', '859');
INSERT INTO services_ward (id, name, district_id) VALUES ('29713', 'Xã Hiếu Thành', '859');
INSERT INTO services_ward (id, name, district_id) VALUES ('29716', 'Xã Hiếu Nghĩa', '859');
INSERT INTO services_district (id, name, city_id) VALUES ('860', 'Huyện Tam Bình', '86');
INSERT INTO services_ward (id, name, district_id) VALUES ('29719', 'Thị trấn Tam Bình', '860');
INSERT INTO services_ward (id, name, district_id) VALUES ('29722', 'Xã Tân Lộc', '860');
INSERT INTO services_ward (id, name, district_id) VALUES ('29725', 'Xã Phú Thịnh', '860');
INSERT INTO services_ward (id, name, district_id) VALUES ('29728', 'Xã Hậu Lộc', '860');
INSERT INTO services_ward (id, name, district_id) VALUES ('29731', 'Xã Hòa Thạnh', '860');
INSERT INTO services_ward (id, name, district_id) VALUES ('29734', 'Xã Hoà Lộc', '860');
INSERT INTO services_ward (id, name, district_id) VALUES ('29737', 'Xã Phú Lộc', '860');
INSERT INTO services_ward (id, name, district_id) VALUES ('29740', 'Xã Song Phú', '860');
INSERT INTO services_ward (id, name, district_id) VALUES ('29743', 'Xã Hòa Hiệp', '860');
INSERT INTO services_ward (id, name, district_id) VALUES ('29746', 'Xã Mỹ Lộc', '860');
INSERT INTO services_ward (id, name, district_id) VALUES ('29749', 'Xã Tân Phú', '860');
INSERT INTO services_ward (id, name, district_id) VALUES ('29752', 'Xã Long Phú', '860');
INSERT INTO services_ward (id, name, district_id) VALUES ('29755', 'Xã Mỹ Thạnh Trung', '860');
INSERT INTO services_ward (id, name, district_id) VALUES ('29761', 'Xã Loan Mỹ', '860');
INSERT INTO services_ward (id, name, district_id) VALUES ('29764', 'Xã Ngãi Tứ', '860');
INSERT INTO services_ward (id, name, district_id) VALUES ('29767', 'Xã Bình Ninh', '860');
INSERT INTO services_district (id, name, city_id) VALUES ('861', 'Thị xã Bình Minh', '86');
INSERT INTO services_ward (id, name, district_id) VALUES ('29770', 'Phường Cái Vồn', '861');
INSERT INTO services_ward (id, name, district_id) VALUES ('29771', 'Phường Thành Phước', '861');
INSERT INTO services_ward (id, name, district_id) VALUES ('29806', 'Xã Thuận An', '861');
INSERT INTO services_ward (id, name, district_id) VALUES ('29809', 'Xã Đông Thạnh', '861');
INSERT INTO services_ward (id, name, district_id) VALUES ('29812', 'Xã Đông Bình', '861');
INSERT INTO services_ward (id, name, district_id) VALUES ('29813', 'Phường Đông Thuận', '861');
INSERT INTO services_ward (id, name, district_id) VALUES ('29815', 'Xã Mỹ Hòa', '861');
INSERT INTO services_ward (id, name, district_id) VALUES ('29818', 'Xã Đông Thành', '861');
INSERT INTO services_district (id, name, city_id) VALUES ('862', 'Huyện Trà Ôn', '86');
INSERT INTO services_ward (id, name, district_id) VALUES ('29821', 'Thị trấn Trà Ôn', '862');
INSERT INTO services_ward (id, name, district_id) VALUES ('29824', 'Xã Xuân Hiệp', '862');
INSERT INTO services_ward (id, name, district_id) VALUES ('29827', 'Xã Nhơn Bình', '862');
INSERT INTO services_ward (id, name, district_id) VALUES ('29830', 'Xã Hòa Bình', '862');
INSERT INTO services_ward (id, name, district_id) VALUES ('29833', 'Xã Thới Hòa', '862');
INSERT INTO services_ward (id, name, district_id) VALUES ('29836', 'Xã Trà Côn', '862');
INSERT INTO services_ward (id, name, district_id) VALUES ('29839', 'Xã Tân Mỹ', '862');
INSERT INTO services_ward (id, name, district_id) VALUES ('29842', 'Xã Hựu Thành', '862');
INSERT INTO services_ward (id, name, district_id) VALUES ('29845', 'Xã Vĩnh Xuân', '862');
INSERT INTO services_ward (id, name, district_id) VALUES ('29848', 'Xã Thuận Thới', '862');
INSERT INTO services_ward (id, name, district_id) VALUES ('29851', 'Xã Phú Thành', '862');
INSERT INTO services_ward (id, name, district_id) VALUES ('29857', 'Xã Lục Sỹ Thành', '862');
INSERT INTO services_ward (id, name, district_id) VALUES ('29860', 'Xã Tích Thiện', '862');
INSERT INTO services_district (id, name, city_id) VALUES ('863', 'Huyện Bình Tân', '86');
INSERT INTO services_ward (id, name, district_id) VALUES ('29776', 'Xã Tân Thành', '863');
INSERT INTO services_ward (id, name, district_id) VALUES ('29779', 'Xã Thành Trung', '863');
INSERT INTO services_ward (id, name, district_id) VALUES ('29782', 'Xã Tân An Thạnh', '863');
INSERT INTO services_ward (id, name, district_id) VALUES ('29785', 'Xã Tân Lược', '863');
INSERT INTO services_ward (id, name, district_id) VALUES ('29788', 'Xã Nguyễn Văn Thảnh', '863');
INSERT INTO services_ward (id, name, district_id) VALUES ('29791', 'Xã Thành Lợi', '863');
INSERT INTO services_ward (id, name, district_id) VALUES ('29794', 'Xã Mỹ Thuận', '863');
INSERT INTO services_ward (id, name, district_id) VALUES ('29797', 'Xã Tân Bình', '863');
INSERT INTO services_ward (id, name, district_id) VALUES ('29800', 'Thị trấn Tân Quới', '863');
INSERT INTO services_city (id, name) VALUES ('87', 'Tỉnh Đồng Tháp');
INSERT INTO services_district (id, name, city_id) VALUES ('866', 'Thành phố Cao Lãnh', '87');
INSERT INTO services_ward (id, name, district_id) VALUES ('29869', 'Phường 1', '866');
INSERT INTO services_ward (id, name, district_id) VALUES ('29872', 'Phường 4', '866');
INSERT INTO services_ward (id, name, district_id) VALUES ('29875', 'Phường 3', '866');
INSERT INTO services_ward (id, name, district_id) VALUES ('29878', 'Phường 6', '866');
INSERT INTO services_ward (id, name, district_id) VALUES ('29881', 'Phường Mỹ Ngãi', '866');
INSERT INTO services_ward (id, name, district_id) VALUES ('29884', 'Xã Mỹ Tân', '866');
INSERT INTO services_ward (id, name, district_id) VALUES ('29887', 'Xã Mỹ Trà', '866');
INSERT INTO services_ward (id, name, district_id) VALUES ('29888', 'Phường Mỹ Phú', '866');
INSERT INTO services_ward (id, name, district_id) VALUES ('29890', 'Xã Tân Thuận Tây', '866');
INSERT INTO services_ward (id, name, district_id) VALUES ('29892', 'Phường Hoà Thuận', '866');
INSERT INTO services_ward (id, name, district_id) VALUES ('29893', 'Xã Hòa An', '866');
INSERT INTO services_ward (id, name, district_id) VALUES ('29896', 'Xã Tân Thuận Đông', '866');
INSERT INTO services_ward (id, name, district_id) VALUES ('29899', 'Xã Tịnh Thới', '866');
INSERT INTO services_district (id, name, city_id) VALUES ('867', 'Thành phố Sa Đéc', '87');
INSERT INTO services_ward (id, name, district_id) VALUES ('29902', 'Phường 3', '867');
INSERT INTO services_ward (id, name, district_id) VALUES ('29905', 'Phường 1', '867');
INSERT INTO services_ward (id, name, district_id) VALUES ('29908', 'Phường 4', '867');
INSERT INTO services_ward (id, name, district_id) VALUES ('29911', 'Phường 2', '867');
INSERT INTO services_ward (id, name, district_id) VALUES ('29914', 'Xã Tân Khánh Đông', '867');
INSERT INTO services_ward (id, name, district_id) VALUES ('29917', 'Phường Tân Quy Đông', '867');
INSERT INTO services_ward (id, name, district_id) VALUES ('29919', 'Phường An Hoà', '867');
INSERT INTO services_ward (id, name, district_id) VALUES ('29920', 'Xã Tân Quy Tây', '867');
INSERT INTO services_ward (id, name, district_id) VALUES ('29923', 'Xã Tân Phú Đông', '867');
INSERT INTO services_district (id, name, city_id) VALUES ('868', 'Thành phố Hồng Ngự', '87');
INSERT INTO services_ward (id, name, district_id) VALUES ('29954', 'Phường An Lộc', '868');
INSERT INTO services_ward (id, name, district_id) VALUES ('29955', 'Phường An Thạnh', '868');
INSERT INTO services_ward (id, name, district_id) VALUES ('29959', 'Xã Bình Thạnh', '868');
INSERT INTO services_ward (id, name, district_id) VALUES ('29965', 'Xã Tân Hội', '868');
INSERT INTO services_ward (id, name, district_id) VALUES ('29978', 'Phường An Lạc', '868');
INSERT INTO services_ward (id, name, district_id) VALUES ('29986', 'Phường An Bình B', '868');
INSERT INTO services_ward (id, name, district_id) VALUES ('29989', 'Phường An Bình A', '868');
INSERT INTO services_district (id, name, city_id) VALUES ('869', 'Huyện Tân Hồng', '87');
INSERT INTO services_ward (id, name, district_id) VALUES ('29926', 'Thị trấn Sa Rài', '869');
INSERT INTO services_ward (id, name, district_id) VALUES ('29929', 'Xã Tân Hộ Cơ', '869');
INSERT INTO services_ward (id, name, district_id) VALUES ('29932', 'Xã Thông Bình', '869');
INSERT INTO services_ward (id, name, district_id) VALUES ('29935', 'Xã Bình Phú', '869');
INSERT INTO services_ward (id, name, district_id) VALUES ('29938', 'Xã Tân Thành A', '869');
INSERT INTO services_ward (id, name, district_id) VALUES ('29941', 'Xã Tân Thành B', '869');
INSERT INTO services_ward (id, name, district_id) VALUES ('29944', 'Xã Tân Phước', '869');
INSERT INTO services_ward (id, name, district_id) VALUES ('29947', 'Xã Tân Công Chí', '869');
INSERT INTO services_ward (id, name, district_id) VALUES ('29950', 'Xã An Phước', '869');
INSERT INTO services_district (id, name, city_id) VALUES ('870', 'Huyện Hồng Ngự', '87');
INSERT INTO services_ward (id, name, district_id) VALUES ('29956', 'Xã Thường Phước 1', '870');
INSERT INTO services_ward (id, name, district_id) VALUES ('29962', 'Xã Thường Thới Hậu A', '870');
INSERT INTO services_ward (id, name, district_id) VALUES ('29971', 'Thị trấn Thường Thới Tiền', '870');
INSERT INTO services_ward (id, name, district_id) VALUES ('29974', 'Xã Thường Phước 2', '870');
INSERT INTO services_ward (id, name, district_id) VALUES ('29977', 'Xã Thường Lạc', '870');
INSERT INTO services_ward (id, name, district_id) VALUES ('29980', 'Xã Long Khánh A', '870');
INSERT INTO services_ward (id, name, district_id) VALUES ('29983', 'Xã Long Khánh B', '870');
INSERT INTO services_ward (id, name, district_id) VALUES ('29992', 'Xã Long Thuận', '870');
INSERT INTO services_ward (id, name, district_id) VALUES ('29995', 'Xã Phú Thuận B', '870');
INSERT INTO services_ward (id, name, district_id) VALUES ('29998', 'Xã Phú Thuận A', '870');
INSERT INTO services_district (id, name, city_id) VALUES ('871', 'Huyện Tam Nông', '87');
INSERT INTO services_ward (id, name, district_id) VALUES ('30001', 'Thị trấn Tràm Chim', '871');
INSERT INTO services_ward (id, name, district_id) VALUES ('30004', 'Xã Hoà Bình', '871');
INSERT INTO services_ward (id, name, district_id) VALUES ('30007', 'Xã Tân Công Sính', '871');
INSERT INTO services_ward (id, name, district_id) VALUES ('30010', 'Xã Phú Hiệp', '871');
INSERT INTO services_ward (id, name, district_id) VALUES ('30013', 'Xã Phú Đức', '871');
INSERT INTO services_ward (id, name, district_id) VALUES ('30016', 'Xã Phú Thành B', '871');
INSERT INTO services_ward (id, name, district_id) VALUES ('30019', 'Xã An Hòa', '871');
INSERT INTO services_ward (id, name, district_id) VALUES ('30022', 'Xã An Long', '871');
INSERT INTO services_ward (id, name, district_id) VALUES ('30025', 'Xã Phú Cường', '871');
INSERT INTO services_ward (id, name, district_id) VALUES ('30028', 'Xã Phú Ninh', '871');
INSERT INTO services_ward (id, name, district_id) VALUES ('30031', 'Xã Phú Thọ', '871');
INSERT INTO services_ward (id, name, district_id) VALUES ('30034', 'Xã Phú Thành A', '871');
INSERT INTO services_district (id, name, city_id) VALUES ('872', 'Huyện Tháp Mười', '87');
INSERT INTO services_ward (id, name, district_id) VALUES ('30037', 'Thị trấn Mỹ An', '872');
INSERT INTO services_ward (id, name, district_id) VALUES ('30040', 'Xã Thạnh Lợi', '872');
INSERT INTO services_ward (id, name, district_id) VALUES ('30043', 'Xã Hưng Thạnh', '872');
INSERT INTO services_ward (id, name, district_id) VALUES ('30046', 'Xã Trường Xuân', '872');
INSERT INTO services_ward (id, name, district_id) VALUES ('30049', 'Xã Tân Kiều', '872');
INSERT INTO services_ward (id, name, district_id) VALUES ('30052', 'Xã Mỹ Hòa', '872');
INSERT INTO services_ward (id, name, district_id) VALUES ('30055', 'Xã Mỹ Quý', '872');
INSERT INTO services_ward (id, name, district_id) VALUES ('30058', 'Xã Mỹ Đông', '872');
INSERT INTO services_ward (id, name, district_id) VALUES ('30061', 'Xã Đốc Binh Kiều', '872');
INSERT INTO services_ward (id, name, district_id) VALUES ('30064', 'Xã Mỹ An', '872');
INSERT INTO services_ward (id, name, district_id) VALUES ('30067', 'Xã Phú Điền', '872');
INSERT INTO services_ward (id, name, district_id) VALUES ('30070', 'Xã Láng Biển', '872');
INSERT INTO services_ward (id, name, district_id) VALUES ('30073', 'Xã Thanh Mỹ', '872');
INSERT INTO services_district (id, name, city_id) VALUES ('873', 'Huyện Cao Lãnh', '87');
INSERT INTO services_ward (id, name, district_id) VALUES ('30076', 'Thị trấn Mỹ Thọ', '873');
INSERT INTO services_ward (id, name, district_id) VALUES ('30079', 'Xã Gáo Giồng', '873');
INSERT INTO services_ward (id, name, district_id) VALUES ('30082', 'Xã Phương Thịnh', '873');
INSERT INTO services_ward (id, name, district_id) VALUES ('30085', 'Xã Ba Sao', '873');
INSERT INTO services_ward (id, name, district_id) VALUES ('30088', 'Xã Phong Mỹ', '873');
INSERT INTO services_ward (id, name, district_id) VALUES ('30091', 'Xã Tân Nghĩa', '873');
INSERT INTO services_ward (id, name, district_id) VALUES ('30094', 'Xã Phương Trà', '873');
INSERT INTO services_ward (id, name, district_id) VALUES ('30097', 'Xã Nhị Mỹ', '873');
INSERT INTO services_ward (id, name, district_id) VALUES ('30100', 'Xã Mỹ Thọ', '873');
INSERT INTO services_ward (id, name, district_id) VALUES ('30103', 'Xã Tân Hội Trung', '873');
INSERT INTO services_ward (id, name, district_id) VALUES ('30106', 'Xã An Bình', '873');
INSERT INTO services_ward (id, name, district_id) VALUES ('30109', 'Xã Mỹ Hội', '873');
INSERT INTO services_ward (id, name, district_id) VALUES ('30112', 'Xã Mỹ Hiệp', '873');
INSERT INTO services_ward (id, name, district_id) VALUES ('30115', 'Xã Mỹ Long', '873');
INSERT INTO services_ward (id, name, district_id) VALUES ('30118', 'Xã Bình Hàng Trung', '873');
INSERT INTO services_ward (id, name, district_id) VALUES ('30121', 'Xã Mỹ Xương', '873');
INSERT INTO services_ward (id, name, district_id) VALUES ('30124', 'Xã Bình Hàng Tây', '873');
INSERT INTO services_ward (id, name, district_id) VALUES ('30127', 'Xã Bình Thạnh', '873');
INSERT INTO services_district (id, name, city_id) VALUES ('874', 'Huyện Thanh Bình', '87');
INSERT INTO services_ward (id, name, district_id) VALUES ('30130', 'Thị trấn Thanh Bình', '874');
INSERT INTO services_ward (id, name, district_id) VALUES ('30133', 'Xã Tân Quới', '874');
INSERT INTO services_ward (id, name, district_id) VALUES ('30136', 'Xã Tân Hòa', '874');
INSERT INTO services_ward (id, name, district_id) VALUES ('30139', 'Xã An Phong', '874');
INSERT INTO services_ward (id, name, district_id) VALUES ('30142', 'Xã Phú Lợi', '874');
INSERT INTO services_ward (id, name, district_id) VALUES ('30145', 'Xã Tân Mỹ', '874');
INSERT INTO services_ward (id, name, district_id) VALUES ('30148', 'Xã Bình Tấn', '874');
INSERT INTO services_ward (id, name, district_id) VALUES ('30151', 'Xã Tân Huề', '874');
INSERT INTO services_ward (id, name, district_id) VALUES ('30154', 'Xã Tân Bình', '874');
INSERT INTO services_ward (id, name, district_id) VALUES ('30157', 'Xã Tân Thạnh', '874');
INSERT INTO services_ward (id, name, district_id) VALUES ('30160', 'Xã Tân Phú', '874');
INSERT INTO services_ward (id, name, district_id) VALUES ('30163', 'Xã Bình Thành', '874');
INSERT INTO services_ward (id, name, district_id) VALUES ('30166', 'Xã Tân Long', '874');
INSERT INTO services_district (id, name, city_id) VALUES ('875', 'Huyện Lấp Vò', '87');
INSERT INTO services_ward (id, name, district_id) VALUES ('30169', 'Thị trấn Lấp Vò', '875');
INSERT INTO services_ward (id, name, district_id) VALUES ('30172', 'Xã Mỹ An Hưng A', '875');
INSERT INTO services_ward (id, name, district_id) VALUES ('30175', 'Xã Tân Mỹ', '875');
INSERT INTO services_ward (id, name, district_id) VALUES ('30178', 'Xã Mỹ An Hưng B', '875');
INSERT INTO services_ward (id, name, district_id) VALUES ('30181', 'Xã Tân Khánh Trung', '875');
INSERT INTO services_ward (id, name, district_id) VALUES ('30184', 'Xã Long Hưng A', '875');
INSERT INTO services_ward (id, name, district_id) VALUES ('30187', 'Xã Vĩnh Thạnh', '875');
INSERT INTO services_ward (id, name, district_id) VALUES ('30190', 'Xã Long Hưng B', '875');
INSERT INTO services_ward (id, name, district_id) VALUES ('30193', 'Xã Bình Thành', '875');
INSERT INTO services_ward (id, name, district_id) VALUES ('30196', 'Xã Định An', '875');
INSERT INTO services_ward (id, name, district_id) VALUES ('30199', 'Xã Định Yên', '875');
INSERT INTO services_ward (id, name, district_id) VALUES ('30202', 'Xã Hội An Đông', '875');
INSERT INTO services_ward (id, name, district_id) VALUES ('30205', 'Xã Bình Thạnh Trung', '875');
INSERT INTO services_district (id, name, city_id) VALUES ('876', 'Huyện Lai Vung', '87');
INSERT INTO services_ward (id, name, district_id) VALUES ('30208', 'Thị trấn Lai Vung', '876');
INSERT INTO services_ward (id, name, district_id) VALUES ('30211', 'Xã Tân Dương', '876');
INSERT INTO services_ward (id, name, district_id) VALUES ('30214', 'Xã Hòa Thành', '876');
INSERT INTO services_ward (id, name, district_id) VALUES ('30217', 'Xã Long Hậu', '876');
INSERT INTO services_ward (id, name, district_id) VALUES ('30220', 'Xã Tân Phước', '876');
INSERT INTO services_ward (id, name, district_id) VALUES ('30223', 'Xã Hòa Long', '876');
INSERT INTO services_ward (id, name, district_id) VALUES ('30226', 'Xã Tân Thành', '876');
INSERT INTO services_ward (id, name, district_id) VALUES ('30229', 'Xã Long Thắng', '876');
INSERT INTO services_ward (id, name, district_id) VALUES ('30232', 'Xã Vĩnh Thới', '876');
INSERT INTO services_ward (id, name, district_id) VALUES ('30235', 'Xã Tân Hòa', '876');
INSERT INTO services_ward (id, name, district_id) VALUES ('30238', 'Xã Định Hòa', '876');
INSERT INTO services_ward (id, name, district_id) VALUES ('30241', 'Xã Phong Hòa', '876');
INSERT INTO services_district (id, name, city_id) VALUES ('877', 'Huyện Châu Thành', '87');
INSERT INTO services_ward (id, name, district_id) VALUES ('30244', 'Thị trấn Cái Tàu Hạ', '877');
INSERT INTO services_ward (id, name, district_id) VALUES ('30247', 'Xã An Hiệp', '877');
INSERT INTO services_ward (id, name, district_id) VALUES ('30250', 'Xã An Nhơn', '877');
INSERT INTO services_ward (id, name, district_id) VALUES ('30253', 'Xã Tân Nhuận Đông', '877');
INSERT INTO services_ward (id, name, district_id) VALUES ('30256', 'Xã Tân Bình', '877');
INSERT INTO services_ward (id, name, district_id) VALUES ('30259', 'Xã Tân Phú Trung', '877');
INSERT INTO services_ward (id, name, district_id) VALUES ('30262', 'Xã Phú Long', '877');
INSERT INTO services_ward (id, name, district_id) VALUES ('30265', 'Xã An Phú Thuận', '877');
INSERT INTO services_ward (id, name, district_id) VALUES ('30268', 'Xã Phú Hựu', '877');
INSERT INTO services_ward (id, name, district_id) VALUES ('30271', 'Xã An Khánh', '877');
INSERT INTO services_ward (id, name, district_id) VALUES ('30274', 'Xã Tân Phú', '877');
INSERT INTO services_ward (id, name, district_id) VALUES ('30277', 'Xã Hòa Tân', '877');
INSERT INTO services_city (id, name) VALUES ('89', 'Tỉnh An Giang');
INSERT INTO services_district (id, name, city_id) VALUES ('883', 'Thành phố Long Xuyên', '89');
INSERT INTO services_ward (id, name, district_id) VALUES ('30280', 'Phường Mỹ Bình', '883');
INSERT INTO services_ward (id, name, district_id) VALUES ('30283', 'Phường Mỹ Long', '883');
INSERT INTO services_ward (id, name, district_id) VALUES ('30286', 'Phường Mỹ Xuyên', '883');
INSERT INTO services_ward (id, name, district_id) VALUES ('30289', 'Phường Bình Đức', '883');
INSERT INTO services_ward (id, name, district_id) VALUES ('30292', 'Phường Bình Khánh', '883');
INSERT INTO services_ward (id, name, district_id) VALUES ('30295', 'Phường Mỹ Phước', '883');
INSERT INTO services_ward (id, name, district_id) VALUES ('30298', 'Phường Mỹ Quý', '883');
INSERT INTO services_ward (id, name, district_id) VALUES ('30301', 'Phường Mỹ Thới', '883');
INSERT INTO services_ward (id, name, district_id) VALUES ('30304', 'Phường Mỹ Thạnh', '883');
INSERT INTO services_ward (id, name, district_id) VALUES ('30307', 'Phường Mỹ Hòa', '883');
INSERT INTO services_ward (id, name, district_id) VALUES ('30310', 'Xã Mỹ Khánh', '883');
INSERT INTO services_ward (id, name, district_id) VALUES ('30313', 'Xã Mỹ Hoà Hưng', '883');
INSERT INTO services_district (id, name, city_id) VALUES ('884', 'Thành phố Châu Đốc', '89');
INSERT INTO services_ward (id, name, district_id) VALUES ('30316', 'Phường Châu Phú B', '884');
INSERT INTO services_ward (id, name, district_id) VALUES ('30319', 'Phường Châu Phú A', '884');
INSERT INTO services_ward (id, name, district_id) VALUES ('30322', 'Phường Vĩnh Mỹ', '884');
INSERT INTO services_ward (id, name, district_id) VALUES ('30325', 'Phường Núi Sam', '884');
INSERT INTO services_ward (id, name, district_id) VALUES ('30328', 'Phường Vĩnh Ngươn', '884');
INSERT INTO services_ward (id, name, district_id) VALUES ('30331', 'Xã Vĩnh Tế', '884');
INSERT INTO services_ward (id, name, district_id) VALUES ('30334', 'Xã Vĩnh Châu', '884');
INSERT INTO services_district (id, name, city_id) VALUES ('886', 'Huyện An Phú', '89');
INSERT INTO services_ward (id, name, district_id) VALUES ('30337', 'Thị trấn An Phú', '886');
INSERT INTO services_ward (id, name, district_id) VALUES ('30340', 'Xã Khánh An', '886');
INSERT INTO services_ward (id, name, district_id) VALUES ('30341', 'Thị trấn Long Bình', '886');
INSERT INTO services_ward (id, name, district_id) VALUES ('30343', 'Xã Khánh Bình', '886');
INSERT INTO services_ward (id, name, district_id) VALUES ('30346', 'Xã Quốc Thái', '886');
INSERT INTO services_ward (id, name, district_id) VALUES ('30349', 'Xã Nhơn Hội', '886');
INSERT INTO services_ward (id, name, district_id) VALUES ('30352', 'Xã Phú Hữu', '886');
INSERT INTO services_ward (id, name, district_id) VALUES ('30355', 'Xã Phú Hội', '886');
INSERT INTO services_ward (id, name, district_id) VALUES ('30358', 'Xã Phước Hưng', '886');
INSERT INTO services_ward (id, name, district_id) VALUES ('30361', 'Xã Vĩnh Lộc', '886');
INSERT INTO services_ward (id, name, district_id) VALUES ('30364', 'Xã Vĩnh Hậu', '886');
INSERT INTO services_ward (id, name, district_id) VALUES ('30367', 'Xã Vĩnh Trường', '886');
INSERT INTO services_ward (id, name, district_id) VALUES ('30370', 'Xã Vĩnh Hội Đông', '886');
INSERT INTO services_ward (id, name, district_id) VALUES ('30373', 'Thị trấn Đa Phước', '886');
INSERT INTO services_district (id, name, city_id) VALUES ('887', 'Thị xã Tân Châu', '89');
INSERT INTO services_ward (id, name, district_id) VALUES ('30376', 'Phường Long Thạnh', '887');
INSERT INTO services_ward (id, name, district_id) VALUES ('30377', 'Phường Long Hưng', '887');
INSERT INTO services_ward (id, name, district_id) VALUES ('30378', 'Phường Long Châu', '887');
INSERT INTO services_ward (id, name, district_id) VALUES ('30379', 'Xã Phú Lộc', '887');
INSERT INTO services_ward (id, name, district_id) VALUES ('30382', 'Xã Vĩnh Xương', '887');
INSERT INTO services_ward (id, name, district_id) VALUES ('30385', 'Xã Vĩnh Hòa', '887');
INSERT INTO services_ward (id, name, district_id) VALUES ('30387', 'Xã Tân Thạnh', '887');
INSERT INTO services_ward (id, name, district_id) VALUES ('30388', 'Xã Tân An', '887');
INSERT INTO services_ward (id, name, district_id) VALUES ('30391', 'Xã Long An', '887');
INSERT INTO services_ward (id, name, district_id) VALUES ('30394', 'Phường Long Phú', '887');
INSERT INTO services_ward (id, name, district_id) VALUES ('30397', 'Xã Châu Phong', '887');
INSERT INTO services_ward (id, name, district_id) VALUES ('30400', 'Xã Phú Vĩnh', '887');
INSERT INTO services_ward (id, name, district_id) VALUES ('30403', 'Xã Lê Chánh', '887');
INSERT INTO services_ward (id, name, district_id) VALUES ('30412', 'Phường Long Sơn', '887');
INSERT INTO services_district (id, name, city_id) VALUES ('888', 'Huyện Phú Tân', '89');
INSERT INTO services_ward (id, name, district_id) VALUES ('30406', 'Thị trấn Phú Mỹ', '888');
INSERT INTO services_ward (id, name, district_id) VALUES ('30409', 'Thị trấn Chợ Vàm', '888');
INSERT INTO services_ward (id, name, district_id) VALUES ('30415', 'Xã Long Hoà', '888');
INSERT INTO services_ward (id, name, district_id) VALUES ('30418', 'Xã Phú Long', '888');
INSERT INTO services_ward (id, name, district_id) VALUES ('30421', 'Xã Phú Lâm', '888');
INSERT INTO services_ward (id, name, district_id) VALUES ('30424', 'Xã Phú Hiệp', '888');
INSERT INTO services_ward (id, name, district_id) VALUES ('30427', 'Xã Phú Thạnh', '888');
INSERT INTO services_ward (id, name, district_id) VALUES ('30430', 'Xã Hoà Lạc', '888');
INSERT INTO services_ward (id, name, district_id) VALUES ('30433', 'Xã Phú Thành', '888');
INSERT INTO services_ward (id, name, district_id) VALUES ('30436', 'Xã Phú An', '888');
INSERT INTO services_ward (id, name, district_id) VALUES ('30439', 'Xã Phú Xuân', '888');
INSERT INTO services_ward (id, name, district_id) VALUES ('30442', 'Xã Hiệp Xương', '888');
INSERT INTO services_ward (id, name, district_id) VALUES ('30445', 'Xã Phú Bình', '888');
INSERT INTO services_ward (id, name, district_id) VALUES ('30448', 'Xã Phú Thọ', '888');
INSERT INTO services_ward (id, name, district_id) VALUES ('30451', 'Xã Phú Hưng', '888');
INSERT INTO services_ward (id, name, district_id) VALUES ('30454', 'Xã Bình Thạnh Đông', '888');
INSERT INTO services_ward (id, name, district_id) VALUES ('30457', 'Xã Tân Hòa', '888');
INSERT INTO services_ward (id, name, district_id) VALUES ('30460', 'Xã Tân Trung', '888');
INSERT INTO services_district (id, name, city_id) VALUES ('889', 'Huyện Châu Phú', '89');
INSERT INTO services_ward (id, name, district_id) VALUES ('30463', 'Thị trấn Cái Dầu', '889');
INSERT INTO services_ward (id, name, district_id) VALUES ('30466', 'Xã Khánh Hòa', '889');
INSERT INTO services_ward (id, name, district_id) VALUES ('30469', 'Xã Mỹ Đức', '889');
INSERT INTO services_ward (id, name, district_id) VALUES ('30472', 'Xã Mỹ Phú', '889');
INSERT INTO services_ward (id, name, district_id) VALUES ('30475', 'Xã Ô Long Vỹ', '889');
INSERT INTO services_ward (id, name, district_id) VALUES ('30478', 'Thị trấn Vĩnh Thạnh Trung', '889');
INSERT INTO services_ward (id, name, district_id) VALUES ('30481', 'Xã Thạnh Mỹ Tây', '889');
INSERT INTO services_ward (id, name, district_id) VALUES ('30484', 'Xã Bình Long', '889');
INSERT INTO services_ward (id, name, district_id) VALUES ('30487', 'Xã Bình Mỹ', '889');
INSERT INTO services_ward (id, name, district_id) VALUES ('30490', 'Xã Bình Thủy', '889');
INSERT INTO services_ward (id, name, district_id) VALUES ('30493', 'Xã Đào Hữu Cảnh', '889');
INSERT INTO services_ward (id, name, district_id) VALUES ('30496', 'Xã Bình Phú', '889');
INSERT INTO services_ward (id, name, district_id) VALUES ('30499', 'Xã Bình Chánh', '889');
INSERT INTO services_district (id, name, city_id) VALUES ('890', 'Thị xã Tịnh Biên', '89');
INSERT INTO services_ward (id, name, district_id) VALUES ('30502', 'Phường Nhà Bàng', '890');
INSERT INTO services_ward (id, name, district_id) VALUES ('30505', 'Phường Chi Lăng', '890');
INSERT INTO services_ward (id, name, district_id) VALUES ('30508', 'Phường Núi Voi', '890');
INSERT INTO services_ward (id, name, district_id) VALUES ('30511', 'Phường Nhơn Hưng', '890');
INSERT INTO services_ward (id, name, district_id) VALUES ('30514', 'Phường An Phú', '890');
INSERT INTO services_ward (id, name, district_id) VALUES ('30517', 'Phường Thới Sơn', '890');
INSERT INTO services_ward (id, name, district_id) VALUES ('30520', 'Phường Tịnh Biên', '890');
INSERT INTO services_ward (id, name, district_id) VALUES ('30523', 'Xã Văn Giáo', '890');
INSERT INTO services_ward (id, name, district_id) VALUES ('30526', 'Xã An Cư', '890');
INSERT INTO services_ward (id, name, district_id) VALUES ('30529', 'Xã An Nông', '890');
INSERT INTO services_ward (id, name, district_id) VALUES ('30532', 'Xã Vĩnh Trung', '890');
INSERT INTO services_ward (id, name, district_id) VALUES ('30535', 'Xã Tân Lợi', '890');
INSERT INTO services_ward (id, name, district_id) VALUES ('30538', 'Xã An Hảo', '890');
INSERT INTO services_ward (id, name, district_id) VALUES ('30541', 'Xã Tân Lập', '890');
INSERT INTO services_district (id, name, city_id) VALUES ('891', 'Huyện Tri Tôn', '89');
INSERT INTO services_ward (id, name, district_id) VALUES ('30544', 'Thị trấn Tri Tôn', '891');
INSERT INTO services_ward (id, name, district_id) VALUES ('30547', 'Thị trấn Ba Chúc', '891');
INSERT INTO services_ward (id, name, district_id) VALUES ('30550', 'Xã Lạc Quới', '891');
INSERT INTO services_ward (id, name, district_id) VALUES ('30553', 'Xã Lê Trì', '891');
INSERT INTO services_ward (id, name, district_id) VALUES ('30556', 'Xã Vĩnh Gia', '891');
INSERT INTO services_ward (id, name, district_id) VALUES ('30559', 'Xã Vĩnh Phước', '891');
INSERT INTO services_ward (id, name, district_id) VALUES ('30562', 'Xã Châu Lăng', '891');
INSERT INTO services_ward (id, name, district_id) VALUES ('30565', 'Xã Lương Phi', '891');
INSERT INTO services_ward (id, name, district_id) VALUES ('30568', 'Xã Lương An Trà', '891');
INSERT INTO services_ward (id, name, district_id) VALUES ('30571', 'Xã Tà Đảnh', '891');
INSERT INTO services_ward (id, name, district_id) VALUES ('30574', 'Xã Núi Tô', '891');
INSERT INTO services_ward (id, name, district_id) VALUES ('30577', 'Xã An Tức', '891');
INSERT INTO services_ward (id, name, district_id) VALUES ('30580', 'Thị trấn Cô Tô', '891');
INSERT INTO services_ward (id, name, district_id) VALUES ('30583', 'Xã Tân Tuyến', '891');
INSERT INTO services_ward (id, name, district_id) VALUES ('30586', 'Xã Ô Lâm', '891');
INSERT INTO services_district (id, name, city_id) VALUES ('892', 'Huyện Châu Thành', '89');
INSERT INTO services_ward (id, name, district_id) VALUES ('30589', 'Thị trấn An Châu', '892');
INSERT INTO services_ward (id, name, district_id) VALUES ('30592', 'Xã An Hòa', '892');
INSERT INTO services_ward (id, name, district_id) VALUES ('30595', 'Xã Cần Đăng', '892');
INSERT INTO services_ward (id, name, district_id) VALUES ('30598', 'Xã Vĩnh Hanh', '892');
INSERT INTO services_ward (id, name, district_id) VALUES ('30601', 'Xã Bình Thạnh', '892');
INSERT INTO services_ward (id, name, district_id) VALUES ('30604', 'Thị trấn Vĩnh Bình', '892');
INSERT INTO services_ward (id, name, district_id) VALUES ('30607', 'Xã Bình Hòa', '892');
INSERT INTO services_ward (id, name, district_id) VALUES ('30610', 'Xã Vĩnh An', '892');
INSERT INTO services_ward (id, name, district_id) VALUES ('30613', 'Xã Hòa Bình Thạnh', '892');
INSERT INTO services_ward (id, name, district_id) VALUES ('30616', 'Xã Vĩnh Lợi', '892');
INSERT INTO services_ward (id, name, district_id) VALUES ('30619', 'Xã Vĩnh Nhuận', '892');
INSERT INTO services_ward (id, name, district_id) VALUES ('30622', 'Xã Tân Phú', '892');
INSERT INTO services_ward (id, name, district_id) VALUES ('30625', 'Xã Vĩnh Thành', '892');
INSERT INTO services_district (id, name, city_id) VALUES ('893', 'Huyện Chợ Mới', '89');
INSERT INTO services_ward (id, name, district_id) VALUES ('30628', 'Thị trấn Chợ Mới', '893');
INSERT INTO services_ward (id, name, district_id) VALUES ('30631', 'Thị trấn Mỹ Luông', '893');
INSERT INTO services_ward (id, name, district_id) VALUES ('30634', 'Xã Kiến An', '893');
INSERT INTO services_ward (id, name, district_id) VALUES ('30637', 'Xã Mỹ Hội Đông', '893');
INSERT INTO services_ward (id, name, district_id) VALUES ('30640', 'Xã Long Điền A', '893');
INSERT INTO services_ward (id, name, district_id) VALUES ('30643', 'Xã Tấn Mỹ', '893');
INSERT INTO services_ward (id, name, district_id) VALUES ('30646', 'Xã Long Điền B', '893');
INSERT INTO services_ward (id, name, district_id) VALUES ('30649', 'Xã Kiến Thành', '893');
INSERT INTO services_ward (id, name, district_id) VALUES ('30652', 'Xã Mỹ Hiệp', '893');
INSERT INTO services_ward (id, name, district_id) VALUES ('30655', 'Xã Mỹ An', '893');
INSERT INTO services_ward (id, name, district_id) VALUES ('30658', 'Xã Nhơn Mỹ', '893');
INSERT INTO services_ward (id, name, district_id) VALUES ('30661', 'Xã Long Giang', '893');
INSERT INTO services_ward (id, name, district_id) VALUES ('30664', 'Xã Long Kiến', '893');
INSERT INTO services_ward (id, name, district_id) VALUES ('30667', 'Xã Bình Phước Xuân', '893');
INSERT INTO services_ward (id, name, district_id) VALUES ('30670', 'Xã An Thạnh Trung', '893');
INSERT INTO services_ward (id, name, district_id) VALUES ('30673', 'Thị trấn Hội An', '893');
INSERT INTO services_ward (id, name, district_id) VALUES ('30676', 'Xã Hòa Bình', '893');
INSERT INTO services_ward (id, name, district_id) VALUES ('30679', 'Xã Hòa An', '893');
INSERT INTO services_district (id, name, city_id) VALUES ('894', 'Huyện Thoại Sơn', '89');
INSERT INTO services_ward (id, name, district_id) VALUES ('30682', 'Thị trấn Núi Sập', '894');
INSERT INTO services_ward (id, name, district_id) VALUES ('30685', 'Thị trấn Phú Hoà', '894');
INSERT INTO services_ward (id, name, district_id) VALUES ('30688', 'Thị trấn Óc Eo', '894');
INSERT INTO services_ward (id, name, district_id) VALUES ('30691', 'Xã Tây Phú', '894');
INSERT INTO services_ward (id, name, district_id) VALUES ('30692', 'Xã An Bình', '894');
INSERT INTO services_ward (id, name, district_id) VALUES ('30694', 'Xã Vĩnh Phú', '894');
INSERT INTO services_ward (id, name, district_id) VALUES ('30697', 'Xã Vĩnh Trạch', '894');
INSERT INTO services_ward (id, name, district_id) VALUES ('30700', 'Xã Phú Thuận', '894');
INSERT INTO services_ward (id, name, district_id) VALUES ('30703', 'Xã Vĩnh Chánh', '894');
INSERT INTO services_ward (id, name, district_id) VALUES ('30706', 'Xã Định Mỹ', '894');
INSERT INTO services_ward (id, name, district_id) VALUES ('30709', 'Xã Định Thành', '894');
INSERT INTO services_ward (id, name, district_id) VALUES ('30712', 'Xã Mỹ Phú Đông', '894');
INSERT INTO services_ward (id, name, district_id) VALUES ('30715', 'Xã Vọng Đông', '894');
INSERT INTO services_ward (id, name, district_id) VALUES ('30718', 'Xã Vĩnh Khánh', '894');
INSERT INTO services_ward (id, name, district_id) VALUES ('30721', 'Xã Thoại Giang', '894');
INSERT INTO services_ward (id, name, district_id) VALUES ('30724', 'Xã Bình Thành', '894');
INSERT INTO services_ward (id, name, district_id) VALUES ('30727', 'Xã Vọng Thê', '894');
INSERT INTO services_city (id, name) VALUES ('91', 'Tỉnh Kiên Giang');
INSERT INTO services_district (id, name, city_id) VALUES ('899', 'Thành phố Rạch Giá', '91');
INSERT INTO services_ward (id, name, district_id) VALUES ('30733', 'Phường Vĩnh Thanh', '899');
INSERT INTO services_ward (id, name, district_id) VALUES ('30736', 'Phường Vĩnh Quang', '899');
INSERT INTO services_ward (id, name, district_id) VALUES ('30739', 'Phường Vĩnh Hiệp', '899');
INSERT INTO services_ward (id, name, district_id) VALUES ('30742', 'Phường Vĩnh Thanh Vân', '899');
INSERT INTO services_ward (id, name, district_id) VALUES ('30745', 'Phường Vĩnh Lạc', '899');
INSERT INTO services_ward (id, name, district_id) VALUES ('30748', 'Phường An Hòa', '899');
INSERT INTO services_ward (id, name, district_id) VALUES ('30751', 'Phường An Bình', '899');
INSERT INTO services_ward (id, name, district_id) VALUES ('30754', 'Phường Rạch Sỏi', '899');
INSERT INTO services_ward (id, name, district_id) VALUES ('30757', 'Phường Vĩnh Lợi', '899');
INSERT INTO services_ward (id, name, district_id) VALUES ('30760', 'Phường Vĩnh Thông', '899');
INSERT INTO services_ward (id, name, district_id) VALUES ('30763', 'Xã Phi Thông', '899');
INSERT INTO services_district (id, name, city_id) VALUES ('900', 'Thành phố Hà Tiên', '91');
INSERT INTO services_ward (id, name, district_id) VALUES ('30766', 'Phường Tô Châu', '900');
INSERT INTO services_ward (id, name, district_id) VALUES ('30769', 'Phường Đông Hồ', '900');
INSERT INTO services_ward (id, name, district_id) VALUES ('30772', 'Phường Bình San', '900');
INSERT INTO services_ward (id, name, district_id) VALUES ('30775', 'Phường Pháo Đài', '900');
INSERT INTO services_ward (id, name, district_id) VALUES ('30778', 'Phường Mỹ Đức', '900');
INSERT INTO services_ward (id, name, district_id) VALUES ('30781', 'Xã Tiên Hải', '900');
INSERT INTO services_ward (id, name, district_id) VALUES ('30784', 'Xã Thuận Yên', '900');
INSERT INTO services_district (id, name, city_id) VALUES ('902', 'Huyện Kiên Lương', '91');
INSERT INTO services_ward (id, name, district_id) VALUES ('30787', 'Thị trấn Kiên Lương', '902');
INSERT INTO services_ward (id, name, district_id) VALUES ('30790', 'Xã Kiên Bình', '902');
INSERT INTO services_ward (id, name, district_id) VALUES ('30802', 'Xã Hòa Điền', '902');
INSERT INTO services_ward (id, name, district_id) VALUES ('30805', 'Xã Dương Hòa', '902');
INSERT INTO services_ward (id, name, district_id) VALUES ('30808', 'Xã Bình An', '902');
INSERT INTO services_ward (id, name, district_id) VALUES ('30809', 'Xã Bình Trị', '902');
INSERT INTO services_ward (id, name, district_id) VALUES ('30811', 'Xã Sơn Hải', '902');
INSERT INTO services_ward (id, name, district_id) VALUES ('30814', 'Xã Hòn Nghệ', '902');
INSERT INTO services_district (id, name, city_id) VALUES ('903', 'Huyện Hòn Đất', '91');
INSERT INTO services_ward (id, name, district_id) VALUES ('30817', 'Thị trấn Hòn Đất', '903');
INSERT INTO services_ward (id, name, district_id) VALUES ('30820', 'Thị trấn Sóc Sơn', '903');
INSERT INTO services_ward (id, name, district_id) VALUES ('30823', 'Xã Bình Sơn', '903');
INSERT INTO services_ward (id, name, district_id) VALUES ('30826', 'Xã Bình Giang', '903');
INSERT INTO services_ward (id, name, district_id) VALUES ('30828', 'Xã Mỹ Thái', '903');
INSERT INTO services_ward (id, name, district_id) VALUES ('30829', 'Xã Nam Thái Sơn', '903');
INSERT INTO services_ward (id, name, district_id) VALUES ('30832', 'Xã Mỹ Hiệp Sơn', '903');
INSERT INTO services_ward (id, name, district_id) VALUES ('30835', 'Xã Sơn Kiên', '903');
INSERT INTO services_ward (id, name, district_id) VALUES ('30836', 'Xã Sơn Bình', '903');
INSERT INTO services_ward (id, name, district_id) VALUES ('30838', 'Xã Mỹ Thuận', '903');
INSERT INTO services_ward (id, name, district_id) VALUES ('30840', 'Xã Lình Huỳnh', '903');
INSERT INTO services_ward (id, name, district_id) VALUES ('30841', 'Xã Thổ Sơn', '903');
INSERT INTO services_ward (id, name, district_id) VALUES ('30844', 'Xã Mỹ Lâm', '903');
INSERT INTO services_ward (id, name, district_id) VALUES ('30847', 'Xã Mỹ Phước', '903');
INSERT INTO services_district (id, name, city_id) VALUES ('904', 'Huyện Tân Hiệp', '91');
INSERT INTO services_ward (id, name, district_id) VALUES ('30850', 'Thị trấn Tân Hiệp', '904');
INSERT INTO services_ward (id, name, district_id) VALUES ('30853', 'Xã Tân Hội', '904');
INSERT INTO services_ward (id, name, district_id) VALUES ('30856', 'Xã Tân Thành', '904');
INSERT INTO services_ward (id, name, district_id) VALUES ('30859', 'Xã Tân Hiệp B', '904');
INSERT INTO services_ward (id, name, district_id) VALUES ('30860', 'Xã Tân Hoà', '904');
INSERT INTO services_ward (id, name, district_id) VALUES ('30862', 'Xã Thạnh Đông B', '904');
INSERT INTO services_ward (id, name, district_id) VALUES ('30865', 'Xã Thạnh Đông', '904');
INSERT INTO services_ward (id, name, district_id) VALUES ('30868', 'Xã Tân Hiệp A', '904');
INSERT INTO services_ward (id, name, district_id) VALUES ('30871', 'Xã Tân An', '904');
INSERT INTO services_ward (id, name, district_id) VALUES ('30874', 'Xã Thạnh Đông A', '904');
INSERT INTO services_ward (id, name, district_id) VALUES ('30877', 'Xã Thạnh Trị', '904');
INSERT INTO services_district (id, name, city_id) VALUES ('905', 'Huyện Châu Thành', '91');
INSERT INTO services_ward (id, name, district_id) VALUES ('30880', 'Thị trấn Minh Lương', '905');
INSERT INTO services_ward (id, name, district_id) VALUES ('30883', 'Xã Mong Thọ A', '905');
INSERT INTO services_ward (id, name, district_id) VALUES ('30886', 'Xã Mong Thọ B', '905');
INSERT INTO services_ward (id, name, district_id) VALUES ('30887', 'Xã Mong Thọ', '905');
INSERT INTO services_ward (id, name, district_id) VALUES ('30889', 'Xã Giục Tượng', '905');
INSERT INTO services_ward (id, name, district_id) VALUES ('30892', 'Xã Vĩnh Hòa Hiệp', '905');
INSERT INTO services_ward (id, name, district_id) VALUES ('30893', 'Xã Vĩnh Hoà Phú', '905');
INSERT INTO services_ward (id, name, district_id) VALUES ('30895', 'Xã Minh Hòa', '905');
INSERT INTO services_ward (id, name, district_id) VALUES ('30898', 'Xã Bình An', '905');
INSERT INTO services_ward (id, name, district_id) VALUES ('30901', 'Xã Thạnh Lộc', '905');
INSERT INTO services_district (id, name, city_id) VALUES ('906', 'Huyện Giồng Riềng', '91');
INSERT INTO services_ward (id, name, district_id) VALUES ('30904', 'Thị trấn Giồng Riềng', '906');
INSERT INTO services_ward (id, name, district_id) VALUES ('30907', 'Xã Thạnh Hưng', '906');
INSERT INTO services_ward (id, name, district_id) VALUES ('30910', 'Xã Thạnh Phước', '906');
INSERT INTO services_ward (id, name, district_id) VALUES ('30913', 'Xã Thạnh Lộc', '906');
INSERT INTO services_ward (id, name, district_id) VALUES ('30916', 'Xã Thạnh Hòa', '906');
INSERT INTO services_ward (id, name, district_id) VALUES ('30917', 'Xã Thạnh Bình', '906');
INSERT INTO services_ward (id, name, district_id) VALUES ('30919', 'Xã Bàn Thạch', '906');
INSERT INTO services_ward (id, name, district_id) VALUES ('30922', 'Xã Bàn Tân Định', '906');
INSERT INTO services_ward (id, name, district_id) VALUES ('30925', 'Xã Ngọc Thành', '906');
INSERT INTO services_ward (id, name, district_id) VALUES ('30928', 'Xã Ngọc Chúc', '906');
INSERT INTO services_ward (id, name, district_id) VALUES ('30931', 'Xã Ngọc Thuận', '906');
INSERT INTO services_ward (id, name, district_id) VALUES ('30934', 'Xã Hòa Hưng', '906');
INSERT INTO services_ward (id, name, district_id) VALUES ('30937', 'Xã Hoà Lợi', '906');
INSERT INTO services_ward (id, name, district_id) VALUES ('30940', 'Xã Hoà An', '906');
INSERT INTO services_ward (id, name, district_id) VALUES ('30943', 'Xã Long Thạnh', '906');
INSERT INTO services_ward (id, name, district_id) VALUES ('30946', 'Xã Vĩnh Thạnh', '906');
INSERT INTO services_ward (id, name, district_id) VALUES ('30947', 'Xã Vĩnh Phú', '906');
INSERT INTO services_ward (id, name, district_id) VALUES ('30949', 'Xã Hòa Thuận', '906');
INSERT INTO services_ward (id, name, district_id) VALUES ('30950', 'Xã Ngọc Hoà', '906');
INSERT INTO services_district (id, name, city_id) VALUES ('907', 'Huyện Gò Quao', '91');
INSERT INTO services_ward (id, name, district_id) VALUES ('30952', 'Thị trấn Gò Quao', '907');
INSERT INTO services_ward (id, name, district_id) VALUES ('30955', 'Xã Vĩnh Hòa Hưng Bắc', '907');
INSERT INTO services_ward (id, name, district_id) VALUES ('30958', 'Xã Định Hòa', '907');
INSERT INTO services_ward (id, name, district_id) VALUES ('30961', 'Xã Thới Quản', '907');
INSERT INTO services_ward (id, name, district_id) VALUES ('30964', 'Xã Định An', '907');
INSERT INTO services_ward (id, name, district_id) VALUES ('30967', 'Xã Thủy Liễu', '907');
INSERT INTO services_ward (id, name, district_id) VALUES ('30970', 'Xã Vĩnh Hòa Hưng Nam', '907');
INSERT INTO services_ward (id, name, district_id) VALUES ('30973', 'Xã Vĩnh Phước A', '907');
INSERT INTO services_ward (id, name, district_id) VALUES ('30976', 'Xã Vĩnh Phước B', '907');
INSERT INTO services_ward (id, name, district_id) VALUES ('30979', 'Xã Vĩnh Tuy', '907');
INSERT INTO services_ward (id, name, district_id) VALUES ('30982', 'Xã Vĩnh Thắng', '907');
INSERT INTO services_district (id, name, city_id) VALUES ('908', 'Huyện An Biên', '91');
INSERT INTO services_ward (id, name, district_id) VALUES ('30985', 'Thị trấn Thứ Ba', '908');
INSERT INTO services_ward (id, name, district_id) VALUES ('30988', 'Xã Tây Yên', '908');
INSERT INTO services_ward (id, name, district_id) VALUES ('30991', 'Xã Tây Yên A', '908');
INSERT INTO services_ward (id, name, district_id) VALUES ('30994', 'Xã Nam Yên', '908');
INSERT INTO services_ward (id, name, district_id) VALUES ('30997', 'Xã Hưng Yên', '908');
INSERT INTO services_ward (id, name, district_id) VALUES ('31000', 'Xã Nam Thái', '908');
INSERT INTO services_ward (id, name, district_id) VALUES ('31003', 'Xã Nam Thái A', '908');
INSERT INTO services_ward (id, name, district_id) VALUES ('31006', 'Xã Đông Thái', '908');
INSERT INTO services_ward (id, name, district_id) VALUES ('31009', 'Xã Đông Yên', '908');
INSERT INTO services_district (id, name, city_id) VALUES ('909', 'Huyện An Minh', '91');
INSERT INTO services_ward (id, name, district_id) VALUES ('31018', 'Thị trấn Thứ Mười Một', '909');
INSERT INTO services_ward (id, name, district_id) VALUES ('31021', 'Xã Thuận Hoà', '909');
INSERT INTO services_ward (id, name, district_id) VALUES ('31024', 'Xã Đông Hòa', '909');
INSERT INTO services_ward (id, name, district_id) VALUES ('31030', 'Xã Đông Thạnh', '909');
INSERT INTO services_ward (id, name, district_id) VALUES ('31031', 'Xã Tân Thạnh', '909');
INSERT INTO services_ward (id, name, district_id) VALUES ('31033', 'Xã Đông Hưng', '909');
INSERT INTO services_ward (id, name, district_id) VALUES ('31036', 'Xã Đông Hưng A', '909');
INSERT INTO services_ward (id, name, district_id) VALUES ('31039', 'Xã Đông Hưng B', '909');
INSERT INTO services_ward (id, name, district_id) VALUES ('31042', 'Xã Vân Khánh', '909');
INSERT INTO services_ward (id, name, district_id) VALUES ('31045', 'Xã Vân Khánh Đông', '909');
INSERT INTO services_ward (id, name, district_id) VALUES ('31048', 'Xã Vân Khánh Tây', '909');
INSERT INTO services_district (id, name, city_id) VALUES ('910', 'Huyện Vĩnh Thuận', '91');
INSERT INTO services_ward (id, name, district_id) VALUES ('31051', 'Thị trấn Vĩnh Thuận', '910');
INSERT INTO services_ward (id, name, district_id) VALUES ('31060', 'Xã Vĩnh Bình Bắc', '910');
INSERT INTO services_ward (id, name, district_id) VALUES ('31063', 'Xã Vĩnh Bình Nam', '910');
INSERT INTO services_ward (id, name, district_id) VALUES ('31064', 'Xã Bình Minh', '910');
INSERT INTO services_ward (id, name, district_id) VALUES ('31069', 'Xã Vĩnh Thuận', '910');
INSERT INTO services_ward (id, name, district_id) VALUES ('31072', 'Xã Tân Thuận', '910');
INSERT INTO services_ward (id, name, district_id) VALUES ('31074', 'Xã Phong Đông', '910');
INSERT INTO services_ward (id, name, district_id) VALUES ('31075', 'Xã Vĩnh Phong', '910');
INSERT INTO services_district (id, name, city_id) VALUES ('911', 'Thành phố Phú Quốc', '91');
INSERT INTO services_ward (id, name, district_id) VALUES ('31078', 'Phường Dương Đông', '911');
INSERT INTO services_ward (id, name, district_id) VALUES ('31081', 'Phường An Thới', '911');
INSERT INTO services_ward (id, name, district_id) VALUES ('31084', 'Xã Cửa Cạn', '911');
INSERT INTO services_ward (id, name, district_id) VALUES ('31087', 'Xã Gành Dầu', '911');
INSERT INTO services_ward (id, name, district_id) VALUES ('31090', 'Xã Cửa Dương', '911');
INSERT INTO services_ward (id, name, district_id) VALUES ('31093', 'Xã Hàm Ninh', '911');
INSERT INTO services_ward (id, name, district_id) VALUES ('31096', 'Xã Dương Tơ', '911');
INSERT INTO services_ward (id, name, district_id) VALUES ('31102', 'Xã Bãi Thơm', '911');
INSERT INTO services_ward (id, name, district_id) VALUES ('31105', 'Xã Thổ Châu', '911');
INSERT INTO services_district (id, name, city_id) VALUES ('912', 'Huyện Kiên Hải', '91');
INSERT INTO services_ward (id, name, district_id) VALUES ('31108', 'Xã Hòn Tre', '912');
INSERT INTO services_ward (id, name, district_id) VALUES ('31111', 'Xã Lại Sơn', '912');
INSERT INTO services_ward (id, name, district_id) VALUES ('31114', 'Xã An Sơn', '912');
INSERT INTO services_ward (id, name, district_id) VALUES ('31115', 'Xã Nam Du', '912');
INSERT INTO services_district (id, name, city_id) VALUES ('913', 'Huyện U Minh Thượng', '91');
INSERT INTO services_ward (id, name, district_id) VALUES ('31012', 'Xã Thạnh Yên', '913');
INSERT INTO services_ward (id, name, district_id) VALUES ('31015', 'Xã Thạnh Yên A', '913');
INSERT INTO services_ward (id, name, district_id) VALUES ('31027', 'Xã An Minh Bắc', '913');
INSERT INTO services_ward (id, name, district_id) VALUES ('31054', 'Xã Vĩnh Hòa', '913');
INSERT INTO services_ward (id, name, district_id) VALUES ('31057', 'Xã Hoà Chánh', '913');
INSERT INTO services_ward (id, name, district_id) VALUES ('31066', 'Xã Minh Thuận', '913');
INSERT INTO services_district (id, name, city_id) VALUES ('914', 'Huyện Giang Thành', '91');
INSERT INTO services_ward (id, name, district_id) VALUES ('30791', 'Xã Vĩnh Phú', '914');
INSERT INTO services_ward (id, name, district_id) VALUES ('30793', 'Xã Vĩnh Điều', '914');
INSERT INTO services_ward (id, name, district_id) VALUES ('30796', 'Xã Tân Khánh Hòa', '914');
INSERT INTO services_ward (id, name, district_id) VALUES ('30797', 'Xã Phú Lợi', '914');
INSERT INTO services_ward (id, name, district_id) VALUES ('30799', 'Xã Phú Mỹ', '914');
INSERT INTO services_city (id, name) VALUES ('92', 'Thành phố Cần Thơ');
INSERT INTO services_district (id, name, city_id) VALUES ('916', 'Quận Ninh Kiều', '92');
INSERT INTO services_ward (id, name, district_id) VALUES ('31117', 'Phường Cái Khế', '916');
INSERT INTO services_ward (id, name, district_id) VALUES ('31120', 'Phường An Hòa', '916');
INSERT INTO services_ward (id, name, district_id) VALUES ('31123', 'Phường Thới Bình', '916');
INSERT INTO services_ward (id, name, district_id) VALUES ('31135', 'Phường Tân An', '916');
INSERT INTO services_ward (id, name, district_id) VALUES ('31144', 'Phường Xuân Khánh', '916');
INSERT INTO services_ward (id, name, district_id) VALUES ('31147', 'Phường Hưng Lợi', '916');
INSERT INTO services_ward (id, name, district_id) VALUES ('31149', 'Phường An Khánh', '916');
INSERT INTO services_ward (id, name, district_id) VALUES ('31150', 'Phường An Bình', '916');
INSERT INTO services_district (id, name, city_id) VALUES ('917', 'Quận Ô Môn', '92');
INSERT INTO services_ward (id, name, district_id) VALUES ('31153', 'Phường Châu Văn Liêm', '917');
INSERT INTO services_ward (id, name, district_id) VALUES ('31154', 'Phường Thới Hòa', '917');
INSERT INTO services_ward (id, name, district_id) VALUES ('31156', 'Phường Thới Long', '917');
INSERT INTO services_ward (id, name, district_id) VALUES ('31157', 'Phường Long Hưng', '917');
INSERT INTO services_ward (id, name, district_id) VALUES ('31159', 'Phường Thới An', '917');
INSERT INTO services_ward (id, name, district_id) VALUES ('31162', 'Phường Phước Thới', '917');
INSERT INTO services_ward (id, name, district_id) VALUES ('31165', 'Phường Trường Lạc', '917');
INSERT INTO services_district (id, name, city_id) VALUES ('918', 'Quận Bình Thuỷ', '92');
INSERT INTO services_ward (id, name, district_id) VALUES ('31168', 'Phường Bình Thủy', '918');
INSERT INTO services_ward (id, name, district_id) VALUES ('31169', 'Phường Trà An', '918');
INSERT INTO services_ward (id, name, district_id) VALUES ('31171', 'Phường Trà Nóc', '918');
INSERT INTO services_ward (id, name, district_id) VALUES ('31174', 'Phường Thới An Đông', '918');
INSERT INTO services_ward (id, name, district_id) VALUES ('31177', 'Phường An Thới', '918');
INSERT INTO services_ward (id, name, district_id) VALUES ('31178', 'Phường Bùi Hữu Nghĩa', '918');
INSERT INTO services_ward (id, name, district_id) VALUES ('31180', 'Phường Long Hòa', '918');
INSERT INTO services_ward (id, name, district_id) VALUES ('31183', 'Phường Long Tuyền', '918');
INSERT INTO services_district (id, name, city_id) VALUES ('919', 'Quận Cái Răng', '92');
INSERT INTO services_ward (id, name, district_id) VALUES ('31186', 'Phường Lê Bình', '919');
INSERT INTO services_ward (id, name, district_id) VALUES ('31189', 'Phường Hưng Phú', '919');
INSERT INTO services_ward (id, name, district_id) VALUES ('31192', 'Phường Hưng Thạnh', '919');
INSERT INTO services_ward (id, name, district_id) VALUES ('31195', 'Phường Ba Láng', '919');
INSERT INTO services_ward (id, name, district_id) VALUES ('31198', 'Phường Thường Thạnh', '919');
INSERT INTO services_ward (id, name, district_id) VALUES ('31201', 'Phường Phú Thứ', '919');
INSERT INTO services_ward (id, name, district_id) VALUES ('31204', 'Phường Tân Phú', '919');
INSERT INTO services_district (id, name, city_id) VALUES ('923', 'Quận Thốt Nốt', '92');
INSERT INTO services_ward (id, name, district_id) VALUES ('31207', 'Phường Thốt Nốt', '923');
INSERT INTO services_ward (id, name, district_id) VALUES ('31210', 'Phường Thới Thuận', '923');
INSERT INTO services_ward (id, name, district_id) VALUES ('31212', 'Phường Thuận An', '923');
INSERT INTO services_ward (id, name, district_id) VALUES ('31213', 'Phường Tân Lộc', '923');
INSERT INTO services_ward (id, name, district_id) VALUES ('31216', 'Phường Trung Nhứt', '923');
INSERT INTO services_ward (id, name, district_id) VALUES ('31217', 'Phường Thạnh Hoà', '923');
INSERT INTO services_ward (id, name, district_id) VALUES ('31219', 'Phường Trung Kiên', '923');
INSERT INTO services_ward (id, name, district_id) VALUES ('31227', 'Phường Tân Hưng', '923');
INSERT INTO services_ward (id, name, district_id) VALUES ('31228', 'Phường Thuận Hưng', '923');
INSERT INTO services_district (id, name, city_id) VALUES ('924', 'Huyện Vĩnh Thạnh', '92');
INSERT INTO services_ward (id, name, district_id) VALUES ('31211', 'Xã Vĩnh Bình', '924');
INSERT INTO services_ward (id, name, district_id) VALUES ('31231', 'Thị trấn Thanh An', '924');
INSERT INTO services_ward (id, name, district_id) VALUES ('31232', 'Thị trấn Vĩnh Thạnh', '924');
INSERT INTO services_ward (id, name, district_id) VALUES ('31234', 'Xã Thạnh Mỹ', '924');
INSERT INTO services_ward (id, name, district_id) VALUES ('31237', 'Xã Vĩnh Trinh', '924');
INSERT INTO services_ward (id, name, district_id) VALUES ('31240', 'Xã Thạnh An', '924');
INSERT INTO services_ward (id, name, district_id) VALUES ('31241', 'Xã Thạnh Tiến', '924');
INSERT INTO services_ward (id, name, district_id) VALUES ('31243', 'Xã Thạnh Thắng', '924');
INSERT INTO services_ward (id, name, district_id) VALUES ('31244', 'Xã Thạnh Lợi', '924');
INSERT INTO services_ward (id, name, district_id) VALUES ('31246', 'Xã Thạnh Qưới', '924');
INSERT INTO services_ward (id, name, district_id) VALUES ('31252', 'Xã Thạnh Lộc', '924');
INSERT INTO services_district (id, name, city_id) VALUES ('925', 'Huyện Cờ Đỏ', '92');
INSERT INTO services_ward (id, name, district_id) VALUES ('31222', 'Xã Trung An', '925');
INSERT INTO services_ward (id, name, district_id) VALUES ('31225', 'Xã Trung Thạnh', '925');
INSERT INTO services_ward (id, name, district_id) VALUES ('31249', 'Xã Thạnh Phú', '925');
INSERT INTO services_ward (id, name, district_id) VALUES ('31255', 'Xã Trung Hưng', '925');
INSERT INTO services_ward (id, name, district_id) VALUES ('31261', 'Thị trấn Cờ Đỏ', '925');
INSERT INTO services_ward (id, name, district_id) VALUES ('31264', 'Xã Thới Hưng', '925');
INSERT INTO services_ward (id, name, district_id) VALUES ('31273', 'Xã Đông Hiệp', '925');
INSERT INTO services_ward (id, name, district_id) VALUES ('31274', 'Xã Đông Thắng', '925');
INSERT INTO services_ward (id, name, district_id) VALUES ('31276', 'Xã Thới Đông', '925');
INSERT INTO services_ward (id, name, district_id) VALUES ('31277', 'Xã Thới Xuân', '925');
INSERT INTO services_district (id, name, city_id) VALUES ('926', 'Huyện Phong Điền', '92');
INSERT INTO services_ward (id, name, district_id) VALUES ('31299', 'Thị trấn Phong Điền', '926');
INSERT INTO services_ward (id, name, district_id) VALUES ('31300', 'Xã Nhơn Ái', '926');
INSERT INTO services_ward (id, name, district_id) VALUES ('31303', 'Xã Giai Xuân', '926');
INSERT INTO services_ward (id, name, district_id) VALUES ('31306', 'Xã Tân Thới', '926');
INSERT INTO services_ward (id, name, district_id) VALUES ('31309', 'Xã Trường Long', '926');
INSERT INTO services_ward (id, name, district_id) VALUES ('31312', 'Xã Mỹ Khánh', '926');
INSERT INTO services_ward (id, name, district_id) VALUES ('31315', 'Xã Nhơn Nghĩa', '926');
INSERT INTO services_district (id, name, city_id) VALUES ('927', 'Huyện Thới Lai', '92');
INSERT INTO services_ward (id, name, district_id) VALUES ('31258', 'Thị trấn Thới Lai', '927');
INSERT INTO services_ward (id, name, district_id) VALUES ('31267', 'Xã Thới Thạnh', '927');
INSERT INTO services_ward (id, name, district_id) VALUES ('31268', 'Xã Tân Thạnh', '927');
INSERT INTO services_ward (id, name, district_id) VALUES ('31270', 'Xã Xuân Thắng', '927');
INSERT INTO services_ward (id, name, district_id) VALUES ('31279', 'Xã Đông Bình', '927');
INSERT INTO services_ward (id, name, district_id) VALUES ('31282', 'Xã Đông Thuận', '927');
INSERT INTO services_ward (id, name, district_id) VALUES ('31285', 'Xã Thới Tân', '927');
INSERT INTO services_ward (id, name, district_id) VALUES ('31286', 'Xã Trường Thắng', '927');
INSERT INTO services_ward (id, name, district_id) VALUES ('31288', 'Xã Định Môn', '927');
INSERT INTO services_ward (id, name, district_id) VALUES ('31291', 'Xã Trường Thành', '927');
INSERT INTO services_ward (id, name, district_id) VALUES ('31294', 'Xã Trường Xuân', '927');
INSERT INTO services_ward (id, name, district_id) VALUES ('31297', 'Xã Trường Xuân A', '927');
INSERT INTO services_ward (id, name, district_id) VALUES ('31298', 'Xã Trường Xuân B', '927');
INSERT INTO services_city (id, name) VALUES ('93', 'Tỉnh Hậu Giang');
INSERT INTO services_district (id, name, city_id) VALUES ('930', 'Thành phố Vị Thanh', '93');
INSERT INTO services_ward (id, name, district_id) VALUES ('31318', 'Phường I', '930');
INSERT INTO services_ward (id, name, district_id) VALUES ('31321', 'Phường III', '930');
INSERT INTO services_ward (id, name, district_id) VALUES ('31324', 'Phường IV', '930');
INSERT INTO services_ward (id, name, district_id) VALUES ('31327', 'Phường V', '930');
INSERT INTO services_ward (id, name, district_id) VALUES ('31330', 'Phường VII', '930');
INSERT INTO services_ward (id, name, district_id) VALUES ('31333', 'Xã Vị Tân', '930');
INSERT INTO services_ward (id, name, district_id) VALUES ('31336', 'Xã Hoả Lựu', '930');
INSERT INTO services_ward (id, name, district_id) VALUES ('31338', 'Xã Tân Tiến', '930');
INSERT INTO services_ward (id, name, district_id) VALUES ('31339', 'Xã Hoả Tiến', '930');
INSERT INTO services_district (id, name, city_id) VALUES ('931', 'Thành phố Ngã Bảy', '93');
INSERT INTO services_ward (id, name, district_id) VALUES ('31340', 'Phường Ngã Bảy', '931');
INSERT INTO services_ward (id, name, district_id) VALUES ('31341', 'Phường Lái Hiếu', '931');
INSERT INTO services_ward (id, name, district_id) VALUES ('31343', 'Phường Hiệp Thành', '931');
INSERT INTO services_ward (id, name, district_id) VALUES ('31344', 'Phường Hiệp Lợi', '931');
INSERT INTO services_ward (id, name, district_id) VALUES ('31411', 'Xã Đại Thành', '931');
INSERT INTO services_ward (id, name, district_id) VALUES ('31414', 'Xã Tân Thành', '931');
INSERT INTO services_district (id, name, city_id) VALUES ('932', 'Huyện Châu Thành A', '93');
INSERT INTO services_ward (id, name, district_id) VALUES ('31342', 'Thị trấn Một Ngàn', '932');
INSERT INTO services_ward (id, name, district_id) VALUES ('31345', 'Xã Tân Hoà', '932');
INSERT INTO services_ward (id, name, district_id) VALUES ('31346', 'Thị trấn Bảy Ngàn', '932');
INSERT INTO services_ward (id, name, district_id) VALUES ('31348', 'Xã Trường Long Tây', '932');
INSERT INTO services_ward (id, name, district_id) VALUES ('31351', 'Xã Trường Long A', '932');
INSERT INTO services_ward (id, name, district_id) VALUES ('31357', 'Xã Nhơn Nghĩa A', '932');
INSERT INTO services_ward (id, name, district_id) VALUES ('31359', 'Thị trấn Rạch Gòi', '932');
INSERT INTO services_ward (id, name, district_id) VALUES ('31360', 'Xã Thạnh Xuân', '932');
INSERT INTO services_ward (id, name, district_id) VALUES ('31362', 'Thị trấn Cái Tắc', '932');
INSERT INTO services_ward (id, name, district_id) VALUES ('31363', 'Xã Tân Phú Thạnh', '932');
INSERT INTO services_district (id, name, city_id) VALUES ('933', 'Huyện Châu Thành', '93');
INSERT INTO services_ward (id, name, district_id) VALUES ('31366', 'Thị trấn Ngã Sáu', '933');
INSERT INTO services_ward (id, name, district_id) VALUES ('31369', 'Xã Đông Thạnh', '933');
INSERT INTO services_ward (id, name, district_id) VALUES ('31375', 'Xã Đông Phú', '933');
INSERT INTO services_ward (id, name, district_id) VALUES ('31378', 'Xã Phú Hữu', '933');
INSERT INTO services_ward (id, name, district_id) VALUES ('31379', 'Xã Phú Tân', '933');
INSERT INTO services_ward (id, name, district_id) VALUES ('31381', 'Thị trấn Mái Dầm', '933');
INSERT INTO services_ward (id, name, district_id) VALUES ('31384', 'Xã Đông Phước', '933');
INSERT INTO services_ward (id, name, district_id) VALUES ('31387', 'Xã Đông Phước A', '933');
INSERT INTO services_district (id, name, city_id) VALUES ('934', 'Huyện Phụng Hiệp', '93');
INSERT INTO services_ward (id, name, district_id) VALUES ('31393', 'Thị trấn Kinh Cùng', '934');
INSERT INTO services_ward (id, name, district_id) VALUES ('31396', 'Thị trấn Cây Dương', '934');
INSERT INTO services_ward (id, name, district_id) VALUES ('31399', 'Xã Tân Bình', '934');
INSERT INTO services_ward (id, name, district_id) VALUES ('31402', 'Xã Bình Thành', '934');
INSERT INTO services_ward (id, name, district_id) VALUES ('31405', 'Xã Thạnh Hòa', '934');
INSERT INTO services_ward (id, name, district_id) VALUES ('31408', 'Xã Long Thạnh', '934');
INSERT INTO services_ward (id, name, district_id) VALUES ('31417', 'Xã Phụng Hiệp', '934');
INSERT INTO services_ward (id, name, district_id) VALUES ('31420', 'Xã Hòa Mỹ', '934');
INSERT INTO services_ward (id, name, district_id) VALUES ('31423', 'Xã Hòa An', '934');
INSERT INTO services_ward (id, name, district_id) VALUES ('31426', 'Xã Phương Bình', '934');
INSERT INTO services_ward (id, name, district_id) VALUES ('31429', 'Xã Hiệp Hưng', '934');
INSERT INTO services_ward (id, name, district_id) VALUES ('31432', 'Xã Tân Phước Hưng', '934');
INSERT INTO services_ward (id, name, district_id) VALUES ('31433', 'Thị trấn Búng Tàu', '934');
INSERT INTO services_ward (id, name, district_id) VALUES ('31435', 'Xã Phương Phú', '934');
INSERT INTO services_ward (id, name, district_id) VALUES ('31438', 'Xã Tân Long', '934');
INSERT INTO services_district (id, name, city_id) VALUES ('935', 'Huyện Vị Thuỷ', '93');
INSERT INTO services_ward (id, name, district_id) VALUES ('31441', 'Thị trấn Nàng Mau', '935');
INSERT INTO services_ward (id, name, district_id) VALUES ('31444', 'Xã Vị Trung', '935');
INSERT INTO services_ward (id, name, district_id) VALUES ('31447', 'Xã Vị Thuỷ', '935');
INSERT INTO services_ward (id, name, district_id) VALUES ('31450', 'Xã Vị Thắng', '935');
INSERT INTO services_ward (id, name, district_id) VALUES ('31453', 'Xã Vĩnh Thuận Tây', '935');
INSERT INTO services_ward (id, name, district_id) VALUES ('31456', 'Xã Vĩnh Trung', '935');
INSERT INTO services_ward (id, name, district_id) VALUES ('31459', 'Xã Vĩnh Tường', '935');
INSERT INTO services_ward (id, name, district_id) VALUES ('31462', 'Xã Vị Đông', '935');
INSERT INTO services_ward (id, name, district_id) VALUES ('31465', 'Xã Vị Thanh', '935');
INSERT INTO services_ward (id, name, district_id) VALUES ('31468', 'Xã Vị Bình', '935');
INSERT INTO services_district (id, name, city_id) VALUES ('936', 'Huyện Long Mỹ', '93');
INSERT INTO services_ward (id, name, district_id) VALUES ('31483', 'Xã Thuận Hưng', '936');
INSERT INTO services_ward (id, name, district_id) VALUES ('31484', 'Xã Thuận Hòa', '936');
INSERT INTO services_ward (id, name, district_id) VALUES ('31486', 'Xã Vĩnh Thuận Đông', '936');
INSERT INTO services_ward (id, name, district_id) VALUES ('31489', 'Thị trấn Vĩnh Viễn', '936');
INSERT INTO services_ward (id, name, district_id) VALUES ('31490', 'Xã Vĩnh Viễn A', '936');
INSERT INTO services_ward (id, name, district_id) VALUES ('31492', 'Xã Lương Tâm', '936');
INSERT INTO services_ward (id, name, district_id) VALUES ('31493', 'Xã Lương Nghĩa', '936');
INSERT INTO services_ward (id, name, district_id) VALUES ('31495', 'Xã Xà Phiên', '936');
INSERT INTO services_district (id, name, city_id) VALUES ('937', 'Thị xã Long Mỹ', '93');
INSERT INTO services_ward (id, name, district_id) VALUES ('31471', 'Phường Thuận An', '937');
INSERT INTO services_ward (id, name, district_id) VALUES ('31472', 'Phường Trà Lồng', '937');
INSERT INTO services_ward (id, name, district_id) VALUES ('31473', 'Phường Bình Thạnh', '937');
INSERT INTO services_ward (id, name, district_id) VALUES ('31474', 'Xã Long Bình', '937');
INSERT INTO services_ward (id, name, district_id) VALUES ('31475', 'Phường Vĩnh Tường', '937');
INSERT INTO services_ward (id, name, district_id) VALUES ('31477', 'Xã Long Trị', '937');
INSERT INTO services_ward (id, name, district_id) VALUES ('31478', 'Xã Long Trị A', '937');
INSERT INTO services_ward (id, name, district_id) VALUES ('31480', 'Xã Long Phú', '937');
INSERT INTO services_ward (id, name, district_id) VALUES ('31481', 'Xã Tân Phú', '937');
INSERT INTO services_city (id, name) VALUES ('94', 'Tỉnh Sóc Trăng');
INSERT INTO services_district (id, name, city_id) VALUES ('941', 'Thành phố Sóc Trăng', '94');
INSERT INTO services_ward (id, name, district_id) VALUES ('31498', 'Phường 5', '941');
INSERT INTO services_ward (id, name, district_id) VALUES ('31501', 'Phường 7', '941');
INSERT INTO services_ward (id, name, district_id) VALUES ('31504', 'Phường 8', '941');
INSERT INTO services_ward (id, name, district_id) VALUES ('31507', 'Phường 6', '941');
INSERT INTO services_ward (id, name, district_id) VALUES ('31510', 'Phường 2', '941');
INSERT INTO services_ward (id, name, district_id) VALUES ('31516', 'Phường 4', '941');
INSERT INTO services_ward (id, name, district_id) VALUES ('31519', 'Phường 3', '941');
INSERT INTO services_ward (id, name, district_id) VALUES ('31522', 'Phường 1', '941');
INSERT INTO services_ward (id, name, district_id) VALUES ('31525', 'Phường 10', '941');
INSERT INTO services_district (id, name, city_id) VALUES ('942', 'Huyện Châu Thành', '94');
INSERT INTO services_ward (id, name, district_id) VALUES ('31569', 'Thị trấn Châu Thành', '942');
INSERT INTO services_ward (id, name, district_id) VALUES ('31570', 'Xã Hồ Đắc Kiện', '942');
INSERT INTO services_ward (id, name, district_id) VALUES ('31573', 'Xã Phú Tâm', '942');
INSERT INTO services_ward (id, name, district_id) VALUES ('31576', 'Xã Thuận Hòa', '942');
INSERT INTO services_ward (id, name, district_id) VALUES ('31582', 'Xã Phú Tân', '942');
INSERT INTO services_ward (id, name, district_id) VALUES ('31585', 'Xã Thiện Mỹ', '942');
INSERT INTO services_ward (id, name, district_id) VALUES ('31594', 'Xã An Hiệp', '942');
INSERT INTO services_ward (id, name, district_id) VALUES ('31600', 'Xã An Ninh', '942');
INSERT INTO services_district (id, name, city_id) VALUES ('943', 'Huyện Kế Sách', '94');
INSERT INTO services_ward (id, name, district_id) VALUES ('31528', 'Thị trấn Kế Sách', '943');
INSERT INTO services_ward (id, name, district_id) VALUES ('31531', 'Thị trấn An Lạc Thôn', '943');
INSERT INTO services_ward (id, name, district_id) VALUES ('31534', 'Xã Xuân Hòa', '943');
INSERT INTO services_ward (id, name, district_id) VALUES ('31537', 'Xã Phong Nẫm', '943');
INSERT INTO services_ward (id, name, district_id) VALUES ('31540', 'Xã An Lạc Tây', '943');
INSERT INTO services_ward (id, name, district_id) VALUES ('31543', 'Xã Trinh Phú', '943');
INSERT INTO services_ward (id, name, district_id) VALUES ('31546', 'Xã Ba Trinh', '943');
INSERT INTO services_ward (id, name, district_id) VALUES ('31549', 'Xã Thới An Hội', '943');
INSERT INTO services_ward (id, name, district_id) VALUES ('31552', 'Xã Nhơn Mỹ', '943');
INSERT INTO services_ward (id, name, district_id) VALUES ('31555', 'Xã Kế Thành', '943');
INSERT INTO services_ward (id, name, district_id) VALUES ('31558', 'Xã Kế An', '943');
INSERT INTO services_ward (id, name, district_id) VALUES ('31561', 'Xã Đại Hải', '943');
INSERT INTO services_ward (id, name, district_id) VALUES ('31564', 'Xã An Mỹ', '943');
INSERT INTO services_district (id, name, city_id) VALUES ('944', 'Huyện Mỹ Tú', '94');
INSERT INTO services_ward (id, name, district_id) VALUES ('31567', 'Thị trấn Huỳnh Hữu Nghĩa', '944');
INSERT INTO services_ward (id, name, district_id) VALUES ('31579', 'Xã Long Hưng', '944');
INSERT INTO services_ward (id, name, district_id) VALUES ('31588', 'Xã Hưng Phú', '944');
INSERT INTO services_ward (id, name, district_id) VALUES ('31591', 'Xã Mỹ Hương', '944');
INSERT INTO services_ward (id, name, district_id) VALUES ('31597', 'Xã Mỹ Tú', '944');
INSERT INTO services_ward (id, name, district_id) VALUES ('31603', 'Xã Mỹ Phước', '944');
INSERT INTO services_ward (id, name, district_id) VALUES ('31606', 'Xã Thuận Hưng', '944');
INSERT INTO services_ward (id, name, district_id) VALUES ('31609', 'Xã Mỹ Thuận', '944');
INSERT INTO services_ward (id, name, district_id) VALUES ('31612', 'Xã Phú Mỹ', '944');
INSERT INTO services_district (id, name, city_id) VALUES ('945', 'Huyện Cù Lao Dung', '94');
INSERT INTO services_ward (id, name, district_id) VALUES ('31615', 'Thị trấn Cù Lao Dung', '945');
INSERT INTO services_ward (id, name, district_id) VALUES ('31618', 'Xã An Thạnh 1', '945');
INSERT INTO services_ward (id, name, district_id) VALUES ('31621', 'Xã An Thạnh Tây', '945');
INSERT INTO services_ward (id, name, district_id) VALUES ('31624', 'Xã An Thạnh Đông', '945');
INSERT INTO services_ward (id, name, district_id) VALUES ('31627', 'Xã Đại Ân 1', '945');
INSERT INTO services_ward (id, name, district_id) VALUES ('31630', 'Xã An Thạnh 2', '945');
INSERT INTO services_ward (id, name, district_id) VALUES ('31633', 'Xã An Thạnh 3', '945');
INSERT INTO services_ward (id, name, district_id) VALUES ('31636', 'Xã An Thạnh Nam', '945');
INSERT INTO services_district (id, name, city_id) VALUES ('946', 'Huyện Long Phú', '94');
INSERT INTO services_ward (id, name, district_id) VALUES ('31639', 'Thị trấn Long Phú', '946');
INSERT INTO services_ward (id, name, district_id) VALUES ('31642', 'Xã Song Phụng', '946');
INSERT INTO services_ward (id, name, district_id) VALUES ('31645', 'Thị trấn Đại Ngãi', '946');
INSERT INTO services_ward (id, name, district_id) VALUES ('31648', 'Xã Hậu Thạnh', '946');
INSERT INTO services_ward (id, name, district_id) VALUES ('31651', 'Xã Long Đức', '946');
INSERT INTO services_ward (id, name, district_id) VALUES ('31654', 'Xã Trường Khánh', '946');
INSERT INTO services_ward (id, name, district_id) VALUES ('31657', 'Xã Phú Hữu', '946');
INSERT INTO services_ward (id, name, district_id) VALUES ('31660', 'Xã Tân Hưng', '946');
INSERT INTO services_ward (id, name, district_id) VALUES ('31663', 'Xã Châu Khánh', '946');
INSERT INTO services_ward (id, name, district_id) VALUES ('31666', 'Xã Tân Thạnh', '946');
INSERT INTO services_ward (id, name, district_id) VALUES ('31669', 'Xã Long Phú', '946');
INSERT INTO services_district (id, name, city_id) VALUES ('947', 'Huyện Mỹ Xuyên', '94');
INSERT INTO services_ward (id, name, district_id) VALUES ('31684', 'Thị trấn Mỹ Xuyên', '947');
INSERT INTO services_ward (id, name, district_id) VALUES ('31690', 'Xã Đại Tâm', '947');
INSERT INTO services_ward (id, name, district_id) VALUES ('31693', 'Xã Tham Đôn', '947');
INSERT INTO services_ward (id, name, district_id) VALUES ('31708', 'Xã Thạnh Phú', '947');
INSERT INTO services_ward (id, name, district_id) VALUES ('31711', 'Xã Ngọc Đông', '947');
INSERT INTO services_ward (id, name, district_id) VALUES ('31714', 'Xã Thạnh Quới', '947');
INSERT INTO services_ward (id, name, district_id) VALUES ('31717', 'Xã Hòa Tú 1', '947');
INSERT INTO services_ward (id, name, district_id) VALUES ('31720', 'Xã Gia Hòa 1', '947');
INSERT INTO services_ward (id, name, district_id) VALUES ('31723', 'Xã Ngọc Tố', '947');
INSERT INTO services_ward (id, name, district_id) VALUES ('31726', 'Xã Gia Hòa 2', '947');
INSERT INTO services_ward (id, name, district_id) VALUES ('31729', 'Xã Hòa Tú II', '947');
INSERT INTO services_district (id, name, city_id) VALUES ('948', 'Thị xã Ngã Năm', '94');
INSERT INTO services_ward (id, name, district_id) VALUES ('31732', 'Phường 1', '948');
INSERT INTO services_ward (id, name, district_id) VALUES ('31735', 'Phường 2', '948');
INSERT INTO services_ward (id, name, district_id) VALUES ('31738', 'Xã Vĩnh Quới', '948');
INSERT INTO services_ward (id, name, district_id) VALUES ('31741', 'Xã Tân Long', '948');
INSERT INTO services_ward (id, name, district_id) VALUES ('31744', 'Xã Long Bình', '948');
INSERT INTO services_ward (id, name, district_id) VALUES ('31747', 'Phường 3', '948');
INSERT INTO services_ward (id, name, district_id) VALUES ('31750', 'Xã Mỹ Bình', '948');
INSERT INTO services_ward (id, name, district_id) VALUES ('31753', 'Xã Mỹ Quới', '948');
INSERT INTO services_district (id, name, city_id) VALUES ('949', 'Huyện Thạnh Trị', '94');
INSERT INTO services_ward (id, name, district_id) VALUES ('31756', 'Thị trấn Phú Lộc', '949');
INSERT INTO services_ward (id, name, district_id) VALUES ('31757', 'Thị trấn Hưng Lợi', '949');
INSERT INTO services_ward (id, name, district_id) VALUES ('31759', 'Xã Lâm Tân', '949');
INSERT INTO services_ward (id, name, district_id) VALUES ('31762', 'Xã Thạnh Tân', '949');
INSERT INTO services_ward (id, name, district_id) VALUES ('31765', 'Xã Lâm Kiết', '949');
INSERT INTO services_ward (id, name, district_id) VALUES ('31768', 'Xã Tuân Tức', '949');
INSERT INTO services_ward (id, name, district_id) VALUES ('31771', 'Xã Vĩnh Thành', '949');
INSERT INTO services_ward (id, name, district_id) VALUES ('31774', 'Xã Thạnh Trị', '949');
INSERT INTO services_ward (id, name, district_id) VALUES ('31777', 'Xã Vĩnh Lợi', '949');
INSERT INTO services_ward (id, name, district_id) VALUES ('31780', 'Xã Châu Hưng', '949');
INSERT INTO services_district (id, name, city_id) VALUES ('950', 'Thị xã Vĩnh Châu', '94');
INSERT INTO services_ward (id, name, district_id) VALUES ('31783', 'Phường 1', '950');
INSERT INTO services_ward (id, name, district_id) VALUES ('31786', 'Xã Hòa Đông', '950');
INSERT INTO services_ward (id, name, district_id) VALUES ('31789', 'Phường Khánh Hòa', '950');
INSERT INTO services_ward (id, name, district_id) VALUES ('31792', 'Xã Vĩnh Hiệp', '950');
INSERT INTO services_ward (id, name, district_id) VALUES ('31795', 'Xã Vĩnh Hải', '950');
INSERT INTO services_ward (id, name, district_id) VALUES ('31798', 'Xã Lạc Hòa', '950');
INSERT INTO services_ward (id, name, district_id) VALUES ('31801', 'Phường 2', '950');
INSERT INTO services_ward (id, name, district_id) VALUES ('31804', 'Phường Vĩnh Phước', '950');
INSERT INTO services_ward (id, name, district_id) VALUES ('31807', 'Xã Vĩnh Tân', '950');
INSERT INTO services_ward (id, name, district_id) VALUES ('31810', 'Xã Lai Hòa', '950');
INSERT INTO services_district (id, name, city_id) VALUES ('951', 'Huyện Trần Đề', '94');
INSERT INTO services_ward (id, name, district_id) VALUES ('31672', 'Xã Đại Ân 2', '951');
INSERT INTO services_ward (id, name, district_id) VALUES ('31673', 'Thị trấn Trần Đề', '951');
INSERT INTO services_ward (id, name, district_id) VALUES ('31675', 'Xã Liêu Tú', '951');
INSERT INTO services_ward (id, name, district_id) VALUES ('31678', 'Xã Lịch Hội Thượng', '951');
INSERT INTO services_ward (id, name, district_id) VALUES ('31679', 'Thị trấn Lịch Hội Thượng', '951');
INSERT INTO services_ward (id, name, district_id) VALUES ('31681', 'Xã Trung Bình', '951');
INSERT INTO services_ward (id, name, district_id) VALUES ('31687', 'Xã Tài Văn', '951');
INSERT INTO services_ward (id, name, district_id) VALUES ('31696', 'Xã Viên An', '951');
INSERT INTO services_ward (id, name, district_id) VALUES ('31699', 'Xã Thạnh Thới An', '951');
INSERT INTO services_ward (id, name, district_id) VALUES ('31702', 'Xã Thạnh Thới Thuận', '951');
INSERT INTO services_ward (id, name, district_id) VALUES ('31705', 'Xã Viên Bình', '951');
INSERT INTO services_city (id, name) VALUES ('95', 'Tỉnh Bạc Liêu');
INSERT INTO services_district (id, name, city_id) VALUES ('954', 'Thành phố Bạc Liêu', '95');
INSERT INTO services_ward (id, name, district_id) VALUES ('31813', 'Phường 2', '954');
INSERT INTO services_ward (id, name, district_id) VALUES ('31816', 'Phường 3', '954');
INSERT INTO services_ward (id, name, district_id) VALUES ('31819', 'Phường 5', '954');
INSERT INTO services_ward (id, name, district_id) VALUES ('31822', 'Phường 7', '954');
INSERT INTO services_ward (id, name, district_id) VALUES ('31825', 'Phường 1', '954');
INSERT INTO services_ward (id, name, district_id) VALUES ('31828', 'Phường 8', '954');
INSERT INTO services_ward (id, name, district_id) VALUES ('31831', 'Phường Nhà Mát', '954');
INSERT INTO services_ward (id, name, district_id) VALUES ('31834', 'Xã Vĩnh Trạch', '954');
INSERT INTO services_ward (id, name, district_id) VALUES ('31837', 'Xã Vĩnh Trạch Đông', '954');
INSERT INTO services_ward (id, name, district_id) VALUES ('31840', 'Xã Hiệp Thành', '954');
INSERT INTO services_district (id, name, city_id) VALUES ('956', 'Huyện Hồng Dân', '95');
INSERT INTO services_ward (id, name, district_id) VALUES ('31843', 'Thị trấn Ngan Dừa', '956');
INSERT INTO services_ward (id, name, district_id) VALUES ('31846', 'Xã Ninh Quới', '956');
INSERT INTO services_ward (id, name, district_id) VALUES ('31849', 'Xã Ninh Quới A', '956');
INSERT INTO services_ward (id, name, district_id) VALUES ('31852', 'Xã Ninh Hòa', '956');
INSERT INTO services_ward (id, name, district_id) VALUES ('31855', 'Xã Lộc Ninh', '956');
INSERT INTO services_ward (id, name, district_id) VALUES ('31858', 'Xã Vĩnh Lộc', '956');
INSERT INTO services_ward (id, name, district_id) VALUES ('31861', 'Xã Vĩnh Lộc A', '956');
INSERT INTO services_ward (id, name, district_id) VALUES ('31863', 'Xã Ninh Thạnh Lợi A', '956');
INSERT INTO services_ward (id, name, district_id) VALUES ('31864', 'Xã Ninh Thạnh Lợi', '956');
INSERT INTO services_district (id, name, city_id) VALUES ('957', 'Huyện Phước Long', '95');
INSERT INTO services_ward (id, name, district_id) VALUES ('31867', 'Thị trấn Phước Long', '957');
INSERT INTO services_ward (id, name, district_id) VALUES ('31870', 'Xã Vĩnh Phú Đông', '957');
INSERT INTO services_ward (id, name, district_id) VALUES ('31873', 'Xã Vĩnh Phú Tây', '957');
INSERT INTO services_ward (id, name, district_id) VALUES ('31876', 'Xã Phước Long', '957');
INSERT INTO services_ward (id, name, district_id) VALUES ('31879', 'Xã Hưng Phú', '957');
INSERT INTO services_ward (id, name, district_id) VALUES ('31882', 'Xã Vĩnh Thanh', '957');
INSERT INTO services_ward (id, name, district_id) VALUES ('31885', 'Xã Phong Thạnh Tây A', '957');
INSERT INTO services_ward (id, name, district_id) VALUES ('31888', 'Xã Phong Thạnh Tây B', '957');
INSERT INTO services_district (id, name, city_id) VALUES ('958', 'Huyện Vĩnh Lợi', '95');
INSERT INTO services_ward (id, name, district_id) VALUES ('31894', 'Xã Vĩnh Hưng', '958');
INSERT INTO services_ward (id, name, district_id) VALUES ('31897', 'Xã Vĩnh Hưng A', '958');
INSERT INTO services_ward (id, name, district_id) VALUES ('31900', 'Thị trấn Châu Hưng', '958');
INSERT INTO services_ward (id, name, district_id) VALUES ('31903', 'Xã Châu Hưng A', '958');
INSERT INTO services_ward (id, name, district_id) VALUES ('31906', 'Xã Hưng Thành', '958');
INSERT INTO services_ward (id, name, district_id) VALUES ('31909', 'Xã Hưng Hội', '958');
INSERT INTO services_ward (id, name, district_id) VALUES ('31912', 'Xã Châu Thới', '958');
INSERT INTO services_ward (id, name, district_id) VALUES ('31921', 'Xã Long Thạnh', '958');
INSERT INTO services_district (id, name, city_id) VALUES ('959', 'Thị xã Giá Rai', '95');
INSERT INTO services_ward (id, name, district_id) VALUES ('31942', 'Phường 1', '959');
INSERT INTO services_ward (id, name, district_id) VALUES ('31945', 'Phường Hộ Phòng', '959');
INSERT INTO services_ward (id, name, district_id) VALUES ('31948', 'Xã Phong Thạnh Đông', '959');
INSERT INTO services_ward (id, name, district_id) VALUES ('31951', 'Phường Láng Tròn', '959');
INSERT INTO services_ward (id, name, district_id) VALUES ('31954', 'Xã Phong Tân', '959');
INSERT INTO services_ward (id, name, district_id) VALUES ('31957', 'Xã Tân Phong', '959');
INSERT INTO services_ward (id, name, district_id) VALUES ('31960', 'Xã Phong Thạnh', '959');
INSERT INTO services_ward (id, name, district_id) VALUES ('31963', 'Xã Phong Thạnh A', '959');
INSERT INTO services_ward (id, name, district_id) VALUES ('31966', 'Xã Phong Thạnh Tây', '959');
INSERT INTO services_ward (id, name, district_id) VALUES ('31969', 'Xã Tân Thạnh', '959');
INSERT INTO services_district (id, name, city_id) VALUES ('960', 'Huyện Đông Hải', '95');
INSERT INTO services_ward (id, name, district_id) VALUES ('31972', 'Thị trấn Gành Hào', '960');
INSERT INTO services_ward (id, name, district_id) VALUES ('31975', 'Xã Long Điền Đông', '960');
INSERT INTO services_ward (id, name, district_id) VALUES ('31978', 'Xã Long Điền Đông A', '960');
INSERT INTO services_ward (id, name, district_id) VALUES ('31981', 'Xã Long Điền', '960');
INSERT INTO services_ward (id, name, district_id) VALUES ('31984', 'Xã Long Điền Tây', '960');
INSERT INTO services_ward (id, name, district_id) VALUES ('31985', 'Xã Điền Hải', '960');
INSERT INTO services_ward (id, name, district_id) VALUES ('31987', 'Xã An Trạch', '960');
INSERT INTO services_ward (id, name, district_id) VALUES ('31988', 'Xã An Trạch A', '960');
INSERT INTO services_ward (id, name, district_id) VALUES ('31990', 'Xã An Phúc', '960');
INSERT INTO services_ward (id, name, district_id) VALUES ('31993', 'Xã Định Thành', '960');
INSERT INTO services_ward (id, name, district_id) VALUES ('31996', 'Xã Định Thành A', '960');
INSERT INTO services_district (id, name, city_id) VALUES ('961', 'Huyện Hoà Bình', '95');
INSERT INTO services_ward (id, name, district_id) VALUES ('31891', 'Thị trấn Hòa Bình', '961');
INSERT INTO services_ward (id, name, district_id) VALUES ('31915', 'Xã Minh Diệu', '961');
INSERT INTO services_ward (id, name, district_id) VALUES ('31918', 'Xã Vĩnh Bình', '961');
INSERT INTO services_ward (id, name, district_id) VALUES ('31924', 'Xã Vĩnh Mỹ B', '961');
INSERT INTO services_ward (id, name, district_id) VALUES ('31927', 'Xã Vĩnh Hậu', '961');
INSERT INTO services_ward (id, name, district_id) VALUES ('31930', 'Xã Vĩnh Hậu A', '961');
INSERT INTO services_ward (id, name, district_id) VALUES ('31933', 'Xã Vĩnh Mỹ A', '961');
INSERT INTO services_ward (id, name, district_id) VALUES ('31936', 'Xã Vĩnh Thịnh', '961');
INSERT INTO services_city (id, name) VALUES ('96', 'Tỉnh Cà Mau');
INSERT INTO services_district (id, name, city_id) VALUES ('964', 'Thành phố Cà Mau', '96');
INSERT INTO services_ward (id, name, district_id) VALUES ('31999', 'Phường 9', '964');
INSERT INTO services_ward (id, name, district_id) VALUES ('32002', 'Phường 2', '964');
INSERT INTO services_ward (id, name, district_id) VALUES ('32005', 'Phường 1', '964');
INSERT INTO services_ward (id, name, district_id) VALUES ('32008', 'Phường 5', '964');
INSERT INTO services_ward (id, name, district_id) VALUES ('32014', 'Phường 8', '964');
INSERT INTO services_ward (id, name, district_id) VALUES ('32017', 'Phường 6', '964');
INSERT INTO services_ward (id, name, district_id) VALUES ('32020', 'Phường 7', '964');
INSERT INTO services_ward (id, name, district_id) VALUES ('32022', 'Phường Tân Xuyên', '964');
INSERT INTO services_ward (id, name, district_id) VALUES ('32023', 'Xã An Xuyên', '964');
INSERT INTO services_ward (id, name, district_id) VALUES ('32025', 'Phường Tân Thành', '964');
INSERT INTO services_ward (id, name, district_id) VALUES ('32026', 'Xã Tân Thành', '964');
INSERT INTO services_ward (id, name, district_id) VALUES ('32029', 'Xã Tắc Vân', '964');
INSERT INTO services_ward (id, name, district_id) VALUES ('32032', 'Xã Lý Văn Lâm', '964');
INSERT INTO services_ward (id, name, district_id) VALUES ('32035', 'Xã Định Bình', '964');
INSERT INTO services_ward (id, name, district_id) VALUES ('32038', 'Xã Hòa Thành', '964');
INSERT INTO services_ward (id, name, district_id) VALUES ('32041', 'Xã Hòa Tân', '964');
INSERT INTO services_district (id, name, city_id) VALUES ('966', 'Huyện U Minh', '96');
INSERT INTO services_ward (id, name, district_id) VALUES ('32044', 'Thị trấn U Minh', '966');
INSERT INTO services_ward (id, name, district_id) VALUES ('32047', 'Xã Khánh Hòa', '966');
INSERT INTO services_ward (id, name, district_id) VALUES ('32048', 'Xã Khánh Thuận', '966');
INSERT INTO services_ward (id, name, district_id) VALUES ('32050', 'Xã Khánh Tiến', '966');
INSERT INTO services_ward (id, name, district_id) VALUES ('32053', 'Xã Nguyễn Phích', '966');
INSERT INTO services_ward (id, name, district_id) VALUES ('32056', 'Xã Khánh Lâm', '966');
INSERT INTO services_ward (id, name, district_id) VALUES ('32059', 'Xã Khánh An', '966');
INSERT INTO services_ward (id, name, district_id) VALUES ('32062', 'Xã Khánh Hội', '966');
INSERT INTO services_district (id, name, city_id) VALUES ('967', 'Huyện Thới Bình', '96');
INSERT INTO services_ward (id, name, district_id) VALUES ('32065', 'Thị trấn Thới Bình', '967');
INSERT INTO services_ward (id, name, district_id) VALUES ('32068', 'Xã Biển Bạch', '967');
INSERT INTO services_ward (id, name, district_id) VALUES ('32069', 'Xã Tân Bằng', '967');
INSERT INTO services_ward (id, name, district_id) VALUES ('32071', 'Xã Trí Phải', '967');
INSERT INTO services_ward (id, name, district_id) VALUES ('32072', 'Xã Trí Lực', '967');
INSERT INTO services_ward (id, name, district_id) VALUES ('32074', 'Xã Biển Bạch Đông', '967');
INSERT INTO services_ward (id, name, district_id) VALUES ('32077', 'Xã Thới Bình', '967');
INSERT INTO services_ward (id, name, district_id) VALUES ('32080', 'Xã Tân Phú', '967');
INSERT INTO services_ward (id, name, district_id) VALUES ('32083', 'Xã Tân Lộc Bắc', '967');
INSERT INTO services_ward (id, name, district_id) VALUES ('32086', 'Xã Tân Lộc', '967');
INSERT INTO services_ward (id, name, district_id) VALUES ('32089', 'Xã Tân Lộc Đông', '967');
INSERT INTO services_ward (id, name, district_id) VALUES ('32092', 'Xã Hồ Thị Kỷ', '967');
INSERT INTO services_district (id, name, city_id) VALUES ('968', 'Huyện Trần Văn Thời', '96');
INSERT INTO services_ward (id, name, district_id) VALUES ('32095', 'Thị trấn Trần Văn Thời', '968');
INSERT INTO services_ward (id, name, district_id) VALUES ('32098', 'Thị trấn Sông Đốc', '968');
INSERT INTO services_ward (id, name, district_id) VALUES ('32101', 'Xã Khánh Bình Tây Bắc', '968');
INSERT INTO services_ward (id, name, district_id) VALUES ('32104', 'Xã Khánh Bình Tây', '968');
INSERT INTO services_ward (id, name, district_id) VALUES ('32107', 'Xã Trần Hợi', '968');
INSERT INTO services_ward (id, name, district_id) VALUES ('32108', 'Xã Khánh Lộc', '968');
INSERT INTO services_ward (id, name, district_id) VALUES ('32110', 'Xã Khánh Bình', '968');
INSERT INTO services_ward (id, name, district_id) VALUES ('32113', 'Xã Khánh Hưng', '968');
INSERT INTO services_ward (id, name, district_id) VALUES ('32116', 'Xã Khánh Bình Đông', '968');
INSERT INTO services_ward (id, name, district_id) VALUES ('32119', 'Xã Khánh Hải', '968');
INSERT INTO services_ward (id, name, district_id) VALUES ('32122', 'Xã Lợi An', '968');
INSERT INTO services_ward (id, name, district_id) VALUES ('32124', 'Xã Phong Điền', '968');
INSERT INTO services_ward (id, name, district_id) VALUES ('32125', 'Xã Phong Lạc', '968');
INSERT INTO services_district (id, name, city_id) VALUES ('969', 'Huyện Cái Nước', '96');
INSERT INTO services_ward (id, name, district_id) VALUES ('32128', 'Thị trấn Cái Nước', '969');
INSERT INTO services_ward (id, name, district_id) VALUES ('32130', 'Xã Thạnh Phú', '969');
INSERT INTO services_ward (id, name, district_id) VALUES ('32131', 'Xã Lương Thế Trân', '969');
INSERT INTO services_ward (id, name, district_id) VALUES ('32134', 'Xã Phú Hưng', '969');
INSERT INTO services_ward (id, name, district_id) VALUES ('32137', 'Xã Tân Hưng', '969');
INSERT INTO services_ward (id, name, district_id) VALUES ('32140', 'Xã Hưng Mỹ', '969');
INSERT INTO services_ward (id, name, district_id) VALUES ('32141', 'Xã Hoà Mỹ', '969');
INSERT INTO services_ward (id, name, district_id) VALUES ('32142', 'Xã Đông Hưng', '969');
INSERT INTO services_ward (id, name, district_id) VALUES ('32143', 'Xã Đông Thới', '969');
INSERT INTO services_ward (id, name, district_id) VALUES ('32146', 'Xã Tân Hưng Đông', '969');
INSERT INTO services_ward (id, name, district_id) VALUES ('32149', 'Xã Trần Thới', '969');
INSERT INTO services_district (id, name, city_id) VALUES ('970', 'Huyện Đầm Dơi', '96');
INSERT INTO services_ward (id, name, district_id) VALUES ('32152', 'Thị trấn Đầm Dơi', '970');
INSERT INTO services_ward (id, name, district_id) VALUES ('32155', 'Xã Tạ An Khương', '970');
INSERT INTO services_ward (id, name, district_id) VALUES ('32158', 'Xã Tạ An Khương Đông', '970');
INSERT INTO services_ward (id, name, district_id) VALUES ('32161', 'Xã Trần Phán', '970');
INSERT INTO services_ward (id, name, district_id) VALUES ('32162', 'Xã Tân Trung', '970');
INSERT INTO services_ward (id, name, district_id) VALUES ('32164', 'Xã Tân Đức', '970');
INSERT INTO services_ward (id, name, district_id) VALUES ('32167', 'Xã Tân Thuận', '970');
INSERT INTO services_ward (id, name, district_id) VALUES ('32170', 'Xã Tạ An Khương Nam', '970');
INSERT INTO services_ward (id, name, district_id) VALUES ('32173', 'Xã Tân Duyệt', '970');
INSERT INTO services_ward (id, name, district_id) VALUES ('32174', 'Xã Tân Dân', '970');
INSERT INTO services_ward (id, name, district_id) VALUES ('32176', 'Xã Tân Tiến', '970');
INSERT INTO services_ward (id, name, district_id) VALUES ('32179', 'Xã Quách Phẩm Bắc', '970');
INSERT INTO services_ward (id, name, district_id) VALUES ('32182', 'Xã Quách Phẩm', '970');
INSERT INTO services_ward (id, name, district_id) VALUES ('32185', 'Xã Thanh Tùng', '970');
INSERT INTO services_ward (id, name, district_id) VALUES ('32186', 'Xã Ngọc Chánh', '970');
INSERT INTO services_ward (id, name, district_id) VALUES ('32188', 'Xã Nguyễn Huân', '970');
INSERT INTO services_district (id, name, city_id) VALUES ('971', 'Huyện Năm Căn', '96');
INSERT INTO services_ward (id, name, district_id) VALUES ('32191', 'Thị trấn Năm Căn', '971');
INSERT INTO services_ward (id, name, district_id) VALUES ('32194', 'Xã Hàm Rồng', '971');
INSERT INTO services_ward (id, name, district_id) VALUES ('32197', 'Xã Hiệp Tùng', '971');
INSERT INTO services_ward (id, name, district_id) VALUES ('32200', 'Xã Đất Mới', '971');
INSERT INTO services_ward (id, name, district_id) VALUES ('32201', 'Xã Lâm Hải', '971');
INSERT INTO services_ward (id, name, district_id) VALUES ('32203', 'Xã Hàng Vịnh', '971');
INSERT INTO services_ward (id, name, district_id) VALUES ('32206', 'Xã Tam Giang', '971');
INSERT INTO services_ward (id, name, district_id) VALUES ('32209', 'Xã Tam Giang Đông', '971');
INSERT INTO services_district (id, name, city_id) VALUES ('972', 'Huyện Phú Tân', '96');
INSERT INTO services_ward (id, name, district_id) VALUES ('32221', 'Xã Tân Hải', '972');
INSERT INTO services_ward (id, name, district_id) VALUES ('32212', 'Thị trấn Cái Đôi Vàm', '972');
INSERT INTO services_ward (id, name, district_id) VALUES ('32214', 'Xã Phú Thuận', '972');
INSERT INTO services_ward (id, name, district_id) VALUES ('32215', 'Xã Phú Mỹ', '972');
INSERT INTO services_ward (id, name, district_id) VALUES ('32218', 'Xã Phú Tân', '972');
INSERT INTO services_ward (id, name, district_id) VALUES ('32224', 'Xã Việt Thắng', '972');
INSERT INTO services_ward (id, name, district_id) VALUES ('32227', 'Xã Tân Hưng Tây', '972');
INSERT INTO services_ward (id, name, district_id) VALUES ('32228', 'Xã Rạch Chèo', '972');
INSERT INTO services_ward (id, name, district_id) VALUES ('32230', 'Xã Nguyễn Việt Khái', '972');
INSERT INTO services_district (id, name, city_id) VALUES ('973', 'Huyện Ngọc Hiển', '96');
INSERT INTO services_ward (id, name, district_id) VALUES ('32233', 'Xã Tam Giang Tây', '973');
INSERT INTO services_ward (id, name, district_id) VALUES ('32236', 'Xã Tân Ân Tây', '973');
INSERT INTO services_ward (id, name, district_id) VALUES ('32239', 'Xã Viên An Đông', '973');
INSERT INTO services_ward (id, name, district_id) VALUES ('32242', 'Xã Viên An', '973');
INSERT INTO services_ward (id, name, district_id) VALUES ('32244', 'Thị trấn Rạch Gốc', '973');
INSERT INTO services_ward (id, name, district_id) VALUES ('32245', 'Xã Tân Ân', '973');
INSERT INTO services_ward (id, name, district_id) VALUES ('32248', 'Xã Đất Mũi', '973');

SET FOREIGN_KEY_CHECKS=1;
